student_id,profile,preferred_domain,courses_enrolled,lessons_completed,completion_rate,quiz_attempts,average_quiz_score,total_study_time,weekly_sessions,learning_streak,preferred_difficulty,recommended_course,risk_level
1,Casual Learner,Programming,3,22,57,5,63,353,4,22,Intermediate,Object-Oriented Programming,Medium
2,Casual Learner,Programming,2,17,56,5,60,323,2,25,Intermediate,Web Development,Medium
3,Casual Learner,DSA,3,33,58,4,65,358,3,15,Intermediate,Database Systems,Medium
4,Consistent Learner,Operating Systems,4,38,77,11,78,583,5,58,Intermediate,Database Systems,Low
5,Struggling Student,Computer Networks,2,13,23,5,42,130,2,6,Beginner,Programming Fundamentals,High
6,Consistent Learner,Programming,3,42,84,8,82,451,5,37,Intermediate,Machine Learning,Low
7,Casual Learner,Database,2,26,61,5,68,359,4,25,Intermediate,Object-Oriented Programming,Medium
8,Casual Learner,DSA,2,20,64,7,68,343,4,22,Intermediate,Object-Oriented Programming,Medium
9,Casual Learner,Operating Systems,2,22,51,6,72,248,2,11,Intermediate,Computer Networks,Medium
10,Struggling Student,Database,1,15,35,5,60,118,1,5,Beginner,Object-Oriented Programming,High
11,Consistent Learner,Machine Learning,4,53,88,12,87,585,4,28,Intermediate,Operating Systems,Low
12,Casual Learner,Operating Systems,2,18,54,5,73,332,2,17,Intermediate,Database Systems,Medium
13,Casual Learner,Web Development,3,32,50,4,68,376,4,15,Intermediate,Object-Oriented Programming,Medium
14,Consistent Learner,DSA,4,35,83,12,80,659,4,60,Intermediate,Machine Learning,Low
15,Struggling Student,Machine Learning,1,7,31,3,57,159,1,6,Beginner,Introduction to C++,High
16,High Achiever,Database,5,62,90,15,97,1184,6,50,Advanced,Advanced Algorithms,Low
17,Casual Learner,Programming,2,19,71,7,65,247,4,24,Intermediate,Database Systems,Medium
18,Inactive Student,Machine Learning,1,5,6,2,19,25,1,1,Beginner,Programming Fundamentals,High
19,Casual Learner,DSA,2,17,60,4,67,330,2,5,Intermediate,Object-Oriented Programming,Medium
20,Struggling Student,Programming,1,6,48,2,50,69,1,5,Beginner,Programming Fundamentals,High
21,Casual Learner,Machine Learning,2,33,68,7,67,380,3,18,Intermediate,Object-Oriented Programming,Medium
22,High Achiever,Computer Networks,5,66,96,18,95,1142,6,52,Advanced,Machine Learning,Low
23,Casual Learner,Database,2,22,56,5,74,215,3,10,Intermediate,Database Systems,Medium
24,Casual Learner,Operating Systems,2,29,75,8,63,192,4,22,Intermediate,Object-Oriented Programming,Medium
25,Inactive Student,Operating Systems,1,1,5,1,31,30,0,1,Beginner,Programming Basics,High
26,Consistent Learner,Programming,4,43,89,10,88,684,6,51,Intermediate,Algorithms,Low
27,Consistent Learner,DSA,3,53,76,13,85,429,4,57,Intermediate,Machine Learning,Low
28,Casual Learner,Operating Systems,2,16,66,4,65,197,4,7,Intermediate,Web Development,Medium
29,Struggling Student,Web Development,1,14,27,6,59,65,1,7,Beginner,Programming Fundamentals,High
30,Casual Learner,Machine Learning,3,23,56,6,67,247,3,9,Intermediate,Web Development,Medium
31,Casual Learner,Web Development,3,17,50,7,63,198,4,11,Intermediate,Web Development,Medium
32,Consistent Learner,Database,3,42,86,10,80,624,6,39,Intermediate,Operating Systems,Low
33,Inactive Student,Operating Systems,1,5,16,0,35,19,0,0,Beginner,Introduction to C++,High
34,High Achiever,Programming,4,63,94,15,99,875,6,73,Advanced,Advanced Algorithms,Low
35,Casual Learner,Operating Systems,2,17,70,7,68,191,2,15,Intermediate,Object-Oriented Programming,Medium
36,Casual Learner,Database,2,29,67,7,60,208,2,9,Intermediate,Web Development,Medium
37,High Achiever,Database,4,68,92,12,92,886,6,85,Advanced,Machine Learning,Low
38,Casual Learner,Computer Networks,2,26,74,8,73,338,4,9,Intermediate,Data Structures,Medium
39,Struggling Student,Operating Systems,1,11,20,3,50,160,2,4,Beginner,Introduction to C++,High
40,Consistent Learner,Computer Networks,3,47,76,14,90,513,4,49,Intermediate,Deep Learning,Low
41,Consistent Learner,Operating Systems,3,42,75,13,81,604,5,37,Intermediate,Algorithms,Low
42,Inactive Student,Database,1,2,20,2,25,43,1,0,Beginner,Programming Basics,High
43,Struggling Student,Database,1,14,50,4,41,73,2,6,Beginner,Programming Fundamentals,High
44,Struggling Student,Web Development,1,11,48,6,46,92,1,7,Beginner,Programming Basics,High
45,Casual Learner,Operating Systems,2,26,63,4,70,339,3,8,Intermediate,Computer Networks,Medium
46,Inactive Student,Machine Learning,1,2,13,1,25,44,1,2,Beginner,Programming Basics,High
47,Consistent Learner,Computer Networks,4,40,84,11,75,555,5,33,Intermediate,Database Systems,Low
48,Struggling Student,Machine Learning,2,12,34,5,46,125,2,3,Beginner,Programming Fundamentals,High
49,High Achiever,Machine Learning,5,57,93,16,91,1112,6,58,Advanced,Machine Learning,Low
50,High Achiever,Web Development,4,69,96,15,99,1056,7,103,Advanced,Deep Learning,Low
51,Consistent Learner,Computer Networks,3,38,88,9,80,665,5,23,Intermediate,Operating Systems,Low
52,Consistent Learner,Operating Systems,3,49,79,14,89,671,6,58,Intermediate,Machine Learning,Low
53,Inactive Student,Web Development,1,4,16,1,35,28,0,2,Beginner,Introduction to C++,High
54,Casual Learner,Operating Systems,2,35,58,8,75,340,2,13,Intermediate,Database Systems,Medium
55,High Achiever,Database,4,63,95,17,96,741,6,59,Advanced,Machine Learning,Low
56,Consistent Learner,DSA,3,37,88,11,85,677,5,46,Intermediate,Algorithms,Low
57,Consistent Learner,Web Development,4,53,75,14,87,644,4,42,Intermediate,Machine Learning,Low
58,Struggling Student,Operating Systems,2,13,43,6,59,174,1,8,Beginner,Programming Basics,High
59,Consistent Learner,Web Development,3,47,85,13,87,484,5,28,Intermediate,Operating Systems,Low
60,Casual Learner,Web Development,2,17,70,7,64,298,2,6,Intermediate,Database Systems,Medium
61,Consistent Learner,DSA,4,45,85,14,87,542,5,36,Intermediate,Algorithms,Low
62,Casual Learner,Computer Networks,2,26,57,4,61,373,2,12,Intermediate,Object-Oriented Programming,Medium
63,Struggling Student,Machine Learning,1,8,24,5,43,132,1,8,Beginner,Programming Fundamentals,High
64,Consistent Learner,Database,3,54,78,14,80,559,4,57,Intermediate,Algorithms,Low
65,Inactive Student,Machine Learning,1,5,12,1,12,4,0,0,Beginner,Programming Fundamentals,High
66,Struggling Student,Operating Systems,1,17,38,2,51,128,2,6,Beginner,Programming Basics,High
67,Casual Learner,Database,2,28,65,4,73,272,4,19,Intermediate,Computer Networks,Medium
68,Consistent Learner,DSA,4,54,90,11,88,537,5,35,Intermediate,Algorithms,Low
69,Consistent Learner,Web Development,3,49,87,10,75,653,5,31,Intermediate,Database Systems,Low
70,Consistent Learner,Operating Systems,4,45,83,12,83,684,4,53,Intermediate,Algorithms,Low
71,High Achiever,Computer Networks,5,70,98,15,99,943,7,97,Advanced,Machine Learning,Low
72,High Achiever,DSA,5,77,93,16,98,997,7,100,Advanced,Advanced Algorithms,Low
73,Casual Learner,Web Development,3,26,72,7,68,258,3,12,Intermediate,Object-Oriented Programming,Medium
74,Struggling Student,Database,1,16,37,3,46,87,2,5,Beginner,Programming Fundamentals,High
75,Casual Learner,Operating Systems,3,18,56,6,67,272,2,14,Intermediate,Object-Oriented Programming,Medium
76,Struggling Student,DSA,2,5,21,6,49,149,1,8,Beginner,Programming Basics,High
77,Struggling Student,Machine Learning,2,12,35,5,50,83,1,5,Beginner,Introduction to C++,High
78,High Achiever,Programming,5,70,91,12,90,776,7,50,Advanced,Machine Learning,Low
79,High Achiever,Operating Systems,5,74,99,15,100,967,7,97,Advanced,Deep Learning,Low
80,Consistent Learner,Machine Learning,4,44,76,12,78,506,6,33,Intermediate,Database Systems,Low
81,Casual Learner,DSA,2,20,67,4,65,180,3,19,Intermediate,Web Development,Medium
82,Casual Learner,Database,2,22,59,6,74,198,4,12,Intermediate,Database Systems,Medium
83,Struggling Student,Computer Networks,1,11,23,6,47,142,1,5,Beginner,Programming Basics,High
84,High Achiever,DSA,5,74,99,16,95,763,7,78,Advanced,Advanced Algorithms,Low
85,Casual Learner,Database,3,29,52,8,61,290,4,15,Intermediate,Web Development,Medium
86,Consistent Learner,Programming,3,53,75,14,83,695,4,31,Intermediate,Machine Learning,Low
87,Casual Learner,Web Development,3,20,68,7,75,203,3,16,Intermediate,Database Systems,Medium
88,Consistent Learner,Computer Networks,3,40,85,11,90,547,6,45,Intermediate,Advanced Algorithms,Low
89,High Achiever,Programming,5,63,95,13,100,906,6,109,Advanced,Deep Learning,Low
90,Casual Learner,DSA,3,34,74,7,74,374,2,11,Intermediate,Database Systems,Medium
91,Casual Learner,Database,3,30,53,4,67,361,2,14,Intermediate,Web Development,Medium
92,High Achiever,Web Development,4,62,91,19,89,1031,6,103,Advanced,Operating Systems,Low
93,Consistent Learner,Computer Networks,4,48,90,11,82,633,6,29,Intermediate,Machine Learning,Low
94,Consistent Learner,Machine Learning,3,37,83,14,88,574,6,37,Intermediate,Algorithms,Low
95,Consistent Learner,Database,4,39,89,12,90,576,5,55,Intermediate,Advanced Algorithms,Low
96,Consistent Learner,Database,3,42,87,9,88,422,5,50,Intermediate,Operating Systems,Low
97,Inactive Student,Web Development,1,3,20,0,31,2,0,2,Beginner,Programming Fundamentals,High
98,Consistent Learner,Programming,4,38,89,8,79,609,6,29,Intermediate,Data Structures,Low
99,Casual Learner,Database,3,34,72,7,62,398,3,22,Intermediate,Database Systems,Medium
100,Inactive Student,Computer Networks,1,5,15,2,2,39,0,0,Beginner,Programming Fundamentals,High
101,Casual Learner,Database,2,17,63,4,63,293,2,14,Intermediate,Object-Oriented Programming,Medium
102,High Achiever,Operating Systems,4,64,95,17,94,774,6,107,Advanced,Deep Learning,Low
103,Casual Learner,Operating Systems,2,20,55,4,72,338,4,12,Intermediate,Database Systems,Medium
104,Inactive Student,DSA,1,1,14,2,16,29,1,2,Beginner,Programming Basics,High
105,Struggling Student,Web Development,2,15,37,3,42,116,2,5,Beginner,Programming Fundamentals,High
106,Inactive Student,Computer Networks,1,2,14,1,12,24,1,0,Beginner,Programming Basics,High
107,Consistent Learner,Database,4,44,75,14,87,540,4,56,Intermediate,Operating Systems,Low
108,Struggling Student,Programming,2,18,48,4,47,137,2,4,Beginner,Programming Fundamentals,High
109,Consistent Learner,Database,3,55,78,13,76,558,5,22,Intermediate,Computer Networks,Low
110,Consistent Learner,DSA,3,44,85,13,88,489,4,28,Intermediate,Operating Systems,Low
111,Struggling Student,Database,2,18,25,4,55,163,2,6,Beginner,Programming Basics,High
112,Casual Learner,Programming,2,22,71,7,71,203,3,5,Intermediate,Database Systems,Medium
113,Casual Learner,Web Development,3,23,68,7,71,207,4,12,Intermediate,Database Systems,Medium
114,High Achiever,Machine Learning,5,74,93,13,98,1121,7,78,Advanced,Advanced Algorithms,Low
115,Casual Learner,DSA,2,16,59,7,63,204,2,22,Intermediate,Object-Oriented Programming,Medium
116,Consistent Learner,Database,4,53,79,11,78,650,6,46,Intermediate,Database Systems,Low
117,High Achiever,Database,4,69,97,15,93,750,7,109,Advanced,Advanced Algorithms,Low
118,Consistent Learner,Web Development,4,41,78,14,89,446,6,33,Intermediate,Operating Systems,Low
119,Casual Learner,Programming,2,25,57,5,66,197,4,11,Intermediate,Web Development,Medium
120,Consistent Learner,Operating Systems,3,45,79,14,75,541,4,28,Intermediate,Computer Networks,Low
121,Consistent Learner,DSA,3,35,79,8,86,521,6,40,Intermediate,Algorithms,Low
122,Consistent Learner,Programming,3,48,78,13,77,643,5,43,Intermediate,Computer Networks,Low
123,Casual Learner,Web Development,2,34,51,8,69,297,4,5,Intermediate,Object-Oriented Programming,Medium
124,Inactive Student,Operating Systems,1,3,13,2,6,31,1,0,Beginner,Programming Basics,High
125,Consistent Learner,DSA,3,39,83,12,85,595,6,53,Intermediate,Machine Learning,Low
126,Casual Learner,Machine Learning,3,18,75,4,66,290,3,12,Intermediate,Database Systems,Medium
127,Consistent Learner,Web Development,4,48,78,10,88,560,6,36,Intermediate,Machine Learning,Low
128,Inactive Student,Computer Networks,1,3,2,0,5,5,1,0,Beginner,Programming Fundamentals,High
129,Struggling Student,Operating Systems,1,13,21,6,57,131,2,2,Beginner,Introduction to C++,High
130,Consistent Learner,Computer Networks,4,36,84,12,84,580,4,56,Intermediate,Operating Systems,Low
131,Consistent Learner,Computer Networks,4,42,78,10,86,458,5,56,Intermediate,Algorithms,Low
132,Struggling Student,Operating Systems,1,14,49,4,40,83,2,5,Beginner,Introduction to C++,High
133,Consistent Learner,DSA,3,53,87,8,79,415,4,53,Intermediate,Data Structures,Low
134,Consistent Learner,Web Development,4,40,86,10,85,690,6,25,Intermediate,Algorithms,Low
135,Consistent Learner,Operating Systems,3,37,83,11,88,648,6,48,Intermediate,Machine Learning,Low
136,Consistent Learner,Operating Systems,3,46,88,8,84,649,6,39,Intermediate,Algorithms,Low
137,Consistent Learner,Machine Learning,3,35,81,10,81,470,5,38,Intermediate,Machine Learning,Low
138,High Achiever,Web Development,5,60,92,18,96,1060,6,104,Advanced,Advanced Algorithms,Low
139,Struggling Student,Operating Systems,2,6,32,2,53,62,2,2,Beginner,Introduction to C++,High
140,Casual Learner,Machine Learning,3,35,63,6,63,283,2,15,Intermediate,Object-Oriented Programming,Medium
141,Struggling Student,Machine Learning,2,18,42,4,42,115,1,4,Beginner,Introduction to C++,High
142,Casual Learner,Machine Learning,2,27,59,6,67,265,2,7,Intermediate,Web Development,Medium
143,Casual Learner,Machine Learning,2,26,61,5,67,206,2,13,Intermediate,Object-Oriented Programming,Medium
144,Consistent Learner,DSA,3,40,90,11,89,689,6,60,Intermediate,Operating Systems,Low
145,Consistent Learner,Computer Networks,4,39,89,8,90,626,6,39,Intermediate,Deep Learning,Low
146,Casual Learner,Database,2,24,64,7,61,194,3,14,Intermediate,Object-Oriented Programming,Medium
147,Casual Learner,Operating Systems,2,34,69,8,72,298,4,22,Intermediate,Computer Networks,Medium
148,Struggling Student,Web Development,1,10,39,5,56,79,1,8,Beginner,Programming Basics,High
149,Struggling Student,Operating Systems,2,16,22,6,60,82,1,4,Beginner,Web Development,High
150,Casual Learner,Web Development,2,26,61,6,72,284,3,24,Intermediate,Data Structures,Medium
151,Struggling Student,Computer Networks,2,6,30,2,57,146,2,5,Beginner,Introduction to C++,High
152,Struggling Student,Computer Networks,1,10,22,6,44,177,2,5,Beginner,Programming Fundamentals,High
153,Casual Learner,Web Development,2,34,72,4,69,323,3,25,Intermediate,Database Systems,Medium
154,Struggling Student,Computer Networks,1,15,41,5,56,106,1,6,Beginner,Introduction to C++,High
155,Consistent Learner,DSA,4,50,81,9,79,479,4,38,Intermediate,Data Structures,Low
156,Casual Learner,Machine Learning,2,25,74,8,64,332,3,9,Intermediate,Object-Oriented Programming,Medium
157,Consistent Learner,Computer Networks,3,49,76,11,86,521,5,59,Intermediate,Machine Learning,Low
158,Struggling Student,Operating Systems,2,8,37,3,49,163,2,4,Beginner,Introduction to C++,High
159,Casual Learner,Machine Learning,3,29,74,6,72,308,4,18,Intermediate,Data Structures,Medium
160,Struggling Student,Operating Systems,1,18,28,2,60,121,2,2,Beginner,Web Development,High
161,Struggling Student,Operating Systems,1,9,22,3,48,117,1,7,Beginner,Programming Basics,High
162,Inactive Student,DSA,1,3,11,0,26,3,1,2,Beginner,Introduction to C++,High
163,Consistent Learner,Programming,4,42,75,10,78,571,4,28,Intermediate,Data Structures,Low
164,Consistent Learner,Operating Systems,4,39,90,11,75,440,4,36,Intermediate,Data Structures,Low
165,Struggling Student,Machine Learning,2,6,44,4,47,98,1,1,Beginner,Programming Basics,High
166,Casual Learner,Operating Systems,3,17,53,7,60,341,4,23,Intermediate,Object-Oriented Programming,Medium
167,Struggling Student,Database,2,5,39,4,47,133,2,3,Beginner,Programming Fundamentals,High
168,Casual Learner,Machine Learning,3,17,66,8,60,279,3,6,Intermediate,Web Development,Medium
169,Consistent Learner,Database,4,35,86,14,77,576,4,60,Intermediate,Data Structures,Low
170,Struggling Student,Computer Networks,2,7,21,4,57,103,1,8,Beginner,Programming Fundamentals,High
171,Casual Learner,DSA,2,17,72,7,61,255,2,6,Intermediate,Object-Oriented Programming,Medium
172,Struggling Student,Database,2,13,32,6,55,92,1,4,Beginner,Introduction to C++,High
173,Consistent Learner,Operating Systems,3,55,85,10,78,588,5,45,Intermediate,Computer Networks,Low
174,Casual Learner,Web Development,3,20,65,7,71,384,4,13,Intermediate,Data Structures,Medium
175,Struggling Student,Programming,2,14,46,3,57,97,2,2,Beginner,Programming Basics,High
176,Consistent Learner,Database,4,49,88,9,89,579,5,22,Intermediate,Operating Systems,Low
177,Struggling Student,Database,2,9,40,2,42,145,2,6,Beginner,Programming Fundamentals,High
178,Struggling Student,Computer Networks,1,5,24,6,54,64,1,2,Beginner,Programming Basics,High
179,Struggling Student,Database,2,11,50,6,41,137,1,8,Beginner,Introduction to C++,High
180,Consistent Learner,Operating Systems,3,53,79,12,86,603,5,37,Intermediate,Algorithms,Low
181,Inactive Student,Programming,1,5,5,1,33,24,0,1,Beginner,Introduction to C++,High
182,Struggling Student,DSA,2,16,49,5,46,75,1,2,Beginner,Introduction to C++,High
183,Consistent Learner,Computer Networks,4,37,85,13,86,433,6,54,Intermediate,Machine Learning,Low
184,Struggling Student,Operating Systems,1,16,42,3,51,125,1,2,Beginner,Programming Basics,High
185,Struggling Student,DSA,2,5,31,6,58,107,2,3,Beginner,Programming Fundamentals,High
186,Struggling Student,Programming,2,11,42,5,56,112,2,2,Beginner,Programming Basics,High
187,Inactive Student,Computer Networks,1,0,14,1,33,22,0,2,Beginner,Programming Fundamentals,High
188,Casual Learner,Operating Systems,2,28,66,4,63,312,2,14,Intermediate,Object-Oriented Programming,Medium
189,Consistent Learner,Computer Networks,3,46,84,14,77,528,4,60,Intermediate,Computer Networks,Low
190,Consistent Learner,Computer Networks,4,54,77,12,80,697,4,30,Intermediate,Operating Systems,Low
191,Casual Learner,Machine Learning,3,33,51,4,62,191,4,23,Intermediate,Database Systems,Medium
192,Casual Learner,Operating Systems,3,34,70,4,75,340,4,14,Intermediate,Computer Networks,Medium
193,Inactive Student,Web Development,1,1,12,1,29,4,0,0,Beginner,Introduction to C++,High
194,Casual Learner,Web Development,2,25,69,5,70,400,4,15,Intermediate,Computer Networks,Medium
195,Inactive Student,Database,1,3,4,1,32,35,0,1,Beginner,Programming Basics,High
196,Casual Learner,Database,3,22,54,4,61,254,3,24,Intermediate,Database Systems,Medium
197,Consistent Learner,Operating Systems,3,45,85,9,80,655,6,49,Intermediate,Machine Learning,Low
198,Struggling Student,Web Development,1,6,50,5,56,118,1,4,Beginner,Programming Fundamentals,High
199,Consistent Learner,Programming,4,50,90,10,75,455,5,28,Intermediate,Database Systems,Low
200,Struggling Student,Operating Systems,2,10,21,5,41,132,1,6,Beginner,Programming Fundamentals,High
201,Consistent Learner,Web Development,4,52,83,14,78,465,4,45,Intermediate,Database Systems,Low
202,Struggling Student,Database,2,17,24,3,59,125,2,1,Beginner,Programming Basics,High
203,High Achiever,Computer Networks,5,80,97,20,95,776,6,81,Advanced,Advanced Algorithms,Low
204,Consistent Learner,Web Development,4,53,85,12,90,688,5,50,Intermediate,Machine Learning,Low
205,Consistent Learner,Computer Networks,3,48,84,14,75,642,5,57,Intermediate,Computer Networks,Low
206,Consistent Learner,Programming,4,40,87,9,82,416,6,27,Intermediate,Algorithms,Low
207,High Achiever,Database,5,59,96,15,94,956,7,47,Advanced,Advanced Algorithms,Low
208,High Achiever,DSA,5,76,97,20,94,860,6,98,Advanced,Advanced Algorithms,Low
209,Consistent Learner,Database,4,54,90,9,82,542,6,39,Intermediate,Algorithms,Low
210,Inactive Student,Database,1,2,6,2,31,20,1,1,Beginner,Programming Fundamentals,High
211,Inactive Student,Operating Systems,1,5,8,1,7,36,1,1,Beginner,Introduction to C++,High
212,Inactive Student,Operating Systems,1,1,9,0,18,45,0,1,Beginner,Introduction to C++,High
213,Casual Learner,Computer Networks,3,21,56,8,68,323,4,13,Intermediate,Object-Oriented Programming,Medium
214,High Achiever,Computer Networks,4,62,90,20,91,1026,6,46,Advanced,Machine Learning,Low
215,Casual Learner,Computer Networks,3,18,71,5,60,320,2,18,Intermediate,Web Development,Medium
216,Inactive Student,Web Development,1,3,20,0,18,20,1,2,Beginner,Programming Basics,High
217,Inactive Student,Programming,1,5,18,0,34,47,0,0,Beginner,Introduction to C++,High
218,Struggling Student,DSA,1,18,32,5,45,179,2,1,Beginner,Programming Basics,High
219,Consistent Learner,Machine Learning,3,45,84,11,90,468,6,49,Intermediate,Deep Learning,Low
220,Consistent Learner,Programming,4,40,89,13,83,495,4,41,Intermediate,Machine Learning,Low
221,Casual Learner,Operating Systems,2,20,69,7,73,311,3,7,Intermediate,Database Systems,Medium
222,Casual Learner,DSA,2,30,60,5,60,246,3,12,Intermediate,Database Systems,Medium
223,Struggling Student,Database,2,14,43,6,40,93,2,4,Beginner,Programming Basics,High
224,Casual Learner,Web Development,3,20,62,8,69,356,2,25,Intermediate,Database Systems,Medium
225,Consistent Learner,DSA,3,39,90,9,89,591,5,55,Intermediate,Machine Learning,Low
226,Struggling Student,Operating Systems,1,17,27,6,42,127,2,6,Beginner,Programming Basics,High
227,Inactive Student,Programming,1,0,17,2,12,36,0,0,Beginner,Introduction to C++,High
228,Struggling Student,Web Development,1,15,26,6,55,71,2,1,Beginner,Introduction to C++,High
229,High Achiever,Web Development,5,73,90,20,95,1044,7,42,Advanced,Deep Learning,Low
230,Consistent Learner,Programming,3,53,77,8,88,576,6,24,Intermediate,Operating Systems,Low
231,Inactive Student,Programming,1,3,1,1,26,11,0,2,Beginner,Programming Fundamentals,High
232,Casual Learner,Web Development,3,27,64,7,72,200,4,22,Intermediate,Data Structures,Medium
233,Casual Learner,Database,2,20,67,7,64,366,2,5,Intermediate,Object-Oriented Programming,Medium
234,Inactive Student,Web Development,1,5,17,1,34,24,0,0,Beginner,Introduction to C++,High
235,Consistent Learner,Database,3,38,76,14,88,408,4,33,Intermediate,Algorithms,Low
236,High Achiever,Programming,5,74,100,12,91,1079,6,91,Advanced,Deep Learning,Low
237,Consistent Learner,DSA,3,39,84,9,85,695,6,40,Intermediate,Algorithms,Low
238,Consistent Learner,DSA,3,48,84,10,76,685,6,31,Intermediate,Computer Networks,Low
239,Casual Learner,Machine Learning,3,16,61,7,70,358,3,18,Intermediate,Data Structures,Medium
240,Consistent Learner,DSA,4,42,82,10,79,637,4,55,Intermediate,Database Systems,Low
241,Inactive Student,Machine Learning,1,4,4,1,15,16,0,1,Beginner,Programming Fundamentals,High
242,High Achiever,Web Development,5,57,98,15,88,837,7,117,Advanced,Operating Systems,Low
243,High Achiever,Programming,4,80,99,20,91,945,6,82,Advanced,Deep Learning,Low
244,Inactive Student,Programming,1,1,6,2,7,47,1,0,Beginner,Programming Fundamentals,High
245,Casual Learner,DSA,3,22,67,6,69,277,3,22,Intermediate,Web Development,Medium
246,Consistent Learner,Database,4,51,90,11,78,640,5,33,Intermediate,Database Systems,Low
247,Consistent Learner,Programming,3,39,75,10,88,551,4,32,Intermediate,Machine Learning,Low
248,Consistent Learner,Machine Learning,3,50,85,10,90,651,5,30,Intermediate,Advanced Algorithms,Low
249,Struggling Student,DSA,1,16,37,5,45,177,1,1,Beginner,Programming Basics,High
250,Inactive Student,Computer Networks,1,0,0,1,8,53,0,0,Beginner,Programming Fundamentals,High
251,Consistent Learner,DSA,4,46,76,12,90,649,4,20,Intermediate,Advanced Algorithms,Low
252,Casual Learner,Programming,2,31,73,6,69,184,4,18,Intermediate,Object-Oriented Programming,Medium
253,High Achiever,Programming,4,62,93,20,92,1117,7,74,Advanced,Deep Learning,Low
254,High Achiever,Web Development,5,73,93,15,92,1050,6,44,Advanced,Machine Learning,Low
255,Casual Learner,Web Development,3,16,70,4,65,201,3,18,Intermediate,Web Development,Medium
256,Struggling Student,Machine Learning,1,13,49,2,47,87,2,5,Beginner,Programming Basics,High
257,Inactive Student,Computer Networks,1,2,17,2,2,11,1,0,Beginner,Programming Basics,High
258,Casual Learner,Operating Systems,3,17,59,5,67,325,3,22,Intermediate,Database Systems,Medium
259,Consistent Learner,Computer Networks,3,37,86,8,78,623,4,24,Intermediate,Database Systems,Low
260,Casual Learner,Machine Learning,3,25,50,6,74,305,2,16,Intermediate,Computer Networks,Medium
261,Inactive Student,Web Development,1,1,18,2,24,5,1,0,Beginner,Programming Fundamentals,High
262,High Achiever,Database,4,67,100,14,99,899,7,86,Advanced,Machine Learning,Low
263,High Achiever,Database,5,66,94,13,90,744,6,95,Advanced,Deep Learning,Low
264,Casual Learner,Machine Learning,3,18,50,4,71,321,2,24,Intermediate,Computer Networks,Medium
265,Struggling Student,Operating Systems,2,5,29,5,52,159,1,4,Beginner,Programming Fundamentals,High
266,Casual Learner,Computer Networks,3,20,54,6,69,248,3,9,Intermediate,Object-Oriented Programming,Medium
267,Consistent Learner,Database,4,44,90,14,77,584,5,35,Intermediate,Computer Networks,Low
268,Casual Learner,Machine Learning,2,29,53,5,69,181,3,15,Intermediate,Web Development,Medium
269,Consistent Learner,Operating Systems,4,49,85,11,79,553,5,58,Intermediate,Computer Networks,Low
270,Consistent Learner,Database,3,47,85,10,90,694,4,40,Intermediate,Deep Learning,Low
271,Consistent Learner,Operating Systems,4,46,78,12,81,679,4,55,Intermediate,Algorithms,Low
272,Inactive Student,Web Development,1,5,6,1,18,53,0,1,Beginner,Programming Fundamentals,High
273,Casual Learner,Computer Networks,3,22,58,5,73,382,3,7,Intermediate,Database Systems,Medium
274,Inactive Student,Web Development,1,4,12,2,32,59,1,2,Beginner,Programming Basics,High
275,Struggling Student,Database,1,6,44,3,51,81,1,7,Beginner,Introduction to C++,High
276,Inactive Student,Web Development,1,0,0,0,16,14,0,1,Beginner,Introduction to C++,High
277,Consistent Learner,Operating Systems,3,46,75,11,78,551,5,25,Intermediate,Data Structures,Low
278,Struggling Student,Computer Networks,1,10,29,4,54,160,1,8,Beginner,Introduction to C++,High
279,Casual Learner,Web Development,3,25,52,6,61,387,4,8,Intermediate,Object-Oriented Programming,Medium
280,Struggling Student,Computer Networks,1,15,45,3,47,126,1,3,Beginner,Introduction to C++,High
281,Casual Learner,Web Development,2,27,70,5,65,343,4,18,Intermediate,Database Systems,Medium
282,High Achiever,Machine Learning,4,69,99,18,94,702,6,66,Advanced,Deep Learning,Low
283,Struggling Student,Operating Systems,1,14,23,6,45,106,2,4,Beginner,Introduction to C++,High
284,High Achiever,Computer Networks,5,71,100,17,97,898,7,115,Advanced,Machine Learning,Low
285,Consistent Learner,Operating Systems,4,54,80,14,84,443,6,28,Intermediate,Machine Learning,Low
286,High Achiever,Database,4,60,95,14,96,898,7,116,Advanced,Machine Learning,Low
287,Casual Learner,Web Development,2,30,70,8,65,322,2,20,Intermediate,Database Systems,Medium
288,High Achiever,Database,5,74,90,17,88,948,6,64,Advanced,Machine Learning,Low
289,Inactive Student,Machine Learning,1,5,15,1,31,26,1,1,Beginner,Programming Basics,High
290,High Achiever,Programming,4,64,90,16,91,975,7,61,Advanced,Deep Learning,Low
291,Casual Learner,Operating Systems,3,32,66,4,63,248,4,16,Intermediate,Web Development,Medium
292,Struggling Student,Programming,2,13,26,5,43,154,1,5,Beginner,Programming Basics,High
293,Casual Learner,Database,2,29,53,5,66,387,4,23,Intermediate,Web Development,Medium
294,Consistent Learner,Computer Networks,4,40,79,14,81,505,4,56,Intermediate,Machine Learning,Low
295,Casual Learner,Machine Learning,2,25,72,6,69,326,3,21,Intermediate,Web Development,Medium
296,Struggling Student,DSA,2,5,28,3,44,91,1,6,Beginner,Programming Basics,High
297,Struggling Student,Computer Networks,2,12,24,6,60,94,2,7,Beginner,Database Systems,High
298,High Achiever,Operating Systems,4,67,98,16,99,1179,7,98,Advanced,Deep Learning,Low
299,Consistent Learner,Programming,3,49,86,14,77,673,5,33,Intermediate,Database Systems,Low
300,Struggling Student,Web Development,2,10,46,4,50,130,1,8,Beginner,Introduction to C++,High
301,Struggling Student,Operating Systems,1,5,23,5,40,75,1,8,Beginner,Introduction to C++,High
302,High Achiever,Web Development,4,77,92,16,90,1147,7,51,Advanced,Advanced Algorithms,Low
303,Consistent Learner,Programming,4,55,80,8,87,556,6,34,Intermediate,Machine Learning,Low
304,Casual Learner,Computer Networks,2,15,56,7,62,213,4,12,Intermediate,Web Development,Medium
305,Casual Learner,Programming,2,25,53,7,64,302,2,12,Intermediate,Database Systems,Medium
306,High Achiever,Operating Systems,4,58,95,17,92,770,7,57,Advanced,Advanced Algorithms,Low
307,Inactive Student,DSA,1,0,16,2,0,39,0,1,Beginner,Introduction to C++,High
308,Struggling Student,Computer Networks,1,11,39,5,46,71,1,3,Beginner,Programming Basics,High
309,Casual Learner,Web Development,3,28,60,5,67,250,4,7,Intermediate,Object-Oriented Programming,Medium
310,Casual Learner,Machine Learning,3,15,71,6,66,312,4,21,Intermediate,Object-Oriented Programming,Medium
311,Struggling Student,Database,1,17,48,3,55,109,1,4,Beginner,Introduction to C++,High
312,Casual Learner,Programming,2,26,60,5,72,400,4,18,Intermediate,Database Systems,Medium
313,Casual Learner,DSA,3,17,50,8,62,183,3,11,Intermediate,Object-Oriented Programming,Medium
314,Inactive Student,Operating Systems,1,3,16,1,40,45,1,1,Beginner,Programming Fundamentals,High
315,Casual Learner,Computer Networks,2,23,52,6,62,310,2,9,Intermediate,Web Development,Medium
316,Consistent Learner,Machine Learning,3,44,88,13,82,429,4,25,Intermediate,Machine Learning,Low
317,High Achiever,Machine Learning,4,64,100,14,89,706,6,41,Advanced,Algorithms,Low
318,Casual Learner,Database,3,20,61,5,68,367,2,5,Intermediate,Database Systems,Medium
319,Struggling Student,Database,1,9,42,6,60,69,2,8,Beginner,Web Development,High
320,Consistent Learner,Web Development,3,46,80,10,78,693,6,27,Intermediate,Data Structures,Low
321,Struggling Student,Programming,1,18,47,2,47,65,2,6,Beginner,Introduction to C++,High
322,Inactive Student,DSA,1,0,17,2,26,14,1,0,Beginner,Introduction to C++,High
323,Inactive Student,Database,1,2,2,2,23,7,0,0,Beginner,Programming Basics,High
324,Struggling Student,Programming,2,6,48,5,49,159,2,6,Beginner,Programming Basics,High
325,Casual Learner,Programming,3,21,59,8,69,369,4,12,Intermediate,Database Systems,Medium
326,Consistent Learner,Web Development,3,52,82,9,75,609,4,34,Intermediate,Computer Networks,Low
327,Consistent Learner,Operating Systems,3,45,75,14,87,557,4,33,Intermediate,Operating Systems,Low
328,Inactive Student,Web Development,1,3,1,0,17,5,0,0,Beginner,Programming Fundamentals,High
329,Casual Learner,Database,3,17,68,4,64,343,3,7,Intermediate,Web Development,Medium
330,Casual Learner,Web Development,2,22,59,6,70,385,3,15,Intermediate,Database Systems,Medium
331,Casual Learner,DSA,2,21,54,8,63,219,2,10,Intermediate,Database Systems,Medium
332,Casual Learner,Web Development,2,32,61,5,74,258,3,13,Intermediate,Data Structures,Medium
333,High Achiever,Operating Systems,5,77,99,12,91,1127,7,58,Advanced,Machine Learning,Low
334,Struggling Student,Database,2,13,21,4,48,164,1,1,Beginner,Introduction to C++,High
335,Struggling Student,Machine Learning,1,6,34,2,44,75,1,1,Beginner,Programming Basics,High
336,High Achiever,Operating Systems,5,66,100,13,97,1000,7,49,Advanced,Machine Learning,Low
337,Inactive Student,DSA,1,5,14,0,5,57,1,0,Beginner,Programming Basics,High
338,Inactive Student,Programming,1,1,18,1,25,31,0,1,Beginner,Programming Fundamentals,High
339,Casual Learner,Database,2,20,58,6,74,218,2,24,Intermediate,Computer Networks,Medium
340,Casual Learner,Computer Networks,3,30,63,8,75,195,2,13,Intermediate,Database Systems,Medium
341,High Achiever,DSA,4,75,98,12,94,1100,7,101,Advanced,Advanced Algorithms,Low
342,Struggling Student,Database,2,11,28,3,40,100,1,1,Beginner,Introduction to C++,High
343,High Achiever,Web Development,5,79,99,15,90,751,6,70,Advanced,Deep Learning,Low
344,Casual Learner,Operating Systems,2,22,68,7,71,394,2,10,Intermediate,Data Structures,Medium
345,Casual Learner,Operating Systems,3,33,50,6,64,324,2,20,Intermediate,Web Development,Medium
346,Consistent Learner,Web Development,3,37,76,9,82,410,6,50,Intermediate,Algorithms,Low
347,Consistent Learner,Machine Learning,3,39,85,13,80,565,4,21,Intermediate,Algorithms,Low
348,Casual Learner,DSA,2,31,61,4,71,360,4,17,Intermediate,Computer Networks,Medium
349,High Achiever,Database,5,59,92,18,100,1027,7,80,Advanced,Machine Learning,Low
350,Struggling Student,Machine Learning,2,8,41,6,45,108,2,5,Beginner,Programming Basics,High
351,Consistent Learner,Programming,4,53,76,9,85,513,6,56,Intermediate,Algorithms,Low
352,Inactive Student,DSA,1,2,2,0,22,20,0,2,Beginner,Programming Basics,High
353,Struggling Student,Computer Networks,2,12,20,4,46,91,1,6,Beginner,Introduction to C++,High
354,Struggling Student,Computer Networks,1,5,32,5,53,81,2,8,Beginner,Introduction to C++,High
355,Consistent Learner,Web Development,3,50,82,9,89,437,4,38,Intermediate,Algorithms,Low
356,Consistent Learner,Programming,3,45,80,11,80,438,6,25,Intermediate,Machine Learning,Low
357,Casual Learner,Machine Learning,3,15,63,5,73,220,2,8,Intermediate,Database Systems,Medium
358,Consistent Learner,DSA,4,52,83,13,84,552,4,26,Intermediate,Algorithms,Low
359,Consistent Learner,Machine Learning,4,39,76,10,75,618,4,38,Intermediate,Computer Networks,Low
360,Casual Learner,Web Development,2,18,50,5,65,343,3,7,Intermediate,Database Systems,Medium
361,Struggling Student,Database,2,12,35,4,42,142,2,3,Beginner,Introduction to C++,High
362,Struggling Student,Database,1,12,21,4,54,119,2,4,Beginner,Introduction to C++,High
363,Casual Learner,DSA,2,17,71,6,73,373,4,12,Intermediate,Computer Networks,Medium
364,High Achiever,Web Development,5,72,100,19,97,1151,6,100,Advanced,Deep Learning,Low
365,High Achiever,Operating Systems,4,71,99,20,100,992,6,55,Advanced,Deep Learning,Low
366,Consistent Learner,DSA,3,41,79,8,88,440,6,47,Intermediate,Algorithms,Low
367,Inactive Student,Computer Networks,1,1,19,1,20,58,0,0,Beginner,Introduction to C++,High
368,Casual Learner,Machine Learning,3,23,66,7,60,381,4,24,Intermediate,Web Development,Medium
369,Casual Learner,Web Development,2,28,54,5,63,207,4,8,Intermediate,Database Systems,Medium
370,Struggling Student,Database,2,9,32,5,58,137,2,1,Beginner,Programming Basics,High
371,Consistent Learner,DSA,4,36,87,10,82,425,6,50,Intermediate,Machine Learning,Low
372,Struggling Student,Programming,2,18,45,4,49,95,2,2,Beginner,Programming Basics,High
373,High Achiever,Computer Networks,5,79,95,16,99,913,6,64,Advanced,Deep Learning,Low
374,Consistent Learner,Operating Systems,4,50,86,14,76,663,4,24,Intermediate,Database Systems,Low
375,Struggling Student,Web Development,1,17,47,6,58,63,1,4,Beginner,Programming Basics,High
376,Struggling Student,DSA,1,12,21,4,46,95,2,8,Beginner,Programming Fundamentals,High
377,Consistent Learner,Programming,3,42,86,11,89,490,5,57,Intermediate,Operating Systems,Low
378,Consistent Learner,DSA,4,37,84,8,87,425,4,56,Intermediate,Algorithms,Low
379,Struggling Student,Computer Networks,1,15,26,4,60,112,1,1,Beginner,Database Systems,High
380,Inactive Student,Computer Networks,1,1,19,0,14,16,1,2,Beginner,Programming Fundamentals,High
381,Casual Learner,Web Development,3,26,64,6,66,299,3,21,Intermediate,Web Development,Medium
382,Consistent Learner,Programming,3,51,86,12,84,552,6,26,Intermediate,Machine Learning,Low
383,High Achiever,Database,5,63,94,16,91,776,6,47,Advanced,Advanced Algorithms,Low
384,Casual Learner,Database,2,15,70,7,69,246,3,17,Intermediate,Database Systems,Medium
385,Struggling Student,Machine Learning,1,10,43,3,57,141,2,6,Beginner,Programming Fundamentals,High
386,Consistent Learner,DSA,3,44,78,11,79,532,6,55,Intermediate,Data Structures,Low
387,Inactive Student,Database,1,5,2,0,22,14,1,1,Beginner,Introduction to C++,High
388,Consistent Learner,Machine Learning,4,49,78,11,76,698,6,59,Intermediate,Data Structures,Low
389,Casual Learner,DSA,2,27,66,6,73,193,2,9,Intermediate,Data Structures,Medium
390,Consistent Learner,Machine Learning,4,39,85,14,80,441,5,41,Intermediate,Operating Systems,Low
391,Inactive Student,Database,1,5,1,0,28,17,0,0,Beginner,Programming Fundamentals,High
392,Struggling Student,Web Development,1,7,39,5,60,114,2,7,Beginner,Database Systems,High
393,Consistent Learner,Programming,3,46,75,10,81,409,6,20,Intermediate,Operating Systems,Low
394,Struggling Student,DSA,2,9,24,2,52,124,2,3,Beginner,Programming Basics,High
395,Struggling Student,Database,2,12,43,6,59,127,2,7,Beginner,Programming Fundamentals,High
396,Inactive Student,Database,1,3,11,0,10,60,1,0,Beginner,Programming Basics,High
397,Consistent Learner,DSA,3,35,80,8,86,419,5,60,Intermediate,Machine Learning,Low
398,Struggling Student,Machine Learning,1,14,21,2,60,167,1,1,Beginner,Web Development,High
399,High Achiever,Web Development,5,58,98,16,95,1059,6,66,Advanced,Advanced Algorithms,Low
400,Casual Learner,Programming,3,28,71,4,68,339,4,9,Intermediate,Database Systems,Medium
401,Struggling Student,Programming,1,9,23,2,55,85,1,5,Beginner,Programming Fundamentals,High
402,Inactive Student,Database,1,5,13,1,10,2,1,0,Beginner,Programming Fundamentals,High
403,Inactive Student,Database,1,1,0,0,5,58,0,2,Beginner,Programming Fundamentals,High
404,Casual Learner,Programming,2,18,58,5,74,255,3,19,Intermediate,Data Structures,Medium
405,High Achiever,DSA,4,64,95,17,94,1078,6,52,Advanced,Machine Learning,Low
406,High Achiever,DSA,4,65,95,19,97,837,6,87,Advanced,Deep Learning,Low
407,Consistent Learner,Web Development,4,49,83,14,87,644,5,30,Intermediate,Algorithms,Low
408,High Achiever,Computer Networks,4,60,91,18,97,947,7,63,Advanced,Advanced Algorithms,Low
409,Consistent Learner,Database,3,39,90,11,78,610,5,22,Intermediate,Data Structures,Low
410,Consistent Learner,Database,3,51,82,13,85,665,6,59,Intermediate,Algorithms,Low
411,Casual Learner,Computer Networks,2,30,61,7,64,394,4,24,Intermediate,Object-Oriented Programming,Medium
412,High Achiever,DSA,5,70,92,13,100,951,7,70,Advanced,Deep Learning,Low
413,Inactive Student,Programming,1,4,7,2,24,25,0,0,Beginner,Introduction to C++,High
414,Casual Learner,Machine Learning,3,17,65,7,70,210,3,25,Intermediate,Data Structures,Medium
415,High Achiever,Web Development,4,72,98,12,89,1105,7,105,Advanced,Operating Systems,Low
416,Consistent Learner,Computer Networks,4,45,86,14,76,514,5,41,Intermediate,Computer Networks,Low
417,Struggling Student,Machine Learning,2,16,41,4,54,74,1,4,Beginner,Programming Basics,High
418,Consistent Learner,Operating Systems,4,52,86,13,78,423,4,51,Intermediate,Data Structures,Low
419,Struggling Student,Computer Networks,2,6,28,6,46,84,1,7,Beginner,Programming Basics,High
420,Casual Learner,Operating Systems,2,25,53,7,61,342,4,23,Intermediate,Object-Oriented Programming,Medium
421,Struggling Student,Web Development,2,15,38,6,44,123,1,1,Beginner,Programming Fundamentals,High
422,Inactive Student,Operating Systems,1,4,15,2,11,44,0,2,Beginner,Programming Basics,High
423,High Achiever,Computer Networks,5,71,96,18,97,1168,6,75,Advanced,Deep Learning,Low
424,Inactive Student,Database,1,3,4,0,26,38,1,2,Beginner,Programming Fundamentals,High
425,Struggling Student,Computer Networks,1,8,26,6,49,147,2,3,Beginner,Programming Fundamentals,High
426,Casual Learner,DSA,3,18,74,6,75,329,4,18,Intermediate,Computer Networks,Medium
427,Struggling Student,Operating Systems,2,18,33,2,56,73,1,7,Beginner,Programming Basics,High
428,High Achiever,Programming,4,63,92,16,98,828,6,47,Advanced,Advanced Algorithms,Low
429,Struggling Student,DSA,1,10,46,5,43,138,1,7,Beginner,Programming Basics,High
430,Casual Learner,Operating Systems,3,16,62,7,73,381,4,15,Intermediate,Computer Networks,Medium
431,High Achiever,Computer Networks,5,61,99,19,91,1166,7,115,Advanced,Advanced Algorithms,Low
432,Struggling Student,DSA,1,9,34,3,42,83,1,2,Beginner,Introduction to C++,High
433,High Achiever,Database,5,59,92,16,88,869,7,59,Advanced,Algorithms,Low
434,Consistent Learner,Database,3,55,84,11,86,437,6,40,Intermediate,Operating Systems,Low
435,Consistent Learner,DSA,3,51,80,11,87,447,5,34,Intermediate,Algorithms,Low
436,Casual Learner,Database,3,24,56,8,75,323,4,5,Intermediate,Data Structures,Medium
437,Casual Learner,Web Development,2,35,69,8,67,190,4,15,Intermediate,Database Systems,Medium
438,Inactive Student,Programming,1,3,8,2,18,1,1,2,Beginner,Programming Fundamentals,High
439,Casual Learner,Programming,3,35,56,6,62,204,2,22,Intermediate,Web Development,Medium
440,High Achiever,Programming,4,76,100,15,98,917,6,66,Advanced,Advanced Algorithms,Low
441,Struggling Student,Computer Networks,2,15,46,2,44,63,2,6,Beginner,Programming Basics,High
442,High Achiever,Programming,4,80,94,20,89,994,6,73,Advanced,Machine Learning,Low
443,Consistent Learner,Computer Networks,4,48,85,8,87,460,6,20,Intermediate,Operating Systems,Low
444,Struggling Student,Programming,1,16,47,2,51,178,1,5,Beginner,Programming Fundamentals,High
445,Consistent Learner,Programming,4,49,87,11,75,642,4,54,Intermediate,Data Structures,Low
446,High Achiever,Web Development,5,75,92,16,98,1154,7,41,Advanced,Advanced Algorithms,Low
447,Struggling Student,DSA,1,5,20,6,59,110,1,5,Beginner,Programming Basics,High
448,Struggling Student,Computer Networks,2,8,33,6,44,80,1,4,Beginner,Programming Fundamentals,High
449,Struggling Student,DSA,1,7,41,6,41,168,2,2,Beginner,Introduction to C++,High
450,Casual Learner,Database,2,21,73,8,75,264,3,9,Intermediate,Computer Networks,Medium
451,Casual Learner,Programming,3,34,52,5,70,304,3,15,Intermediate,Computer Networks,Medium
452,Casual Learner,Computer Networks,2,33,68,6,70,289,2,5,Intermediate,Database Systems,Medium
453,Consistent Learner,DSA,4,43,86,9,85,645,5,48,Intermediate,Machine Learning,Low
454,Struggling Student,Web Development,1,7,40,6,42,167,2,3,Beginner,Programming Fundamentals,High
455,Consistent Learner,Computer Networks,3,37,75,14,75,697,6,45,Intermediate,Computer Networks,Low
456,Consistent Learner,Programming,4,52,90,13,79,587,5,34,Intermediate,Computer Networks,Low
457,Struggling Student,Database,1,12,36,6,42,110,2,1,Beginner,Programming Fundamentals,High
458,Consistent Learner,Operating Systems,3,51,79,11,80,491,6,56,Intermediate,Operating Systems,Low
459,Struggling Student,DSA,2,10,21,3,55,89,1,5,Beginner,Introduction to C++,High
460,Consistent Learner,Computer Networks,3,51,86,11,90,632,4,22,Intermediate,Advanced Algorithms,Low
461,Consistent Learner,Computer Networks,4,43,80,11,87,587,6,24,Intermediate,Operating Systems,Low
462,Consistent Learner,DSA,4,46,86,11,90,403,6,28,Intermediate,Deep Learning,Low
463,Consistent Learner,Programming,4,41,79,9,80,585,6,27,Intermediate,Operating Systems,Low
464,Consistent Learner,Operating Systems,4,38,90,13,90,645,4,57,Intermediate,Machine Learning,Low
465,Casual Learner,Web Development,2,22,51,5,65,214,4,21,Intermediate,Object-Oriented Programming,Medium
466,Struggling Student,DSA,1,7,28,3,56,111,1,5,Beginner,Programming Basics,High
467,Consistent Learner,Machine Learning,4,50,80,9,88,473,6,31,Intermediate,Operating Systems,Low
468,Casual Learner,Database,2,25,64,8,62,238,3,17,Intermediate,Object-Oriented Programming,Medium
469,High Achiever,DSA,5,59,99,13,90,943,6,108,Advanced,Advanced Algorithms,Low
470,Struggling Student,Programming,2,15,24,6,57,165,1,7,Beginner,Programming Fundamentals,High
471,Casual Learner,Operating Systems,2,31,63,5,75,382,3,16,Intermediate,Computer Networks,Medium
472,Struggling Student,Operating Systems,1,11,24,4,55,158,1,2,Beginner,Introduction to C++,High
473,Casual Learner,Machine Learning,3,23,56,4,60,327,4,8,Intermediate,Web Development,Medium
474,High Achiever,Computer Networks,4,77,95,18,93,754,6,94,Advanced,Advanced Algorithms,Low
475,Casual Learner,Database,3,33,61,8,68,354,3,11,Intermediate,Database Systems,Medium
476,Casual Learner,Machine Learning,3,20,61,8,75,244,3,23,Intermediate,Database Systems,Medium
477,Struggling Student,Web Development,1,18,47,2,47,117,1,2,Beginner,Programming Basics,High
478,Casual Learner,Operating Systems,3,32,69,4,65,279,4,5,Intermediate,Object-Oriented Programming,Medium
479,Struggling Student,Web Development,2,6,22,4,47,107,1,1,Beginner,Programming Fundamentals,High
480,Consistent Learner,Web Development,4,54,76,14,80,653,5,20,Intermediate,Algorithms,Low
481,Struggling Student,Operating Systems,2,8,21,6,56,126,1,3,Beginner,Programming Fundamentals,High
482,High Achiever,DSA,4,60,91,16,100,904,7,90,Advanced,Deep Learning,Low
483,Casual Learner,Machine Learning,2,17,52,8,69,365,4,23,Intermediate,Database Systems,Medium
484,Consistent Learner,Operating Systems,4,42,81,11,87,694,4,36,Intermediate,Algorithms,Low
485,Casual Learner,Programming,2,31,59,6,63,385,4,13,Intermediate,Web Development,Medium
486,Struggling Student,Machine Learning,2,16,34,5,58,121,1,6,Beginner,Introduction to C++,High
487,Casual Learner,Machine Learning,2,30,53,6,62,277,4,12,Intermediate,Web Development,Medium
488,Struggling Student,Operating Systems,2,11,50,4,56,128,1,5,Beginner,Programming Basics,High
489,Consistent Learner,Web Development,4,37,80,11,85,581,4,56,Intermediate,Machine Learning,Low
490,Consistent Learner,Computer Networks,3,50,81,9,82,535,4,34,Intermediate,Algorithms,Low
491,Struggling Student,Operating Systems,2,7,44,2,43,177,1,8,Beginner,Programming Fundamentals,High
492,High Achiever,Operating Systems,4,70,95,17,95,1159,7,102,Advanced,Machine Learning,Low
493,Inactive Student,Machine Learning,1,2,12,0,36,8,0,2,Beginner,Introduction to C++,High
494,Casual Learner,Machine Learning,2,31,61,7,65,297,2,21,Intermediate,Database Systems,Medium
495,Consistent Learner,Programming,3,41,87,12,78,566,5,59,Intermediate,Database Systems,Low
496,Consistent Learner,Database,3,43,90,12,85,587,4,51,Intermediate,Machine Learning,Low
497,Consistent Learner,Computer Networks,4,46,87,10,89,492,6,28,Intermediate,Operating Systems,Low
498,Casual Learner,Operating Systems,2,23,75,5,73,399,3,11,Intermediate,Data Structures,Medium
499,Struggling Student,Computer Networks,1,12,45,2,45,113,2,3,Beginner,Programming Fundamentals,High
500,Casual Learner,Computer Networks,3,30,59,6,61,281,2,10,Intermediate,Object-Oriented Programming,Medium
501,Consistent Learner,Database,4,55,78,11,85,533,5,43,Intermediate,Operating Systems,Low
502,Casual Learner,Operating Systems,3,26,50,7,63,269,4,24,Intermediate,Object-Oriented Programming,Medium
503,Casual Learner,Computer Networks,2,24,61,6,75,378,4,19,Intermediate,Data Structures,Medium
504,Consistent Learner,Database,4,55,79,14,80,572,5,60,Intermediate,Operating Systems,Low
505,Casual Learner,Operating Systems,2,17,55,6,67,260,3,25,Intermediate,Database Systems,Medium
506,Struggling Student,Machine Learning,2,9,48,5,51,155,2,7,Beginner,Programming Basics,High
507,Consistent Learner,Programming,3,42,83,13,77,507,4,45,Intermediate,Data Structures,Low
508,High Achiever,Web Development,4,55,96,20,100,742,6,73,Advanced,Advanced Algorithms,Low
509,Consistent Learner,Computer Networks,4,44,82,9,84,626,6,28,Intermediate,Algorithms,Low
510,Casual Learner,DSA,2,16,71,6,70,301,3,22,Intermediate,Database Systems,Medium
511,Casual Learner,DSA,2,33,69,7,73,314,4,25,Intermediate,Computer Networks,Medium
512,Consistent Learner,Database,4,52,82,14,77,626,5,43,Intermediate,Database Systems,Low
513,Consistent Learner,Database,3,35,79,10,84,640,6,20,Intermediate,Operating Systems,Low
514,Inactive Student,Operating Systems,1,3,9,0,27,51,1,2,Beginner,Programming Basics,High
515,Struggling Student,Machine Learning,2,8,33,6,53,110,1,3,Beginner,Programming Fundamentals,High
516,Struggling Student,Web Development,2,8,28,2,53,140,1,5,Beginner,Introduction to C++,High
517,Casual Learner,Machine Learning,3,28,56,4,65,214,3,8,Intermediate,Web Development,Medium
518,Casual Learner,Web Development,3,34,65,5,70,184,2,6,Intermediate,Computer Networks,Medium
519,High Achiever,Programming,5,63,92,19,99,704,6,51,Advanced,Machine Learning,Low
520,High Achiever,DSA,5,68,94,19,93,937,6,82,Advanced,Machine Learning,Low
521,Struggling Student,DSA,1,9,44,5,42,129,2,3,Beginner,Programming Basics,High
522,Struggling Student,Database,2,18,20,2,47,109,2,4,Beginner,Programming Fundamentals,High
523,Inactive Student,DSA,1,3,3,2,13,30,1,2,Beginner,Introduction to C++,High
524,Inactive Student,DSA,1,5,1,2,35,33,0,1,Beginner,Introduction to C++,High
525,Casual Learner,DSA,3,16,71,5,63,240,4,18,Intermediate,Database Systems,Medium
526,High Achiever,Operating Systems,5,73,91,18,100,824,6,45,Advanced,Advanced Algorithms,Low
527,Struggling Student,Web Development,1,10,44,2,47,80,2,2,Beginner,Programming Fundamentals,High
528,Casual Learner,Operating Systems,2,16,61,5,63,212,3,12,Intermediate,Database Systems,Medium
529,Inactive Student,Operating Systems,1,5,11,1,12,1,1,1,Beginner,Programming Fundamentals,High
530,High Achiever,Programming,5,77,97,20,92,977,7,64,Advanced,Advanced Algorithms,Low
531,Consistent Learner,Database,4,49,83,14,80,435,6,29,Intermediate,Machine Learning,Low
532,Consistent Learner,Database,4,49,75,14,87,494,4,59,Intermediate,Machine Learning,Low
533,Struggling Student,DSA,2,16,22,6,52,84,2,3,Beginner,Programming Fundamentals,High
534,Consistent Learner,Web Development,4,38,78,12,77,422,4,31,Intermediate,Data Structures,Low
535,Consistent Learner,Web Development,3,38,76,12,87,650,6,59,Intermediate,Operating Systems,Low
536,Casual Learner,Programming,3,22,69,4,60,233,4,20,Intermediate,Object-Oriented Programming,Medium
537,Casual Learner,Computer Networks,2,26,67,7,71,383,4,6,Intermediate,Computer Networks,Medium
538,Consistent Learner,Programming,3,44,77,9,78,451,6,34,Intermediate,Computer Networks,Low
539,Consistent Learner,DSA,3,53,80,12,88,454,6,56,Intermediate,Machine Learning,Low
540,Casual Learner,Computer Networks,3,18,55,5,72,309,3,10,Intermediate,Computer Networks,Medium
541,Inactive Student,Web Development,1,2,10,2,20,54,1,1,Beginner,Programming Fundamentals,High
542,Casual Learner,Computer Networks,3,34,57,8,66,276,4,13,Intermediate,Database Systems,Medium
543,Inactive Student,Web Development,1,3,0,2,2,18,0,2,Beginner,Programming Basics,High
544,Inactive Student,Database,1,0,9,0,13,54,1,0,Beginner,Programming Fundamentals,High
545,Struggling Student,Machine Learning,1,6,21,5,51,79,1,5,Beginner,Introduction to C++,High
546,Struggling Student,DSA,1,9,45,4,42,133,2,4,Beginner,Programming Fundamentals,High
547,High Achiever,Database,5,60,97,13,97,1028,7,44,Advanced,Advanced Algorithms,Low
548,Struggling Student,Web Development,1,17,21,4,51,172,2,7,Beginner,Programming Basics,High
549,Struggling Student,DSA,1,15,44,5,41,99,1,6,Beginner,Programming Fundamentals,High
550,Casual Learner,Database,2,19,51,7,74,372,4,23,Intermediate,Computer Networks,Medium
551,High Achiever,Web Development,5,80,96,14,90,872,6,100,Advanced,Advanced Algorithms,Low
552,Struggling Student,Machine Learning,2,9,22,5,56,115,1,3,Beginner,Introduction to C++,High
553,Casual Learner,Web Development,3,35,68,5,67,242,2,13,Intermediate,Database Systems,Medium
554,Consistent Learner,Machine Learning,3,38,88,11,86,578,4,40,Intermediate,Machine Learning,Low
555,Casual Learner,Programming,3,20,61,8,74,339,2,19,Intermediate,Data Structures,Medium
556,Inactive Student,DSA,1,1,11,0,5,7,0,0,Beginner,Programming Fundamentals,High
557,Inactive Student,Operating Systems,1,2,0,1,7,19,1,1,Beginner,Programming Basics,High
558,Consistent Learner,Computer Networks,3,41,83,12,90,472,6,21,Intermediate,Deep Learning,Low
559,Casual Learner,Computer Networks,2,23,55,4,69,231,4,24,Intermediate,Database Systems,Medium
560,High Achiever,Computer Networks,4,57,96,16,98,1136,7,53,Advanced,Machine Learning,Low
561,Consistent Learner,Computer Networks,4,42,87,12,78,561,5,58,Intermediate,Computer Networks,Low
562,High Achiever,DSA,5,72,90,12,91,1172,7,82,Advanced,Deep Learning,Low
563,Consistent Learner,DSA,3,46,86,10,84,520,6,37,Intermediate,Algorithms,Low
564,Casual Learner,Web Development,2,32,58,5,64,267,3,9,Intermediate,Object-Oriented Programming,Medium
565,Struggling Student,Machine Learning,1,11,27,6,44,114,2,6,Beginner,Introduction to C++,High
566,Casual Learner,DSA,2,33,67,5,64,259,4,21,Intermediate,Object-Oriented Programming,Medium
567,Casual Learner,Operating Systems,2,35,68,5,70,197,4,22,Intermediate,Computer Networks,Medium
568,High Achiever,Database,4,78,90,17,94,1192,7,78,Advanced,Deep Learning,Low
569,Struggling Student,Operating Systems,2,7,44,3,43,76,1,1,Beginner,Programming Fundamentals,High
570,Casual Learner,Machine Learning,2,34,57,5,60,271,2,20,Intermediate,Object-Oriented Programming,Medium
571,Casual Learner,Machine Learning,3,35,61,5,72,305,3,9,Intermediate,Data Structures,Medium
572,Consistent Learner,Programming,4,35,83,11,82,503,4,24,Intermediate,Algorithms,Low
573,Inactive Student,Web Development,1,4,15,2,20,55,1,0,Beginner,Introduction to C++,High
574,Casual Learner,Programming,3,25,62,8,61,313,2,19,Intermediate,Database Systems,Medium
575,Struggling Student,Programming,1,13,37,5,41,131,2,1,Beginner,Programming Basics,High
576,Consistent Learner,Web Development,4,44,89,9,88,550,6,23,Intermediate,Operating Systems,Low
577,Casual Learner,DSA,3,35,64,4,63,226,4,22,Intermediate,Object-Oriented Programming,Medium
578,Consistent Learner,Database,4,35,80,11,81,632,4,36,Intermediate,Machine Learning,Low
579,Casual Learner,Computer Networks,2,18,52,4,74,342,3,7,Intermediate,Computer Networks,Medium
580,Struggling Student,Computer Networks,1,11,37,5,41,158,1,6,Beginner,Programming Fundamentals,High
581,Struggling Student,Operating Systems,1,7,47,3,45,158,1,7,Beginner,Introduction to C++,High
582,Consistent Learner,Operating Systems,4,44,80,8,79,503,4,59,Intermediate,Database Systems,Low
583,High Achiever,Web Development,5,72,90,19,91,811,7,98,Advanced,Deep Learning,Low
584,Casual Learner,Machine Learning,2,22,67,6,66,192,2,9,Intermediate,Object-Oriented Programming,Medium
585,Casual Learner,Programming,2,16,71,8,69,264,2,6,Intermediate,Object-Oriented Programming,Medium
586,Casual Learner,DSA,2,24,69,8,65,296,4,23,Intermediate,Database Systems,Medium
587,Inactive Student,Programming,1,2,10,1,24,52,0,1,Beginner,Programming Fundamentals,High
588,High Achiever,Web Development,4,58,94,17,96,911,6,66,Advanced,Advanced Algorithms,Low
589,High Achiever,Machine Learning,4,70,99,16,94,1011,7,73,Advanced,Advanced Algorithms,Low
590,Casual Learner,Machine Learning,3,19,69,8,75,313,4,25,Intermediate,Database Systems,Medium
591,Casual Learner,DSA,2,24,56,4,63,186,3,25,Intermediate,Object-Oriented Programming,Medium
592,Struggling Student,DSA,2,11,21,4,51,131,1,1,Beginner,Programming Fundamentals,High
593,Consistent Learner,Database,4,37,84,10,85,403,4,41,Intermediate,Machine Learning,Low
594,Consistent Learner,Machine Learning,3,40,81,10,85,645,5,22,Intermediate,Operating Systems,Low
595,High Achiever,DSA,5,72,95,19,100,1116,7,47,Advanced,Advanced Algorithms,Low
596,Consistent Learner,Computer Networks,4,52,75,9,85,581,4,29,Intermediate,Machine Learning,Low
597,Struggling Student,Database,2,15,37,3,58,137,2,3,Beginner,Programming Fundamentals,High
598,High Achiever,Operating Systems,5,77,95,12,92,911,6,103,Advanced,Machine Learning,Low
599,Consistent Learner,Operating Systems,4,41,84,9,78,591,4,32,Intermediate,Data Structures,Low
600,Casual Learner,Programming,3,31,54,5,70,303,4,21,Intermediate,Database Systems,Medium
601,Struggling Student,DSA,1,18,50,6,44,86,1,8,Beginner,Introduction to C++,High
602,Struggling Student,Machine Learning,1,5,29,2,59,171,1,6,Beginner,Introduction to C++,High
603,Struggling Student,Programming,2,5,38,4,60,174,1,6,Beginner,Object-Oriented Programming,High
604,Consistent Learner,Database,4,49,78,10,79,480,5,27,Intermediate,Data Structures,Low
605,Inactive Student,Machine Learning,1,4,3,0,34,22,1,1,Beginner,Programming Basics,High
606,Inactive Student,Operating Systems,1,2,18,0,10,4,1,2,Beginner,Introduction to C++,High
607,Casual Learner,Programming,2,15,65,4,63,278,2,7,Intermediate,Database Systems,Medium
608,Consistent Learner,Computer Networks,4,54,86,10,85,501,6,54,Intermediate,Algorithms,Low
609,Inactive Student,Operating Systems,1,3,18,0,5,52,1,0,Beginner,Introduction to C++,High
610,Consistent Learner,Computer Networks,4,50,82,9,79,532,5,45,Intermediate,Data Structures,Low
611,Casual Learner,Computer Networks,3,25,64,7,60,196,3,8,Intermediate,Database Systems,Medium
612,Casual Learner,Operating Systems,2,24,74,6,64,310,2,17,Intermediate,Web Development,Medium
613,Struggling Student,Database,1,17,29,6,54,111,2,4,Beginner,Programming Fundamentals,High
614,Consistent Learner,DSA,4,47,77,10,81,620,5,56,Intermediate,Machine Learning,Low
615,Casual Learner,DSA,2,17,73,8,75,209,4,24,Intermediate,Database Systems,Medium
616,Consistent Learner,Programming,4,40,84,11,77,455,6,58,Intermediate,Database Systems,Low
617,Consistent Learner,Computer Networks,3,37,81,14,79,697,6,20,Intermediate,Data Structures,Low
618,Casual Learner,Web Development,3,27,69,8,74,230,2,15,Intermediate,Database Systems,Medium
619,Casual Learner,Computer Networks,3,28,72,6,62,329,2,24,Intermediate,Web Development,Medium
620,Casual Learner,DSA,3,16,61,8,61,180,4,22,Intermediate,Database Systems,Medium
621,High Achiever,Database,4,62,96,18,98,862,7,91,Advanced,Deep Learning,Low
622,Casual Learner,DSA,2,30,54,5,72,395,3,18,Intermediate,Data Structures,Medium
623,Consistent Learner,Operating Systems,3,39,75,8,75,473,6,51,Intermediate,Computer Networks,Low
624,Casual Learner,DSA,2,19,70,7,74,381,4,24,Intermediate,Database Systems,Medium
625,Casual Learner,Web Development,3,32,64,7,71,237,2,18,Intermediate,Computer Networks,Medium
626,High Achiever,Web Development,4,77,98,16,94,1174,7,44,Advanced,Machine Learning,Low
627,Casual Learner,Computer Networks,3,18,68,7,62,216,4,21,Intermediate,Database Systems,Medium
628,Casual Learner,Programming,2,22,65,4,69,336,2,15,Intermediate,Web Development,Medium
629,Struggling Student,Web Development,2,13,48,5,58,153,2,7,Beginner,Introduction to C++,High
630,Inactive Student,Operating Systems,1,2,9,0,2,44,1,2,Beginner,Programming Fundamentals,High
631,Consistent Learner,Computer Networks,4,53,80,12,76,549,6,59,Intermediate,Data Structures,Low
632,Consistent Learner,Programming,3,51,77,14,83,529,4,59,Intermediate,Machine Learning,Low
633,Consistent Learner,Database,3,38,80,12,79,628,5,31,Intermediate,Database Systems,Low
634,Struggling Student,DSA,2,7,45,6,41,103,1,3,Beginner,Programming Fundamentals,High
635,Inactive Student,DSA,1,3,13,1,15,42,1,2,Beginner,Programming Fundamentals,High
636,Consistent Learner,Machine Learning,4,36,83,14,78,426,4,49,Intermediate,Database Systems,Low
637,Casual Learner,Web Development,2,27,71,7,75,247,2,21,Intermediate,Database Systems,Medium
638,High Achiever,Operating Systems,5,67,100,17,96,1049,6,52,Advanced,Advanced Algorithms,Low
639,Casual Learner,Operating Systems,3,34,70,6,70,249,3,8,Intermediate,Database Systems,Medium
640,Casual Learner,Web Development,3,22,73,8,66,313,3,10,Intermediate,Database Systems,Medium
641,Casual Learner,Computer Networks,2,17,50,7,63,314,2,19,Intermediate,Database Systems,Medium
642,Consistent Learner,Database,4,41,76,8,77,429,6,33,Intermediate,Computer Networks,Low
643,Casual Learner,Computer Networks,2,17,69,5,72,348,4,23,Intermediate,Data Structures,Medium
644,Struggling Student,Computer Networks,1,9,29,5,42,141,2,5,Beginner,Introduction to C++,High
645,Casual Learner,Computer Networks,3,23,55,4,68,378,2,17,Intermediate,Database Systems,Medium
646,Consistent Learner,Programming,4,43,80,11,77,651,4,59,Intermediate,Database Systems,Low
647,Consistent Learner,Web Development,3,39,88,9,78,626,6,36,Intermediate,Data Structures,Low
648,High Achiever,Programming,5,79,97,12,95,776,6,44,Advanced,Advanced Algorithms,Low
649,Consistent Learner,DSA,4,47,75,12,90,644,5,45,Intermediate,Advanced Algorithms,Low
650,Struggling Student,Operating Systems,1,13,27,2,52,148,2,2,Beginner,Programming Fundamentals,High
651,Casual Learner,Database,3,24,62,4,62,273,4,15,Intermediate,Object-Oriented Programming,Medium
652,Struggling Student,Operating Systems,2,15,26,3,57,65,2,4,Beginner,Introduction to C++,High
653,Casual Learner,Programming,3,30,52,7,66,215,2,11,Intermediate,Object-Oriented Programming,Medium
654,Struggling Student,Machine Learning,1,12,32,2,57,142,2,8,Beginner,Programming Fundamentals,High
655,Inactive Student,Operating Systems,1,3,0,0,21,3,1,2,Beginner,Programming Basics,High
656,Casual Learner,DSA,3,32,54,8,67,198,2,9,Intermediate,Database Systems,Medium
657,Casual Learner,Web Development,2,22,72,5,60,224,4,6,Intermediate,Database Systems,Medium
658,Struggling Student,Programming,2,14,25,6,42,164,1,2,Beginner,Introduction to C++,High
659,Casual Learner,Machine Learning,2,17,75,5,73,266,4,17,Intermediate,Database Systems,Medium
660,High Achiever,Computer Networks,4,65,93,12,97,788,7,48,Advanced,Machine Learning,Low
661,Consistent Learner,Operating Systems,4,40,86,12,80,624,4,57,Intermediate,Algorithms,Low
662,High Achiever,Operating Systems,5,79,92,12,95,741,6,40,Advanced,Machine Learning,Low
663,Inactive Student,Computer Networks,1,5,18,1,26,44,1,2,Beginner,Programming Basics,High
664,Consistent Learner,Computer Networks,4,51,89,11,82,489,6,22,Intermediate,Operating Systems,Low
665,Consistent Learner,Web Development,3,55,84,10,88,402,6,35,Intermediate,Algorithms,Low
666,High Achiever,Machine Learning,4,74,95,20,96,812,7,120,Advanced,Advanced Algorithms,Low
667,Consistent Learner,Programming,3,38,79,13,90,654,4,30,Intermediate,Advanced Algorithms,Low
668,Inactive Student,Programming,1,5,11,1,13,27,1,1,Beginner,Programming Fundamentals,High
669,Struggling Student,Operating Systems,2,5,23,2,57,82,1,1,Beginner,Introduction to C++,High
670,Casual Learner,Programming,2,29,68,8,70,287,2,15,Intermediate,Data Structures,Medium
671,Struggling Student,Database,1,6,27,5,46,108,1,2,Beginner,Introduction to C++,High
672,Casual Learner,Programming,3,19,56,8,74,225,3,16,Intermediate,Data Structures,Medium
673,Casual Learner,DSA,3,23,56,6,64,188,4,23,Intermediate,Object-Oriented Programming,Medium
674,Consistent Learner,Programming,4,49,88,9,85,512,5,58,Intermediate,Algorithms,Low
675,Struggling Student,Computer Networks,1,14,37,3,42,112,2,4,Beginner,Programming Fundamentals,High
676,Casual Learner,Web Development,3,15,73,7,67,243,3,18,Intermediate,Web Development,Medium
677,Consistent Learner,Machine Learning,3,53,75,11,76,420,5,52,Intermediate,Data Structures,Low
678,Casual Learner,Web Development,3,18,64,7,67,201,4,5,Intermediate,Web Development,Medium
679,Struggling Student,DSA,1,10,29,3,60,71,1,8,Beginner,Web Development,High
680,Consistent Learner,Computer Networks,4,53,75,11,89,470,6,45,Intermediate,Algorithms,Low
681,Struggling Student,Database,2,16,40,2,60,69,2,6,Beginner,Web Development,High
682,High Achiever,Web Development,5,77,99,20,97,1106,6,50,Advanced,Advanced Algorithms,Low
683,Struggling Student,Computer Networks,1,13,50,4,41,74,2,6,Beginner,Introduction to C++,High
684,Casual Learner,Database,3,20,70,8,62,323,4,11,Intermediate,Object-Oriented Programming,Medium
685,Inactive Student,DSA,1,4,3,2,30,47,0,2,Beginner,Programming Basics,High
686,Consistent Learner,Database,4,43,76,8,86,576,5,51,Intermediate,Operating Systems,Low
687,Casual Learner,Programming,3,32,71,8,69,295,4,16,Intermediate,Web Development,Medium
688,Inactive Student,Operating Systems,1,0,6,1,5,5,1,0,Beginner,Introduction to C++,High
689,Inactive Student,Programming,1,0,5,1,7,44,0,1,Beginner,Programming Basics,High
690,Struggling Student,Machine Learning,1,9,33,6,44,120,2,7,Beginner,Introduction to C++,High
691,Struggling Student,Programming,2,8,22,2,47,166,2,7,Beginner,Programming Fundamentals,High
692,Consistent Learner,Computer Networks,4,50,89,11,84,690,4,39,Intermediate,Algorithms,Low
693,Struggling Student,DSA,2,10,29,2,44,105,2,8,Beginner,Programming Basics,High
694,Casual Learner,DSA,3,20,55,5,65,240,2,6,Intermediate,Database Systems,Medium
695,Casual Learner,Web Development,3,26,55,5,61,350,3,16,Intermediate,Object-Oriented Programming,Medium
696,Consistent Learner,Machine Learning,3,52,84,8,75,607,5,29,Intermediate,Database Systems,Low
697,Inactive Student,DSA,1,0,17,2,21,41,1,1,Beginner,Introduction to C++,High
698,Inactive Student,Operating Systems,1,4,4,2,28,21,0,2,Beginner,Introduction to C++,High
699,Inactive Student,DSA,1,5,17,0,19,1,1,2,Beginner,Programming Basics,High
700,Casual Learner,Programming,3,16,69,5,67,380,3,11,Intermediate,Object-Oriented Programming,Medium
701,High Achiever,Operating Systems,5,76,100,13,96,901,6,102,Advanced,Deep Learning,Low
702,Casual Learner,Machine Learning,2,26,62,5,73,274,3,16,Intermediate,Data Structures,Medium
703,Consistent Learner,Database,4,49,77,9,89,612,5,38,Intermediate,Algorithms,Low
704,Struggling Student,Web Development,2,7,46,6,59,71,1,4,Beginner,Introduction to C++,High
705,Casual Learner,Operating Systems,3,17,68,7,62,181,3,25,Intermediate,Database Systems,Medium
706,Casual Learner,Machine Learning,3,33,74,5,66,227,3,14,Intermediate,Web Development,Medium
707,Casual Learner,Operating Systems,3,33,59,7,74,237,2,5,Intermediate,Data Structures,Medium
708,Consistent Learner,Computer Networks,4,38,84,11,80,651,6,35,Intermediate,Algorithms,Low
709,High Achiever,Database,5,57,99,17,97,946,7,73,Advanced,Advanced Algorithms,Low
710,Casual Learner,Computer Networks,2,26,66,8,60,396,3,10,Intermediate,Web Development,Medium
711,High Achiever,Database,5,77,92,17,90,727,7,86,Advanced,Deep Learning,Low
712,Casual Learner,Database,2,24,59,8,62,311,2,25,Intermediate,Object-Oriented Programming,Medium
713,Struggling Student,Machine Learning,1,13,30,4,49,94,2,2,Beginner,Programming Fundamentals,High
714,Casual Learner,Operating Systems,2,15,54,8,69,275,3,18,Intermediate,Database Systems,Medium
715,Inactive Student,DSA,1,0,6,0,32,14,0,2,Beginner,Programming Fundamentals,High
716,Casual Learner,Machine Learning,2,28,64,4,63,389,2,5,Intermediate,Database Systems,Medium
717,Consistent Learner,Computer Networks,4,39,89,12,85,488,6,39,Intermediate,Algorithms,Low
718,Struggling Student,Programming,1,7,47,3,47,99,1,4,Beginner,Programming Basics,High
719,Inactive Student,Web Development,1,5,3,0,1,49,1,1,Beginner,Programming Basics,High
720,Consistent Learner,Programming,3,50,78,10,76,433,5,20,Intermediate,Data Structures,Low
721,Struggling Student,Machine Learning,1,14,48,3,45,145,2,1,Beginner,Programming Basics,High
722,High Achiever,Computer Networks,5,73,95,17,90,1137,6,104,Advanced,Advanced Algorithms,Low
723,High Achiever,Operating Systems,4,71,93,15,92,787,6,52,Advanced,Machine Learning,Low
724,Inactive Student,Operating Systems,1,5,15,1,37,11,1,2,Beginner,Programming Basics,High
725,Consistent Learner,Database,4,48,81,12,82,608,4,40,Intermediate,Algorithms,Low
726,Casual Learner,Machine Learning,2,30,74,6,69,322,4,6,Intermediate,Object-Oriented Programming,Medium
727,Consistent Learner,Programming,4,44,89,12,84,627,4,55,Intermediate,Machine Learning,Low
728,Consistent Learner,Operating Systems,4,41,77,14,90,588,4,20,Intermediate,Advanced Algorithms,Low
729,Casual Learner,Programming,3,29,66,4,63,216,3,17,Intermediate,Web Development,Medium
730,Casual Learner,Programming,2,17,61,5,70,231,4,17,Intermediate,Data Structures,Medium
731,Consistent Learner,Web Development,4,43,83,14,87,582,5,58,Intermediate,Machine Learning,Low
732,Inactive Student,Machine Learning,1,2,4,1,6,7,1,1,Beginner,Introduction to C++,High
733,Consistent Learner,DSA,3,38,76,14,77,655,6,21,Intermediate,Data Structures,Low
734,Consistent Learner,Computer Networks,4,39,84,12,78,439,6,53,Intermediate,Database Systems,Low
735,Struggling Student,DSA,2,15,35,5,56,93,2,1,Beginner,Programming Basics,High
736,Inactive Student,Programming,1,3,14,1,24,28,1,0,Beginner,Programming Basics,High
737,Consistent Learner,Computer Networks,4,40,90,11,79,559,6,44,Intermediate,Database Systems,Low
738,Struggling Student,Machine Learning,2,15,37,6,58,120,2,3,Beginner,Programming Fundamentals,High
739,High Achiever,Database,5,73,96,17,100,1200,7,81,Advanced,Machine Learning,Low
740,High Achiever,Programming,4,66,95,12,100,1156,7,88,Advanced,Machine Learning,Low
741,Casual Learner,Database,3,26,51,5,67,240,4,14,Intermediate,Web Development,Medium
742,High Achiever,Computer Networks,4,64,91,17,90,710,7,44,Advanced,Deep Learning,Low
743,Casual Learner,Web Development,3,23,50,7,60,261,3,23,Intermediate,Database Systems,Medium
744,Consistent Learner,Programming,4,38,81,10,90,657,6,41,Intermediate,Machine Learning,Low
745,Casual Learner,Database,3,21,65,4,66,253,3,6,Intermediate,Database Systems,Medium
746,Inactive Student,Web Development,1,1,19,2,5,45,0,2,Beginner,Introduction to C++,High
747,Consistent Learner,Machine Learning,4,48,81,10,77,554,6,39,Intermediate,Database Systems,Low
748,Casual Learner,Database,2,28,62,6,74,351,4,10,Intermediate,Data Structures,Medium
749,Casual Learner,Machine Learning,2,33,65,5,74,248,4,22,Intermediate,Computer Networks,Medium
750,Struggling Student,Web Development,1,13,26,4,54,78,1,3,Beginner,Programming Fundamentals,High
751,Casual Learner,Database,3,28,60,4,66,396,3,13,Intermediate,Database Systems,Medium
752,Casual Learner,Database,2,27,57,4,64,229,2,12,Intermediate,Database Systems,Medium
753,Casual Learner,Machine Learning,3,28,70,4,66,220,3,9,Intermediate,Object-Oriented Programming,Medium
754,Consistent Learner,Operating Systems,4,52,80,13,76,648,4,23,Intermediate,Data Structures,Low
755,Consistent Learner,Database,3,48,86,13,77,603,6,28,Intermediate,Data Structures,Low
756,High Achiever,Computer Networks,4,71,100,20,92,954,6,70,Advanced,Advanced Algorithms,Low
757,High Achiever,Operating Systems,5,65,99,18,100,1083,6,94,Advanced,Machine Learning,Low
758,High Achiever,DSA,4,63,97,18,92,1141,6,102,Advanced,Advanced Algorithms,Low
759,Consistent Learner,Programming,4,52,88,11,82,542,4,43,Intermediate,Machine Learning,Low
760,Struggling Student,Operating Systems,2,5,40,6,41,167,1,4,Beginner,Introduction to C++,High
761,Casual Learner,Database,3,18,67,5,74,279,2,17,Intermediate,Database Systems,Medium
762,Consistent Learner,Operating Systems,3,44,81,14,80,624,6,40,Intermediate,Operating Systems,Low
763,Casual Learner,Programming,3,17,74,7,75,368,3,15,Intermediate,Computer Networks,Medium
764,Casual Learner,Operating Systems,2,20,72,6,62,270,3,24,Intermediate,Web Development,Medium
765,Struggling Student,Computer Networks,2,12,42,2,41,142,1,8,Beginner,Programming Fundamentals,High
766,High Achiever,Web Development,4,75,94,17,97,742,6,60,Advanced,Machine Learning,Low
767,Casual Learner,Operating Systems,2,34,71,7,70,295,3,9,Intermediate,Database Systems,Medium
768,Consistent Learner,Machine Learning,4,44,81,8,88,588,4,45,Intermediate,Machine Learning,Low
769,Inactive Student,Machine Learning,1,1,0,0,35,41,0,0,Beginner,Introduction to C++,High
770,Consistent Learner,Computer Networks,3,36,87,12,88,533,4,25,Intermediate,Machine Learning,Low
771,Consistent Learner,Machine Learning,3,35,88,14,89,653,4,34,Intermediate,Operating Systems,Low
772,Consistent Learner,Operating Systems,4,44,90,11,79,620,4,58,Intermediate,Data Structures,Low
773,Inactive Student,Database,1,5,6,1,11,26,0,0,Beginner,Introduction to C++,High
774,Inactive Student,DSA,1,4,14,0,23,37,1,0,Beginner,Programming Basics,High
775,Casual Learner,Operating Systems,3,27,71,5,72,361,3,24,Intermediate,Database Systems,Medium
776,High Achiever,Machine Learning,4,56,95,15,95,1165,7,117,Advanced,Advanced Algorithms,Low
777,Inactive Student,Machine Learning,1,5,1,0,16,32,1,1,Beginner,Introduction to C++,High
778,Casual Learner,DSA,2,33,55,6,65,308,3,15,Intermediate,Database Systems,Medium
779,High Achiever,Database,5,59,94,13,93,722,6,103,Advanced,Deep Learning,Low
780,Struggling Student,Web Development,2,9,39,4,56,100,2,3,Beginner,Introduction to C++,High
781,Struggling Student,Web Development,1,13,47,5,41,84,1,1,Beginner,Programming Basics,High
782,Consistent Learner,Web Development,4,40,89,11,78,653,4,48,Intermediate,Database Systems,Low
783,Inactive Student,Machine Learning,1,3,14,1,7,54,0,0,Beginner,Introduction to C++,High
784,High Achiever,Operating Systems,5,60,92,20,92,988,6,114,Advanced,Machine Learning,Low
785,Casual Learner,Machine Learning,2,28,52,5,75,353,2,15,Intermediate,Data Structures,Medium
786,Consistent Learner,Computer Networks,3,47,86,12,78,565,4,21,Intermediate,Data Structures,Low
787,Casual Learner,Computer Networks,3,29,70,6,60,264,2,25,Intermediate,Web Development,Medium
788,Inactive Student,Database,1,5,18,0,13,55,0,2,Beginner,Introduction to C++,High
789,Consistent Learner,Programming,3,52,87,8,87,530,4,35,Intermediate,Machine Learning,Low
790,High Achiever,Operating Systems,4,60,96,18,92,1031,6,55,Advanced,Deep Learning,Low
791,Casual Learner,Web Development,3,34,54,6,63,393,3,21,Intermediate,Object-Oriented Programming,Medium
792,Casual Learner,Web Development,3,23,68,8,73,203,3,16,Intermediate,Computer Networks,Medium
793,Consistent Learner,Computer Networks,4,37,76,12,85,637,6,34,Intermediate,Operating Systems,Low
794,Casual Learner,DSA,3,31,70,8,62,254,3,18,Intermediate,Object-Oriented Programming,Medium
795,Inactive Student,Web Development,1,2,4,0,19,53,0,2,Beginner,Introduction to C++,High
796,Consistent Learner,Programming,3,36,78,12,88,611,4,49,Intermediate,Operating Systems,Low
797,Struggling Student,Operating Systems,2,10,28,6,42,158,1,2,Beginner,Programming Fundamentals,High
798,Casual Learner,DSA,2,27,51,4,73,360,3,15,Intermediate,Computer Networks,Medium
799,Struggling Student,Operating Systems,2,14,45,4,50,177,1,4,Beginner,Programming Basics,High
800,High Achiever,Machine Learning,5,76,91,18,96,709,6,90,Advanced,Machine Learning,Low
801,High Achiever,Computer Networks,5,69,96,19,92,1016,7,90,Advanced,Deep Learning,Low
802,High Achiever,DSA,4,61,91,12,99,1196,6,43,Advanced,Machine Learning,Low
803,Casual Learner,DSA,2,28,70,8,66,202,3,19,Intermediate,Object-Oriented Programming,Medium
804,Casual Learner,Programming,2,20,54,7,75,300,2,19,Intermediate,Computer Networks,Medium
805,Consistent Learner,Database,4,36,85,8,78,621,5,51,Intermediate,Computer Networks,Low
806,Casual Learner,Computer Networks,3,16,65,7,75,311,4,24,Intermediate,Computer Networks,Medium
807,Inactive Student,Operating Systems,1,3,7,2,3,33,0,1,Beginner,Programming Fundamentals,High
808,Consistent Learner,Programming,4,55,88,11,78,653,6,42,Intermediate,Database Systems,Low
809,Casual Learner,Programming,2,24,73,5,75,268,3,12,Intermediate,Computer Networks,Medium
810,Consistent Learner,Computer Networks,4,54,89,9,84,599,5,43,Intermediate,Machine Learning,Low
811,Struggling Student,Operating Systems,1,14,26,4,42,145,2,3,Beginner,Programming Basics,High
812,Consistent Learner,Machine Learning,4,38,88,11,84,520,4,55,Intermediate,Algorithms,Low
813,Inactive Student,Database,1,2,11,2,10,11,0,0,Beginner,Introduction to C++,High
814,Casual Learner,Machine Learning,2,18,67,5,75,246,3,16,Intermediate,Data Structures,Medium
815,Struggling Student,Machine Learning,2,7,47,6,59,145,1,1,Beginner,Introduction to C++,High
816,Struggling Student,Operating Systems,1,6,45,6,59,160,1,1,Beginner,Programming Fundamentals,High
817,High Achiever,Computer Networks,4,61,95,14,99,849,7,104,Advanced,Deep Learning,Low
818,Struggling Student,Programming,1,15,31,4,44,75,1,8,Beginner,Introduction to C++,High
819,Struggling Student,Programming,1,18,45,5,50,96,1,2,Beginner,Introduction to C++,High
820,Consistent Learner,Operating Systems,4,46,82,9,88,516,4,47,Intermediate,Machine Learning,Low
821,Inactive Student,Web Development,1,4,11,0,28,9,0,2,Beginner,Programming Fundamentals,High
822,Inactive Student,Programming,1,2,10,1,10,27,0,1,Beginner,Programming Basics,High
823,Casual Learner,Computer Networks,2,33,51,8,69,287,3,22,Intermediate,Database Systems,Medium
824,Struggling Student,Database,2,5,46,4,56,138,1,7,Beginner,Introduction to C++,High
825,Casual Learner,Machine Learning,3,26,75,7,66,257,2,6,Intermediate,Web Development,Medium
826,Consistent Learner,Computer Networks,3,51,84,9,77,661,6,39,Intermediate,Computer Networks,Low
827,Consistent Learner,Computer Networks,3,35,75,14,83,523,5,47,Intermediate,Operating Systems,Low
828,High Achiever,Programming,5,63,100,20,93,763,6,55,Advanced,Deep Learning,Low
829,Consistent Learner,Computer Networks,3,49,85,9,82,579,5,38,Intermediate,Operating Systems,Low
830,Struggling Student,Computer Networks,1,16,32,6,47,73,2,4,Beginner,Introduction to C++,High
831,Casual Learner,DSA,3,28,52,4,61,288,2,20,Intermediate,Object-Oriented Programming,Medium
832,Casual Learner,Database,3,33,67,8,72,247,4,20,Intermediate,Computer Networks,Medium
833,Casual Learner,Web Development,3,28,55,5,64,304,4,19,Intermediate,Object-Oriented Programming,Medium
834,Inactive Student,Machine Learning,1,4,3,2,13,29,1,0,Beginner,Programming Fundamentals,High
835,Consistent Learner,Machine Learning,4,38,88,8,78,589,6,38,Intermediate,Data Structures,Low
836,Casual Learner,Programming,3,24,61,6,69,304,2,9,Intermediate,Object-Oriented Programming,Medium
837,Struggling Student,Web Development,1,9,48,4,46,83,2,1,Beginner,Programming Basics,High
838,Casual Learner,Programming,2,28,65,8,69,324,3,15,Intermediate,Database Systems,Medium
839,Casual Learner,Computer Networks,2,19,66,7,74,350,3,9,Intermediate,Computer Networks,Medium
840,Consistent Learner,Operating Systems,4,47,82,11,85,676,4,48,Intermediate,Operating Systems,Low
841,Consistent Learner,Programming,3,35,84,12,78,686,4,32,Intermediate,Computer Networks,Low
842,Casual Learner,Operating Systems,2,33,66,5,75,308,2,8,Intermediate,Computer Networks,Medium
843,Inactive Student,DSA,1,0,8,0,15,53,1,0,Beginner,Programming Fundamentals,High
844,Casual Learner,Web Development,2,30,50,6,73,226,3,5,Intermediate,Computer Networks,Medium
845,Consistent Learner,Database,3,38,78,12,80,546,4,31,Intermediate,Machine Learning,Low
846,Struggling Student,DSA,2,11,41,3,41,138,2,3,Beginner,Programming Basics,High
847,Struggling Student,Database,2,6,30,3,53,174,2,5,Beginner,Introduction to C++,High
848,Inactive Student,Programming,1,0,6,0,38,37,0,1,Beginner,Programming Fundamentals,High
849,Struggling Student,Web Development,1,9,21,4,54,130,2,2,Beginner,Introduction to C++,High
850,High Achiever,Computer Networks,4,55,94,20,97,1045,6,71,Advanced,Advanced Algorithms,Low
851,Casual Learner,DSA,3,33,63,7,62,396,4,21,Intermediate,Object-Oriented Programming,Medium
852,Struggling Student,DSA,2,13,25,3,57,114,2,1,Beginner,Programming Basics,High
853,Struggling Student,Operating Systems,2,15,25,2,41,179,2,5,Beginner,Programming Fundamentals,High
854,Consistent Learner,Computer Networks,4,46,81,12,84,423,4,54,Intermediate,Operating Systems,Low
855,High Achiever,Programming,5,77,91,14,99,984,7,95,Advanced,Machine Learning,Low
856,Casual Learner,Operating Systems,3,25,70,6,74,249,2,15,Intermediate,Database Systems,Medium
857,Consistent Learner,Machine Learning,4,35,79,13,75,643,4,20,Intermediate,Computer Networks,Low
858,Consistent Learner,Machine Learning,4,47,77,14,77,675,4,48,Intermediate,Computer Networks,Low
859,High Achiever,Operating Systems,5,74,95,18,90,1129,6,55,Advanced,Deep Learning,Low
860,Consistent Learner,DSA,4,35,82,13,75,543,6,42,Intermediate,Data Structures,Low
861,High Achiever,Machine Learning,5,80,93,15,95,1195,7,44,Advanced,Deep Learning,Low
862,Casual Learner,Computer Networks,2,15,56,7,63,251,4,21,Intermediate,Database Systems,Medium
863,Consistent Learner,DSA,3,37,79,13,77,465,5,56,Intermediate,Data Structures,Low
864,Struggling Student,Computer Networks,2,8,47,2,57,138,2,8,Beginner,Programming Basics,High
865,Inactive Student,Computer Networks,1,5,20,0,20,27,1,1,Beginner,Programming Basics,High
866,Casual Learner,Web Development,3,26,66,4,67,192,3,18,Intermediate,Web Development,Medium
867,Casual Learner,Programming,3,21,60,4,60,368,2,18,Intermediate,Object-Oriented Programming,Medium
868,Inactive Student,DSA,1,1,10,1,4,40,0,0,Beginner,Introduction to C++,High
869,Casual Learner,Programming,3,23,57,4,75,241,3,6,Intermediate,Database Systems,Medium
870,Casual Learner,DSA,2,34,69,7,63,340,3,23,Intermediate,Object-Oriented Programming,Medium
871,High Achiever,Programming,4,67,95,13,100,765,6,96,Advanced,Machine Learning,Low
872,Consistent Learner,Computer Networks,4,37,78,13,76,686,4,38,Intermediate,Database Systems,Low
873,Casual Learner,Machine Learning,3,22,69,8,60,296,3,19,Intermediate,Database Systems,Medium
874,Struggling Student,Machine Learning,1,10,40,2,54,126,2,4,Beginner,Programming Basics,High
875,High Achiever,Machine Learning,4,73,93,14,98,960,7,85,Advanced,Deep Learning,Low
876,Casual Learner,Machine Learning,3,20,57,5,61,195,2,14,Intermediate,Web Development,Medium
877,Casual Learner,Computer Networks,3,24,68,8,64,217,3,14,Intermediate,Web Development,Medium
878,Consistent Learner,Database,3,51,79,8,82,659,6,23,Intermediate,Machine Learning,Low
879,Consistent Learner,DSA,3,37,85,9,90,639,6,41,Intermediate,Advanced Algorithms,Low
880,Casual Learner,Database,3,28,60,5,63,296,2,20,Intermediate,Object-Oriented Programming,Medium
881,Inactive Student,Computer Networks,1,1,7,1,39,13,0,1,Beginner,Programming Fundamentals,High
882,Struggling Student,Operating Systems,2,17,43,5,46,111,1,1,Beginner,Introduction to C++,High
883,High Achiever,Database,4,72,91,14,92,925,6,120,Advanced,Advanced Algorithms,Low
884,Inactive Student,Database,1,0,0,0,12,18,0,0,Beginner,Introduction to C++,High
885,Struggling Student,Database,1,7,26,2,45,167,2,2,Beginner,Programming Basics,High
886,Struggling Student,DSA,2,15,45,2,50,179,1,5,Beginner,Introduction to C++,High
887,Consistent Learner,Operating Systems,4,40,88,13,77,460,4,28,Intermediate,Data Structures,Low
888,Consistent Learner,Web Development,4,45,88,13,82,423,6,57,Intermediate,Algorithms,Low
889,Struggling Student,Database,1,10,27,2,60,161,2,3,Beginner,Web Development,High
890,Inactive Student,Web Development,1,1,2,1,39,4,0,2,Beginner,Introduction to C++,High
891,Struggling Student,Computer Networks,2,12,36,5,45,101,2,8,Beginner,Programming Fundamentals,High
892,Inactive Student,Web Development,1,2,18,1,40,58,0,0,Beginner,Programming Basics,High
893,Struggling Student,Web Development,1,11,26,4,53,173,2,3,Beginner,Introduction to C++,High
894,Consistent Learner,Programming,3,37,84,11,86,517,6,22,Intermediate,Machine Learning,Low
895,Casual Learner,Database,3,29,64,7,73,274,3,15,Intermediate,Database Systems,Medium
896,Consistent Learner,DSA,4,42,83,13,77,583,4,38,Intermediate,Computer Networks,Low
897,Casual Learner,Computer Networks,2,23,57,4,63,198,3,6,Intermediate,Web Development,Medium
898,Consistent Learner,DSA,4,43,84,13,83,497,6,58,Intermediate,Algorithms,Low
899,Inactive Student,Operating Systems,1,5,17,1,0,49,1,1,Beginner,Introduction to C++,High
900,Struggling Student,Web Development,2,18,38,2,55,143,1,7,Beginner,Programming Basics,High
901,Consistent Learner,Computer Networks,3,50,82,12,89,636,5,25,Intermediate,Machine Learning,Low
902,Struggling Student,Web Development,2,8,34,5,57,63,2,3,Beginner,Programming Fundamentals,High
903,Struggling Student,Database,1,12,45,4,50,88,2,7,Beginner,Programming Fundamentals,High
904,Struggling Student,Operating Systems,2,10,38,2,58,160,1,3,Beginner,Programming Basics,High
905,Inactive Student,Database,1,4,20,2,38,36,1,1,Beginner,Programming Basics,High
906,Inactive Student,Programming,1,4,12,0,30,6,1,2,Beginner,Introduction to C++,High
907,Casual Learner,Database,2,20,53,8,65,188,4,24,Intermediate,Database Systems,Medium
908,High Achiever,DSA,4,67,94,15,91,849,6,98,Advanced,Machine Learning,Low
909,Consistent Learner,Programming,3,45,88,11,80,456,4,54,Intermediate,Machine Learning,Low
910,Casual Learner,Programming,3,21,54,5,69,290,4,20,Intermediate,Object-Oriented Programming,Medium
911,Casual Learner,Database,2,31,72,7,68,231,2,9,Intermediate,Database Systems,Medium
912,High Achiever,Web Development,4,71,95,19,95,936,6,51,Advanced,Deep Learning,Low
913,Casual Learner,Web Development,3,24,62,8,65,286,2,10,Intermediate,Web Development,Medium
914,Struggling Student,Web Development,2,15,25,6,43,110,1,4,Beginner,Programming Basics,High
915,Consistent Learner,Computer Networks,4,37,81,11,88,683,4,43,Intermediate,Algorithms,Low
916,Struggling Student,Machine Learning,2,11,34,3,48,86,1,8,Beginner,Programming Basics,High
917,High Achiever,Computer Networks,5,67,95,18,91,903,6,41,Advanced,Deep Learning,Low
918,High Achiever,DSA,5,76,97,19,95,734,6,110,Advanced,Advanced Algorithms,Low
919,Consistent Learner,Web Development,3,50,83,14,80,487,4,58,Intermediate,Algorithms,Low
920,Consistent Learner,Programming,4,40,77,13,75,539,4,48,Intermediate,Database Systems,Low
921,Consistent Learner,Computer Networks,3,52,81,11,76,667,6,26,Intermediate,Database Systems,Low
922,Casual Learner,Web Development,2,34,50,4,72,376,2,12,Intermediate,Database Systems,Medium
923,Inactive Student,DSA,1,0,0,1,1,0,1,0,Beginner,Programming Fundamentals,High
924,Casual Learner,DSA,2,20,73,5,61,286,4,8,Intermediate,Database Systems,Medium
925,Consistent Learner,Computer Networks,3,54,81,12,87,619,4,34,Intermediate,Algorithms,Low
926,High Achiever,Database,4,55,96,17,88,899,6,98,Advanced,Algorithms,Low
927,High Achiever,Operating Systems,5,75,99,17,88,734,6,92,Advanced,Machine Learning,Low
928,Struggling Student,Web Development,1,16,37,6,45,92,1,6,Beginner,Programming Fundamentals,High
929,Casual Learner,Computer Networks,2,25,55,6,75,197,3,5,Intermediate,Computer Networks,Medium
930,Inactive Student,Web Development,1,3,16,2,14,32,0,0,Beginner,Programming Basics,High
931,Casual Learner,Programming,3,22,73,7,67,338,2,6,Intermediate,Object-Oriented Programming,Medium
932,Consistent Learner,Database,3,39,87,9,76,521,6,58,Intermediate,Database Systems,Low
933,Struggling Student,Database,1,9,30,2,56,161,2,5,Beginner,Programming Basics,High
934,Consistent Learner,Computer Networks,4,45,82,9,76,527,6,34,Intermediate,Computer Networks,Low
935,Struggling Student,Machine Learning,2,7,34,2,42,171,2,2,Beginner,Programming Basics,High
936,High Achiever,DSA,4,59,91,14,97,981,6,70,Advanced,Advanced Algorithms,Low
937,High Achiever,Computer Networks,5,64,92,15,91,917,6,117,Advanced,Machine Learning,Low
938,Consistent Learner,Machine Learning,4,55,81,10,90,440,5,45,Intermediate,Deep Learning,Low
939,Consistent Learner,Web Development,4,51,88,14,79,646,4,44,Intermediate,Database Systems,Low
940,Struggling Student,Operating Systems,2,14,37,3,57,153,1,5,Beginner,Introduction to C++,High
941,Casual Learner,Web Development,3,27,67,8,75,198,3,9,Intermediate,Computer Networks,Medium
942,Casual Learner,DSA,2,15,50,8,71,305,3,18,Intermediate,Database Systems,Medium
943,Inactive Student,Database,1,3,15,1,37,4,1,0,Beginner,Programming Basics,High
944,Consistent Learner,Machine Learning,3,41,88,10,86,660,6,51,Intermediate,Operating Systems,Low
945,Casual Learner,Computer Networks,2,35,62,7,67,242,3,6,Intermediate,Database Systems,Medium
946,Casual Learner,Computer Networks,2,35,54,6,74,354,2,13,Intermediate,Data Structures,Medium
947,Casual Learner,Computer Networks,2,15,53,4,72,281,4,23,Intermediate,Data Structures,Medium
948,Casual Learner,DSA,3,20,63,6,69,308,4,17,Intermediate,Web Development,Medium
949,Consistent Learner,Web Development,3,38,86,14,79,537,6,33,Intermediate,Computer Networks,Low
950,Consistent Learner,Database,3,40,90,8,78,435,6,46,Intermediate,Computer Networks,Low
951,Casual Learner,Database,3,20,55,6,65,360,2,11,Intermediate,Database Systems,Medium
952,Consistent Learner,Programming,4,53,81,9,81,430,6,31,Intermediate,Algorithms,Low
953,Consistent Learner,Operating Systems,4,49,78,14,80,440,5,25,Intermediate,Machine Learning,Low
954,High Achiever,Programming,5,55,99,15,95,948,6,41,Advanced,Machine Learning,Low
955,Consistent Learner,Programming,3,38,81,12,75,592,6,53,Intermediate,Database Systems,Low
956,Inactive Student,Web Development,1,2,19,1,21,23,1,1,Beginner,Programming Basics,High
957,Inactive Student,Computer Networks,1,3,12,2,3,22,1,0,Beginner,Programming Basics,High
958,Casual Learner,Computer Networks,3,19,50,8,63,315,3,12,Intermediate,Database Systems,Medium
959,Casual Learner,Computer Networks,3,31,63,5,60,343,3,5,Intermediate,Web Development,Medium
960,Consistent Learner,Programming,4,49,82,12,90,604,6,59,Intermediate,Machine Learning,Low
961,Consistent Learner,Web Development,3,47,84,12,81,473,6,56,Intermediate,Operating Systems,Low
962,Casual Learner,DSA,3,17,59,8,74,223,3,8,Intermediate,Database Systems,Medium
963,Casual Learner,DSA,2,21,55,4,63,291,4,5,Intermediate,Object-Oriented Programming,Medium
964,Inactive Student,Database,1,3,8,0,16,42,1,2,Beginner,Programming Basics,High
965,Casual Learner,Machine Learning,3,17,75,6,67,327,4,7,Intermediate,Web Development,Medium
966,Consistent Learner,Computer Networks,4,55,88,14,82,514,5,27,Intermediate,Machine Learning,Low
967,High Achiever,Programming,5,78,99,15,99,1182,6,113,Advanced,Deep Learning,Low
968,High Achiever,Database,5,73,90,16,88,1002,6,89,Advanced,Machine Learning,Low
969,Consistent Learner,Database,3,51,82,8,87,404,6,49,Intermediate,Machine Learning,Low
970,High Achiever,Database,4,70,100,19,90,1007,7,58,Advanced,Advanced Algorithms,Low
971,Casual Learner,Operating Systems,2,34,60,6,63,250,4,23,Intermediate,Database Systems,Medium
972,Casual Learner,DSA,3,24,72,7,61,387,3,9,Intermediate,Web Development,Medium
973,Consistent Learner,Computer Networks,3,36,80,14,90,600,5,30,Intermediate,Machine Learning,Low
974,Casual Learner,Database,3,30,61,7,72,198,4,14,Intermediate,Database Systems,Medium
975,Casual Learner,DSA,3,18,54,6,61,397,4,14,Intermediate,Database Systems,Medium
976,Casual Learner,Machine Learning,2,29,72,7,69,217,2,11,Intermediate,Web Development,Medium
977,Consistent Learner,Computer Networks,3,46,78,13,79,592,5,30,Intermediate,Data Structures,Low
978,High Achiever,Web Development,4,56,91,20,98,873,7,59,Advanced,Advanced Algorithms,Low
979,Struggling Student,DSA,1,6,27,5,55,98,1,7,Beginner,Programming Fundamentals,High
980,Inactive Student,Computer Networks,1,5,2,1,24,17,1,1,Beginner,Programming Basics,High
981,High Achiever,Programming,4,70,100,20,91,711,7,75,Advanced,Advanced Algorithms,Low
982,Struggling Student,Operating Systems,1,11,35,5,49,133,1,2,Beginner,Introduction to C++,High
983,High Achiever,Operating Systems,4,67,90,18,96,1118,7,48,Advanced,Advanced Algorithms,Low
984,Struggling Student,Machine Learning,1,17,44,3,43,83,1,1,Beginner,Programming Fundamentals,High
985,Casual Learner,Database,2,16,54,8,66,347,2,7,Intermediate,Web Development,Medium
986,Consistent Learner,Operating Systems,3,37,78,12,84,586,6,30,Intermediate,Machine Learning,Low
987,Inactive Student,Computer Networks,1,0,7,1,2,60,1,2,Beginner,Programming Fundamentals,High
988,Casual Learner,Machine Learning,3,25,66,6,66,356,2,6,Intermediate,Object-Oriented Programming,Medium
989,High Achiever,DSA,5,61,92,20,91,1002,7,75,Advanced,Machine Learning,Low
990,Struggling Student,Web Development,1,13,28,4,52,143,1,7,Beginner,Introduction to C++,High
991,High Achiever,Database,5,77,92,20,91,736,7,64,Advanced,Advanced Algorithms,Low
992,Consistent Learner,Computer Networks,3,48,79,10,88,594,4,58,Intermediate,Algorithms,Low
993,High Achiever,Programming,4,76,98,18,89,868,6,86,Advanced,Machine Learning,Low
994,Struggling Student,DSA,1,9,20,2,52,88,2,2,Beginner,Programming Basics,High
995,Consistent Learner,Computer Networks,4,53,90,8,86,692,5,55,Intermediate,Machine Learning,Low
996,Casual Learner,Programming,2,25,74,7,65,268,4,22,Intermediate,Web Development,Medium
997,Casual Learner,Operating Systems,3,30,68,5,68,182,4,21,Intermediate,Web Development,Medium
998,Consistent Learner,DSA,3,47,83,8,86,527,6,58,Intermediate,Machine Learning,Low
999,Struggling Student,DSA,2,10,45,5,56,96,2,7,Beginner,Programming Fundamentals,High
1000,Inactive Student,Operating Systems,1,1,9,2,5,60,1,1,Beginner,Introduction to C++,High
1001,Struggling Student,Computer Networks,1,6,43,3,42,81,1,2,Beginner,Programming Fundamentals,High
1002,Consistent Learner,Web Development,3,48,79,11,90,663,6,54,Intermediate,Advanced Algorithms,Low
1003,High Achiever,Programming,4,78,90,18,99,973,7,71,Advanced,Advanced Algorithms,Low
1004,Casual Learner,Operating Systems,2,34,64,5,67,224,2,16,Intermediate,Object-Oriented Programming,Medium
1005,Casual Learner,Programming,3,30,62,5,71,208,3,12,Intermediate,Computer Networks,Medium
1006,Struggling Student,Operating Systems,1,9,29,5,49,93,1,1,Beginner,Programming Fundamentals,High
1007,Casual Learner,Web Development,2,24,70,8,61,298,4,20,Intermediate,Object-Oriented Programming,Medium
1008,Consistent Learner,Machine Learning,4,45,84,10,78,402,5,31,Intermediate,Database Systems,Low
1009,Consistent Learner,Programming,4,50,81,8,79,610,4,51,Intermediate,Data Structures,Low
1010,Consistent Learner,Computer Networks,4,42,90,11,86,553,5,47,Intermediate,Algorithms,Low
1011,Casual Learner,Database,2,29,71,7,65,215,3,18,Intermediate,Object-Oriented Programming,Medium
1012,Consistent Learner,Operating Systems,3,38,81,10,76,468,5,46,Intermediate,Computer Networks,Low
1013,Consistent Learner,Programming,3,41,90,13,83,460,5,51,Intermediate,Operating Systems,Low
1014,Casual Learner,Computer Networks,2,25,74,7,72,213,2,8,Intermediate,Data Structures,Medium
1015,High Achiever,Database,4,79,100,15,88,1047,7,94,Advanced,Operating Systems,Low
1016,Struggling Student,Web Development,2,9,29,5,42,157,2,4,Beginner,Programming Fundamentals,High
1017,Consistent Learner,Machine Learning,3,42,83,14,78,534,6,35,Intermediate,Computer Networks,Low
1018,Struggling Student,DSA,2,16,45,2,56,138,1,4,Beginner,Programming Fundamentals,High
1019,Casual Learner,DSA,2,18,54,7,61,250,2,9,Intermediate,Database Systems,Medium
1020,High Achiever,DSA,4,56,96,18,96,856,6,68,Advanced,Deep Learning,Low
1021,Casual Learner,Programming,3,35,51,6,63,248,3,13,Intermediate,Database Systems,Medium
1022,Struggling Student,DSA,2,5,25,2,40,66,2,4,Beginner,Introduction to C++,High
1023,Casual Learner,Machine Learning,2,28,55,6,75,273,3,14,Intermediate,Data Structures,Medium
1024,High Achiever,Programming,4,65,95,17,99,1098,7,70,Advanced,Advanced Algorithms,Low
1025,Consistent Learner,Machine Learning,4,37,78,9,78,421,6,32,Intermediate,Data Structures,Low
1026,Struggling Student,Programming,1,13,39,4,49,152,2,4,Beginner,Programming Fundamentals,High
1027,Struggling Student,Programming,1,8,33,6,48,174,2,6,Beginner,Introduction to C++,High
1028,Casual Learner,Programming,3,17,65,7,60,222,4,13,Intermediate,Web Development,Medium
1029,Inactive Student,Database,1,0,18,0,12,47,1,1,Beginner,Programming Fundamentals,High
1030,Casual Learner,Machine Learning,2,20,64,8,72,323,3,17,Intermediate,Computer Networks,Medium
1031,Consistent Learner,DSA,3,40,81,12,75,662,5,52,Intermediate,Computer Networks,Low
1032,Struggling Student,Database,2,18,27,4,48,130,1,3,Beginner,Programming Basics,High
1033,High Achiever,DSA,5,56,100,14,92,1174,6,74,Advanced,Machine Learning,Low
1034,Casual Learner,DSA,2,32,53,4,71,341,4,16,Intermediate,Database Systems,Medium
1035,High Achiever,Computer Networks,5,78,92,18,97,850,7,47,Advanced,Advanced Algorithms,Low
1036,Struggling Student,Operating Systems,2,8,43,4,45,92,1,2,Beginner,Programming Fundamentals,High
1037,Struggling Student,Web Development,2,18,40,6,57,86,2,4,Beginner,Introduction to C++,High
1038,Consistent Learner,Machine Learning,4,39,89,9,88,588,4,50,Intermediate,Algorithms,Low
1039,Casual Learner,Web Development,2,20,56,8,75,366,2,25,Intermediate,Database Systems,Medium
1040,High Achiever,DSA,4,67,100,15,89,773,6,94,Advanced,Algorithms,Low
1041,Casual Learner,Computer Networks,3,18,73,8,64,366,2,24,Intermediate,Object-Oriented Programming,Medium
1042,Consistent Learner,Programming,3,35,76,9,82,442,5,29,Intermediate,Operating Systems,Low
1043,Casual Learner,Operating Systems,2,18,67,6,62,231,2,20,Intermediate,Web Development,Medium
1044,Struggling Student,Operating Systems,1,9,30,5,44,91,1,5,Beginner,Programming Fundamentals,High
1045,Casual Learner,Programming,2,18,67,6,63,310,3,9,Intermediate,Object-Oriented Programming,Medium
1046,Inactive Student,Programming,1,1,13,1,9,22,1,0,Beginner,Programming Fundamentals,High
1047,Consistent Learner,Computer Networks,3,50,80,8,82,452,5,42,Intermediate,Algorithms,Low
1048,Casual Learner,Programming,3,17,51,8,64,225,3,21,Intermediate,Database Systems,Medium
1049,Casual Learner,Computer Networks,3,19,71,6,69,269,2,13,Intermediate,Database Systems,Medium
1050,Casual Learner,Database,2,15,54,5,70,217,3,19,Intermediate,Computer Networks,Medium
1051,Struggling Student,Web Development,1,6,38,5,48,78,1,6,Beginner,Programming Basics,High
1052,Consistent Learner,Web Development,4,45,90,11,90,611,6,60,Intermediate,Deep Learning,Low
1053,High Achiever,Computer Networks,4,67,96,20,95,975,7,108,Advanced,Advanced Algorithms,Low
1054,Struggling Student,Web Development,1,14,42,5,56,133,1,2,Beginner,Programming Basics,High
1055,Consistent Learner,DSA,3,46,90,9,78,430,5,43,Intermediate,Data Structures,Low
1056,Consistent Learner,DSA,4,42,81,14,82,428,6,28,Intermediate,Algorithms,Low
1057,Inactive Student,Computer Networks,1,1,12,2,1,44,1,1,Beginner,Programming Basics,High
1058,Struggling Student,Computer Networks,1,12,46,6,45,63,1,6,Beginner,Programming Basics,High
1059,High Achiever,Programming,4,73,96,14,100,793,7,57,Advanced,Advanced Algorithms,Low
1060,Casual Learner,Database,3,28,73,6,74,380,4,5,Intermediate,Database Systems,Medium
1061,High Achiever,Programming,4,74,92,20,90,705,7,94,Advanced,Advanced Algorithms,Low
1062,Inactive Student,Web Development,1,4,8,2,32,19,0,1,Beginner,Programming Basics,High
1063,Consistent Learner,Programming,4,39,81,11,76,512,5,31,Intermediate,Computer Networks,Low
1064,Inactive Student,Machine Learning,1,0,14,1,20,41,1,1,Beginner,Programming Basics,High
1065,High Achiever,Database,5,61,94,13,89,739,7,117,Advanced,Machine Learning,Low
1066,High Achiever,Database,4,72,91,13,91,1005,6,79,Advanced,Machine Learning,Low
1067,Casual Learner,Computer Networks,2,22,58,4,61,324,3,6,Intermediate,Object-Oriented Programming,Medium
1068,Consistent Learner,Database,3,46,84,11,81,561,5,42,Intermediate,Algorithms,Low
1069,Struggling Student,Programming,2,11,48,6,43,124,1,1,Beginner,Programming Fundamentals,High
1070,Struggling Student,Web Development,1,9,25,3,54,70,1,4,Beginner,Programming Basics,High
1071,Struggling Student,Computer Networks,1,17,42,3,56,126,2,8,Beginner,Programming Basics,High
1072,Consistent Learner,Database,4,36,87,9,81,438,4,56,Intermediate,Operating Systems,Low
1073,Inactive Student,Programming,1,0,4,1,35,55,0,1,Beginner,Programming Basics,High
1074,Casual Learner,DSA,3,20,52,6,71,270,2,7,Intermediate,Data Structures,Medium
1075,Struggling Student,Web Development,2,12,28,5,60,178,1,2,Beginner,Web Development,High
1076,Casual Learner,Database,3,27,63,8,64,292,3,21,Intermediate,Web Development,Medium
1077,Inactive Student,Database,1,0,13,2,28,16,0,2,Beginner,Programming Fundamentals,High
1078,High Achiever,Operating Systems,4,77,98,12,90,1136,6,77,Advanced,Deep Learning,Low
1079,Consistent Learner,Web Development,3,42,87,14,89,447,5,49,Intermediate,Machine Learning,Low
1080,Casual Learner,Operating Systems,3,18,52,5,63,281,3,11,Intermediate,Database Systems,Medium
1081,Consistent Learner,Database,4,54,90,9,90,458,5,49,Intermediate,Machine Learning,Low
1082,Casual Learner,Web Development,2,35,56,6,61,333,3,6,Intermediate,Database Systems,Medium
1083,Struggling Student,Web Development,1,5,26,2,53,94,2,3,Beginner,Programming Basics,High
1084,High Achiever,Database,5,57,94,19,94,968,6,73,Advanced,Machine Learning,Low
1085,Struggling Student,Programming,2,10,50,4,45,85,2,7,Beginner,Introduction to C++,High
1086,Casual Learner,Computer Networks,2,28,61,8,72,390,2,22,Intermediate,Computer Networks,Medium
1087,Consistent Learner,Computer Networks,3,45,85,8,79,634,4,51,Intermediate,Database Systems,Low
1088,High Achiever,Computer Networks,5,63,98,12,95,1182,6,97,Advanced,Advanced Algorithms,Low
1089,Inactive Student,Programming,1,0,6,2,12,26,0,2,Beginner,Introduction to C++,High
1090,Consistent Learner,DSA,3,53,75,10,86,408,5,39,Intermediate,Operating Systems,Low
1091,Struggling Student,Programming,2,15,34,5,53,105,2,7,Beginner,Programming Fundamentals,High
1092,Inactive Student,Database,1,0,5,1,27,23,0,2,Beginner,Programming Fundamentals,High
1093,Consistent Learner,Web Development,4,44,88,13,84,450,4,26,Intermediate,Algorithms,Low
1094,Casual Learner,Machine Learning,3,18,65,8,63,342,3,21,Intermediate,Web Development,Medium
1095,Struggling Student,Computer Networks,2,18,33,3,47,159,2,7,Beginner,Programming Basics,High
1096,Consistent Learner,Web Development,3,46,89,11,87,403,5,34,Intermediate,Operating Systems,Low
1097,Consistent Learner,Computer Networks,4,44,88,13,82,402,5,22,Intermediate,Algorithms,Low
1098,High Achiever,Operating Systems,5,71,99,17,93,787,7,70,Advanced,Advanced Algorithms,Low
1099,Inactive Student,DSA,1,4,20,1,3,51,1,0,Beginner,Programming Fundamentals,High
1100,Consistent Learner,Computer Networks,3,47,85,12,80,623,4,26,Intermediate,Operating Systems,Low
1101,Struggling Student,Machine Learning,1,15,38,5,60,177,2,3,Beginner,Database Systems,High
1102,Consistent Learner,Programming,3,48,75,13,79,414,6,54,Intermediate,Data Structures,Low
1103,Casual Learner,Programming,2,29,70,6,65,241,4,12,Intermediate,Database Systems,Medium
1104,Consistent Learner,Operating Systems,3,47,83,13,76,540,4,29,Intermediate,Computer Networks,Low
1105,High Achiever,Machine Learning,4,58,97,13,89,772,7,73,Advanced,Algorithms,Low
1106,High Achiever,Web Development,5,61,96,13,95,1107,6,92,Advanced,Machine Learning,Low
1107,Casual Learner,Computer Networks,2,21,71,7,72,260,4,19,Intermediate,Data Structures,Medium
1108,Consistent Learner,Programming,3,53,76,8,85,577,5,59,Intermediate,Operating Systems,Low
1109,Casual Learner,DSA,3,18,56,8,60,317,2,21,Intermediate,Web Development,Medium
1110,Struggling Student,DSA,2,6,48,3,40,101,1,4,Beginner,Programming Basics,High
1111,Struggling Student,DSA,2,9,35,3,42,104,2,8,Beginner,Programming Fundamentals,High
1112,Struggling Student,Web Development,2,8,28,3,46,147,2,7,Beginner,Programming Basics,High
1113,Casual Learner,Operating Systems,3,20,75,5,75,290,3,18,Intermediate,Computer Networks,Medium
1114,Struggling Student,Operating Systems,2,14,23,6,52,114,1,6,Beginner,Introduction to C++,High
1115,Struggling Student,Operating Systems,1,12,25,2,56,92,2,5,Beginner,Programming Fundamentals,High
1116,Struggling Student,Computer Networks,2,11,20,2,45,163,2,7,Beginner,Programming Basics,High
1117,Consistent Learner,Programming,3,46,86,9,85,462,4,40,Intermediate,Operating Systems,Low
1118,High Achiever,Database,4,69,99,17,91,987,6,89,Advanced,Deep Learning,Low
1119,Casual Learner,Machine Learning,2,18,67,6,62,326,4,18,Intermediate,Web Development,Medium
1120,Struggling Student,Database,2,8,26,2,55,123,1,5,Beginner,Introduction to C++,High
1121,High Achiever,Web Development,4,74,95,18,91,995,6,76,Advanced,Machine Learning,Low
1122,Casual Learner,Operating Systems,2,29,59,5,72,189,4,21,Intermediate,Data Structures,Medium
1123,Consistent Learner,Programming,3,50,78,14,88,554,5,40,Intermediate,Machine Learning,Low
1124,Casual Learner,Machine Learning,3,30,69,4,72,256,4,19,Intermediate,Database Systems,Medium
1125,Struggling Student,Programming,2,14,23,2,47,66,1,3,Beginner,Programming Basics,High
1126,Inactive Student,Operating Systems,1,5,13,0,10,5,0,2,Beginner,Introduction to C++,High
1127,Struggling Student,Machine Learning,1,16,47,2,48,173,1,2,Beginner,Programming Basics,High
1128,Inactive Student,Programming,1,2,10,2,39,50,1,1,Beginner,Programming Fundamentals,High
1129,Consistent Learner,DSA,4,38,79,10,79,699,5,60,Intermediate,Database Systems,Low
1130,Casual Learner,Machine Learning,2,33,65,7,68,262,4,20,Intermediate,Object-Oriented Programming,Medium
1131,High Achiever,Operating Systems,5,77,91,17,96,1127,6,66,Advanced,Advanced Algorithms,Low
1132,High Achiever,Web Development,4,61,90,15,95,1119,7,64,Advanced,Deep Learning,Low
1133,High Achiever,DSA,5,79,94,19,98,778,6,56,Advanced,Machine Learning,Low
1134,Inactive Student,Web Development,1,3,19,2,12,49,1,0,Beginner,Programming Basics,High
1135,Consistent Learner,DSA,4,53,78,9,89,454,6,27,Intermediate,Algorithms,Low
1136,High Achiever,Web Development,4,63,90,19,98,971,7,85,Advanced,Deep Learning,Low
1137,High Achiever,Machine Learning,4,66,96,15,90,903,7,105,Advanced,Deep Learning,Low
1138,High Achiever,Database,5,58,90,18,99,1175,7,64,Advanced,Deep Learning,Low
1139,Consistent Learner,DSA,4,51,90,12,88,455,6,23,Intermediate,Operating Systems,Low
1140,Consistent Learner,Programming,3,38,76,8,83,522,4,54,Intermediate,Algorithms,Low
1141,Consistent Learner,Machine Learning,4,47,87,8,82,537,5,33,Intermediate,Algorithms,Low
1142,Struggling Student,Database,2,16,39,4,40,72,1,8,Beginner,Programming Fundamentals,High
1143,Consistent Learner,Computer Networks,3,40,85,13,77,485,4,41,Intermediate,Database Systems,Low
1144,High Achiever,Programming,5,68,95,12,90,1198,7,49,Advanced,Machine Learning,Low
1145,Casual Learner,Operating Systems,2,34,61,7,60,305,2,20,Intermediate,Object-Oriented Programming,Medium
1146,High Achiever,Programming,5,62,98,20,90,1086,6,52,Advanced,Machine Learning,Low
1147,Consistent Learner,Computer Networks,4,49,90,13,86,679,5,51,Intermediate,Machine Learning,Low
1148,Consistent Learner,Programming,4,44,85,12,90,457,5,53,Intermediate,Advanced Algorithms,Low
1149,Casual Learner,DSA,3,22,71,5,71,307,2,12,Intermediate,Computer Networks,Medium
1150,Struggling Student,Web Development,2,8,43,2,46,177,2,2,Beginner,Introduction to C++,High
1151,Struggling Student,Computer Networks,2,13,25,4,51,173,2,7,Beginner,Programming Fundamentals,High
1152,Casual Learner,Database,3,21,51,8,70,393,4,8,Intermediate,Database Systems,Medium
1153,Struggling Student,Machine Learning,2,9,23,2,55,178,1,8,Beginner,Programming Fundamentals,High
1154,Consistent Learner,Database,3,44,90,10,77,550,4,49,Intermediate,Data Structures,Low
1155,Consistent Learner,Operating Systems,3,36,90,10,75,620,5,20,Intermediate,Data Structures,Low
1156,Consistent Learner,Database,4,51,79,8,83,473,6,32,Intermediate,Machine Learning,Low
1157,Casual Learner,Programming,3,22,51,7,71,243,4,25,Intermediate,Database Systems,Medium
1158,Casual Learner,Programming,3,24,69,6,65,324,3,15,Intermediate,Web Development,Medium
1159,High Achiever,Operating Systems,4,63,92,18,96,802,7,79,Advanced,Machine Learning,Low
1160,Consistent Learner,Computer Networks,4,52,80,11,88,449,4,53,Intermediate,Machine Learning,Low
1161,Casual Learner,Machine Learning,3,29,61,7,74,287,3,19,Intermediate,Data Structures,Medium
1162,Inactive Student,Programming,1,3,2,0,39,58,1,0,Beginner,Programming Fundamentals,High
1163,Casual Learner,DSA,3,16,74,7,64,283,4,5,Intermediate,Database Systems,Medium
1164,Struggling Student,Operating Systems,2,18,21,2,41,94,1,6,Beginner,Programming Fundamentals,High
1165,High Achiever,Database,5,77,95,12,89,1079,6,66,Advanced,Operating Systems,Low
1166,High Achiever,Computer Networks,5,59,93,14,92,1021,7,40,Advanced,Deep Learning,Low
1167,Casual Learner,DSA,2,17,50,5,63,313,2,12,Intermediate,Object-Oriented Programming,Medium
1168,High Achiever,Programming,5,67,90,13,92,907,7,63,Advanced,Machine Learning,Low
1169,Struggling Student,Machine Learning,2,18,39,5,59,75,2,3,Beginner,Programming Fundamentals,High
1170,High Achiever,DSA,4,60,98,20,91,943,7,77,Advanced,Deep Learning,Low
1171,Casual Learner,Machine Learning,3,26,71,6,72,278,4,8,Intermediate,Database Systems,Medium
1172,Casual Learner,Web Development,2,15,59,7,63,324,3,5,Intermediate,Web Development,Medium
1173,Consistent Learner,Computer Networks,4,36,86,9,89,634,5,20,Intermediate,Algorithms,Low
1174,Consistent Learner,Operating Systems,3,46,87,12,77,489,6,29,Intermediate,Database Systems,Low
1175,Casual Learner,Machine Learning,3,29,72,5,68,380,4,14,Intermediate,Database Systems,Medium
1176,High Achiever,Operating Systems,5,67,97,14,97,1062,7,56,Advanced,Advanced Algorithms,Low
1177,Consistent Learner,Machine Learning,4,53,87,8,76,415,6,30,Intermediate,Data Structures,Low
1178,High Achiever,Programming,5,76,97,17,100,818,6,53,Advanced,Machine Learning,Low
1179,Struggling Student,Web Development,2,6,21,6,48,74,1,2,Beginner,Introduction to C++,High
1180,Struggling Student,Machine Learning,1,7,30,2,54,108,1,4,Beginner,Programming Basics,High
1181,Consistent Learner,Web Development,4,42,81,13,80,622,6,32,Intermediate,Algorithms,Low
1182,Casual Learner,Computer Networks,2,21,51,5,60,272,3,23,Intermediate,Web Development,Medium
1183,Struggling Student,Database,1,15,43,6,55,84,1,8,Beginner,Programming Fundamentals,High
1184,Consistent Learner,Machine Learning,3,37,89,11,87,436,6,25,Intermediate,Algorithms,Low
1185,Struggling Student,Database,1,6,35,3,41,136,2,1,Beginner,Programming Basics,High
1186,Struggling Student,Database,2,11,42,4,42,171,1,5,Beginner,Programming Basics,High
1187,Casual Learner,DSA,3,27,69,4,63,329,3,13,Intermediate,Web Development,Medium
1188,High Achiever,Database,5,63,93,17,100,730,6,66,Advanced,Advanced Algorithms,Low
1189,Struggling Student,Database,1,8,35,2,58,175,1,6,Beginner,Programming Basics,High
1190,Inactive Student,Machine Learning,1,5,19,0,35,30,0,1,Beginner,Programming Fundamentals,High
1191,High Achiever,Programming,5,71,93,17,94,944,7,69,Advanced,Machine Learning,Low
1192,Inactive Student,Programming,1,1,17,2,24,43,0,2,Beginner,Introduction to C++,High
1193,High Achiever,Operating Systems,5,77,92,18,99,918,6,54,Advanced,Deep Learning,Low
1194,High Achiever,Machine Learning,5,66,93,17,94,1170,6,70,Advanced,Machine Learning,Low
1195,High Achiever,Programming,4,68,98,12,100,707,6,47,Advanced,Machine Learning,Low
1196,High Achiever,Web Development,4,64,90,17,93,1008,6,77,Advanced,Machine Learning,Low
1197,Casual Learner,Web Development,2,17,52,6,66,306,4,16,Intermediate,Object-Oriented Programming,Medium
1198,Casual Learner,Database,3,32,59,5,68,261,4,22,Intermediate,Web Development,Medium
1199,High Achiever,Database,5,77,99,19,92,740,6,57,Advanced,Advanced Algorithms,Low
1200,Consistent Learner,Computer Networks,3,38,86,13,79,418,4,48,Intermediate,Computer Networks,Low
1201,Struggling Student,Programming,1,12,46,2,48,95,2,5,Beginner,Programming Basics,High
1202,High Achiever,Operating Systems,5,70,90,18,94,927,6,68,Advanced,Machine Learning,Low
1203,Consistent Learner,Computer Networks,4,52,76,13,84,416,6,42,Intermediate,Algorithms,Low
1204,Inactive Student,Operating Systems,1,2,8,2,13,48,0,1,Beginner,Programming Fundamentals,High
1205,Struggling Student,Web Development,2,17,43,2,43,130,2,5,Beginner,Programming Fundamentals,High
1206,Casual Learner,Machine Learning,3,20,62,7,67,213,2,13,Intermediate,Web Development,Medium
1207,Inactive Student,Programming,1,1,17,1,21,36,1,0,Beginner,Programming Fundamentals,High
1208,Consistent Learner,Database,4,55,75,8,84,691,6,40,Intermediate,Machine Learning,Low
1209,Struggling Student,Web Development,2,5,34,2,54,64,2,8,Beginner,Programming Fundamentals,High
1210,Struggling Student,DSA,2,5,38,2,48,174,2,2,Beginner,Introduction to C++,High
1211,Consistent Learner,Operating Systems,4,43,90,9,82,489,4,59,Intermediate,Operating Systems,Low
1212,High Achiever,Programming,4,60,100,20,95,996,7,45,Advanced,Advanced Algorithms,Low
1213,Struggling Student,Programming,2,9,20,4,57,151,1,4,Beginner,Introduction to C++,High
1214,High Achiever,Machine Learning,5,58,98,13,91,804,7,113,Advanced,Deep Learning,Low
1215,Struggling Student,Computer Networks,2,6,40,5,49,78,1,6,Beginner,Programming Fundamentals,High
1216,Struggling Student,Database,2,15,31,5,49,139,1,3,Beginner,Introduction to C++,High
1217,High Achiever,DSA,4,58,99,15,100,860,7,67,Advanced,Deep Learning,Low
1218,Struggling Student,Programming,1,11,44,2,42,179,1,7,Beginner,Programming Fundamentals,High
1219,Struggling Student,Operating Systems,1,14,35,6,56,116,2,5,Beginner,Programming Basics,High
1220,Struggling Student,Database,1,10,27,4,47,118,2,2,Beginner,Programming Fundamentals,High
1221,Consistent Learner,Computer Networks,4,46,77,10,77,585,6,50,Intermediate,Computer Networks,Low
1222,Consistent Learner,Operating Systems,4,42,79,12,82,608,6,57,Intermediate,Operating Systems,Low
1223,High Achiever,Database,5,65,95,13,89,909,7,104,Advanced,Algorithms,Low
1224,Casual Learner,Computer Networks,2,20,64,4,65,210,3,13,Intermediate,Web Development,Medium
1225,Struggling Student,Web Development,1,7,47,2,53,63,1,2,Beginner,Programming Basics,High
1226,Casual Learner,Machine Learning,3,28,61,5,72,358,4,12,Intermediate,Computer Networks,Medium
1227,Consistent Learner,Database,4,53,78,13,76,437,6,42,Intermediate,Database Systems,Low
1228,Inactive Student,Computer Networks,1,3,13,1,30,44,0,2,Beginner,Programming Basics,High
1229,Struggling Student,Machine Learning,1,7,48,2,58,135,2,8,Beginner,Introduction to C++,High
1230,Consistent Learner,DSA,4,38,82,10,90,574,4,56,Intermediate,Advanced Algorithms,Low
1231,Struggling Student,Machine Learning,2,9,30,5,50,156,1,3,Beginner,Programming Basics,High
1232,Struggling Student,Computer Networks,1,11,36,4,58,172,2,2,Beginner,Introduction to C++,High
1233,Consistent Learner,Programming,4,43,90,11,82,486,5,36,Intermediate,Operating Systems,Low
1234,Struggling Student,DSA,2,7,23,3,57,167,1,1,Beginner,Programming Fundamentals,High
1235,Inactive Student,Machine Learning,1,4,6,0,31,53,0,1,Beginner,Programming Basics,High
1236,Consistent Learner,Machine Learning,4,49,79,14,89,551,4,27,Intermediate,Machine Learning,Low
1237,Struggling Student,Web Development,2,6,47,3,48,153,1,6,Beginner,Programming Basics,High
1238,Struggling Student,DSA,1,10,25,6,50,95,2,2,Beginner,Programming Fundamentals,High
1239,Casual Learner,Programming,3,18,72,8,70,228,4,25,Intermediate,Data Structures,Medium
1240,Inactive Student,Computer Networks,1,0,7,0,37,24,0,2,Beginner,Programming Basics,High
1241,Consistent Learner,DSA,4,40,90,10,79,501,6,25,Intermediate,Computer Networks,Low
1242,Struggling Student,Computer Networks,1,5,33,2,55,131,1,3,Beginner,Programming Basics,High
1243,Casual Learner,Database,3,35,68,5,71,303,4,10,Intermediate,Database Systems,Medium
1244,Struggling Student,Database,2,12,45,5,59,105,2,5,Beginner,Programming Basics,High
1245,Consistent Learner,Operating Systems,4,48,89,10,82,617,4,31,Intermediate,Machine Learning,Low
1246,Inactive Student,Computer Networks,1,0,11,2,25,45,0,1,Beginner,Introduction to C++,High
1247,Casual Learner,Computer Networks,2,15,59,6,66,397,3,6,Intermediate,Web Development,Medium
1248,Struggling Student,Database,2,11,32,5,53,111,2,1,Beginner,Introduction to C++,High
1249,Casual Learner,DSA,3,35,51,6,74,284,2,23,Intermediate,Data Structures,Medium
1250,Casual Learner,Operating Systems,2,34,69,6,64,334,4,5,Intermediate,Web Development,Medium
1251,High Achiever,Web Development,4,79,95,17,100,1092,6,46,Advanced,Advanced Algorithms,Low
1252,Consistent Learner,Machine Learning,3,40,87,14,82,548,4,43,Intermediate,Machine Learning,Low
1253,Casual Learner,Machine Learning,2,15,51,4,63,308,3,20,Intermediate,Object-Oriented Programming,Medium
1254,Consistent Learner,Database,3,42,82,8,83,463,5,45,Intermediate,Algorithms,Low
1255,Struggling Student,Database,1,6,22,6,53,62,1,3,Beginner,Programming Basics,High
1256,Struggling Student,Operating Systems,2,8,46,6,49,160,2,7,Beginner,Programming Fundamentals,High
1257,Struggling Student,Database,2,12,26,2,48,143,2,7,Beginner,Introduction to C++,High
1258,Casual Learner,DSA,3,32,58,7,69,359,4,21,Intermediate,Object-Oriented Programming,Medium
1259,Consistent Learner,Web Development,4,46,78,11,82,695,4,45,Intermediate,Algorithms,Low
1260,Casual Learner,Web Development,2,35,59,6,64,387,4,7,Intermediate,Object-Oriented Programming,Medium
1261,Casual Learner,DSA,3,33,57,4,64,283,4,20,Intermediate,Web Development,Medium
1262,Struggling Student,Machine Learning,1,5,44,5,48,112,2,6,Beginner,Programming Basics,High
1263,High Achiever,Computer Networks,5,55,94,15,100,987,7,109,Advanced,Deep Learning,Low
1264,Consistent Learner,Computer Networks,3,45,89,13,90,663,6,25,Intermediate,Machine Learning,Low
1265,Casual Learner,Programming,3,19,74,4,65,313,4,8,Intermediate,Object-Oriented Programming,Medium
1266,Consistent Learner,Operating Systems,3,36,88,11,80,668,5,28,Intermediate,Operating Systems,Low
1267,Struggling Student,Web Development,2,5,29,2,53,97,2,6,Beginner,Programming Fundamentals,High
1268,Struggling Student,Machine Learning,1,7,29,6,46,162,2,5,Beginner,Introduction to C++,High
1269,Casual Learner,Database,2,20,66,7,60,261,3,10,Intermediate,Object-Oriented Programming,Medium
1270,Casual Learner,Programming,3,21,56,4,74,264,2,6,Intermediate,Computer Networks,Medium
1271,Casual Learner,DSA,2,26,70,8,67,268,4,5,Intermediate,Object-Oriented Programming,Medium
1272,Consistent Learner,Operating Systems,4,53,84,10,87,530,6,54,Intermediate,Operating Systems,Low
1273,Casual Learner,Programming,2,18,73,5,68,225,3,23,Intermediate,Object-Oriented Programming,Medium
1274,High Achiever,Machine Learning,5,65,99,16,100,1077,7,66,Advanced,Machine Learning,Low
1275,High Achiever,DSA,4,57,99,14,90,784,7,40,Advanced,Deep Learning,Low
1276,High Achiever,Programming,4,71,97,18,98,941,7,78,Advanced,Advanced Algorithms,Low
1277,Struggling Student,DSA,2,11,44,5,55,105,2,6,Beginner,Programming Fundamentals,High
1278,High Achiever,Machine Learning,4,60,100,16,99,773,7,111,Advanced,Deep Learning,Low
1279,Casual Learner,Operating Systems,3,18,67,7,71,225,2,16,Intermediate,Database Systems,Medium
1280,Struggling Student,Database,2,8,39,6,46,108,2,3,Beginner,Programming Fundamentals,High
1281,Inactive Student,DSA,1,3,11,2,12,0,1,1,Beginner,Programming Basics,High
1282,Inactive Student,Database,1,4,0,2,17,2,1,2,Beginner,Introduction to C++,High
1283,Consistent Learner,Computer Networks,4,43,76,12,75,641,6,60,Intermediate,Database Systems,Low
1284,Casual Learner,Web Development,2,16,61,4,64,360,4,10,Intermediate,Object-Oriented Programming,Medium
1285,High Achiever,Operating Systems,4,56,97,12,93,749,7,64,Advanced,Advanced Algorithms,Low
1286,Casual Learner,Programming,3,25,72,5,71,312,2,17,Intermediate,Database Systems,Medium
1287,Struggling Student,Computer Networks,1,6,26,6,44,153,2,2,Beginner,Programming Basics,High
1288,Casual Learner,Database,2,31,63,5,60,259,3,22,Intermediate,Database Systems,Medium
1289,High Achiever,Web Development,4,73,97,13,89,1170,6,63,Advanced,Operating Systems,Low
1290,High Achiever,Database,4,79,92,12,91,1026,7,98,Advanced,Machine Learning,Low
1291,Struggling Student,DSA,2,18,41,3,44,99,1,7,Beginner,Programming Fundamentals,High
1292,Consistent Learner,Database,3,53,85,11,82,496,5,32,Intermediate,Algorithms,Low
1293,Inactive Student,Database,1,5,14,1,5,31,1,2,Beginner,Introduction to C++,High
1294,Consistent Learner,Computer Networks,4,55,80,8,87,479,6,56,Intermediate,Algorithms,Low
1295,Inactive Student,Web Development,1,2,20,2,18,13,1,2,Beginner,Programming Fundamentals,High
1296,Casual Learner,Computer Networks,3,17,66,5,68,235,3,13,Intermediate,Object-Oriented Programming,Medium
1297,Inactive Student,Machine Learning,1,5,20,0,30,8,1,2,Beginner,Introduction to C++,High
1298,Consistent Learner,Web Development,3,45,78,13,86,404,4,46,Intermediate,Machine Learning,Low
1299,Consistent Learner,Computer Networks,3,40,86,10,80,639,6,31,Intermediate,Algorithms,Low
1300,Casual Learner,Machine Learning,3,33,68,7,72,301,2,13,Intermediate,Computer Networks,Medium
1301,Consistent Learner,Database,4,47,84,8,82,659,4,46,Intermediate,Machine Learning,Low
1302,Struggling Student,Machine Learning,2,14,20,3,56,81,2,4,Beginner,Programming Fundamentals,High
1303,Struggling Student,DSA,2,17,50,2,42,99,1,6,Beginner,Introduction to C++,High
1304,Consistent Learner,Web Development,3,39,81,9,84,557,4,31,Intermediate,Algorithms,Low
1305,Struggling Student,Web Development,1,16,27,3,57,168,2,1,Beginner,Introduction to C++,High
1306,Consistent Learner,Programming,4,52,87,13,81,641,6,44,Intermediate,Machine Learning,Low
1307,Struggling Student,Operating Systems,1,11,24,4,44,111,2,5,Beginner,Programming Fundamentals,High
1308,Struggling Student,Web Development,2,13,22,4,55,145,1,4,Beginner,Programming Fundamentals,High
1309,Consistent Learner,DSA,4,46,85,12,75,603,4,34,Intermediate,Data Structures,Low
1310,Casual Learner,Programming,2,24,63,4,70,278,4,10,Intermediate,Database Systems,Medium
1311,Consistent Learner,Database,4,50,76,10,88,491,4,45,Intermediate,Operating Systems,Low
1312,Casual Learner,Programming,3,17,61,4,72,385,2,10,Intermediate,Database Systems,Medium
1313,High Achiever,Machine Learning,5,76,97,12,95,1034,7,94,Advanced,Machine Learning,Low
1314,Consistent Learner,Database,3,54,89,12,86,642,6,41,Intermediate,Operating Systems,Low
1315,Inactive Student,Programming,1,1,13,2,24,55,0,0,Beginner,Programming Basics,High
1316,Consistent Learner,Computer Networks,4,41,89,11,76,637,5,22,Intermediate,Data Structures,Low
1317,Struggling Student,Web Development,2,5,48,6,51,92,2,6,Beginner,Programming Fundamentals,High
1318,Consistent Learner,Operating Systems,3,52,83,9,84,582,5,21,Intermediate,Machine Learning,Low
1319,Consistent Learner,Computer Networks,3,54,78,10,76,672,6,45,Intermediate,Data Structures,Low
1320,Consistent Learner,Machine Learning,3,39,79,13,90,620,5,42,Intermediate,Deep Learning,Low
1321,Casual Learner,DSA,3,16,52,6,71,189,2,24,Intermediate,Computer Networks,Medium
1322,Casual Learner,Programming,3,31,73,4,70,343,4,14,Intermediate,Database Systems,Medium
1323,Casual Learner,DSA,3,35,73,4,73,209,2,23,Intermediate,Database Systems,Medium
1324,Inactive Student,Machine Learning,1,4,17,0,3,23,1,0,Beginner,Introduction to C++,High
1325,Consistent Learner,Computer Networks,3,43,76,12,87,492,6,38,Intermediate,Machine Learning,Low
1326,High Achiever,DSA,4,80,96,14,92,836,7,116,Advanced,Advanced Algorithms,Low
1327,Consistent Learner,DSA,3,35,85,9,77,547,6,58,Intermediate,Database Systems,Low
1328,Casual Learner,Computer Networks,3,32,62,7,60,267,3,15,Intermediate,Database Systems,Medium
1329,Struggling Student,DSA,2,18,43,5,46,128,1,7,Beginner,Introduction to C++,High
1330,Casual Learner,Computer Networks,2,35,65,8,71,201,2,21,Intermediate,Database Systems,Medium
1331,Consistent Learner,Operating Systems,4,49,89,8,79,699,4,59,Intermediate,Database Systems,Low
1332,Casual Learner,Web Development,2,24,67,7,67,276,4,9,Intermediate,Database Systems,Medium
1333,Casual Learner,Operating Systems,2,18,62,5,66,208,4,14,Intermediate,Object-Oriented Programming,Medium
1334,Struggling Student,Operating Systems,2,13,33,4,46,113,2,6,Beginner,Introduction to C++,High
1335,Casual Learner,Computer Networks,3,31,67,8,72,237,3,20,Intermediate,Database Systems,Medium
1336,Consistent Learner,Web Development,3,40,87,10,75,672,5,49,Intermediate,Computer Networks,Low
1337,Consistent Learner,Programming,4,53,88,11,88,496,6,21,Intermediate,Operating Systems,Low
1338,Consistent Learner,Machine Learning,3,54,88,8,85,527,4,56,Intermediate,Operating Systems,Low
1339,Casual Learner,Programming,3,15,73,8,72,321,4,11,Intermediate,Data Structures,Medium
1340,Casual Learner,Computer Networks,2,20,65,5,70,213,3,7,Intermediate,Data Structures,Medium
1341,Consistent Learner,Web Development,4,42,89,9,80,636,6,27,Intermediate,Operating Systems,Low
1342,Struggling Student,Operating Systems,1,8,34,2,40,155,1,7,Beginner,Programming Fundamentals,High
1343,Inactive Student,Operating Systems,1,3,2,1,16,56,0,2,Beginner,Programming Fundamentals,High
1344,Casual Learner,Machine Learning,2,29,65,4,69,387,3,6,Intermediate,Database Systems,Medium
1345,Consistent Learner,Machine Learning,4,48,78,8,79,534,6,27,Intermediate,Computer Networks,Low
1346,Consistent Learner,Web Development,4,39,82,14,90,507,5,26,Intermediate,Deep Learning,Low
1347,Casual Learner,Programming,3,30,74,5,68,267,3,19,Intermediate,Database Systems,Medium
1348,Struggling Student,Computer Networks,2,14,28,6,41,157,1,3,Beginner,Programming Fundamentals,High
1349,Consistent Learner,DSA,4,53,86,13,84,557,6,30,Intermediate,Operating Systems,Low
1350,Casual Learner,Web Development,3,24,54,5,64,335,3,17,Intermediate,Database Systems,Medium
1351,Casual Learner,Programming,2,33,59,5,60,246,3,21,Intermediate,Web Development,Medium
1352,Struggling Student,Machine Learning,2,12,39,3,51,142,1,6,Beginner,Programming Fundamentals,High
1353,Consistent Learner,Operating Systems,4,55,80,14,90,489,5,44,Intermediate,Machine Learning,Low
1354,Casual Learner,Programming,3,22,59,5,67,218,3,24,Intermediate,Web Development,Medium
1355,Struggling Student,Computer Networks,1,10,35,5,58,176,1,4,Beginner,Programming Fundamentals,High
1356,Consistent Learner,Computer Networks,3,47,78,10,77,538,6,54,Intermediate,Computer Networks,Low
1357,Casual Learner,Programming,2,29,68,8,67,242,3,10,Intermediate,Web Development,Medium
1358,Inactive Student,Operating Systems,1,1,7,2,29,11,0,2,Beginner,Introduction to C++,High
1359,Casual Learner,Programming,2,17,54,8,69,195,2,12,Intermediate,Object-Oriented Programming,Medium
1360,Casual Learner,Machine Learning,3,29,53,8,61,261,4,7,Intermediate,Object-Oriented Programming,Medium
1361,Casual Learner,Web Development,2,30,56,4,66,333,3,14,Intermediate,Web Development,Medium
1362,High Achiever,Web Development,4,78,97,15,97,1112,7,40,Advanced,Deep Learning,Low
1363,Struggling Student,Machine Learning,2,12,40,3,50,124,2,5,Beginner,Programming Fundamentals,High
1364,Consistent Learner,Operating Systems,3,45,83,13,84,625,4,31,Intermediate,Machine Learning,Low
1365,High Achiever,Machine Learning,5,70,92,14,89,1089,7,78,Advanced,Algorithms,Low
1366,Inactive Student,Web Development,1,2,20,2,34,52,0,0,Beginner,Programming Basics,High
1367,Struggling Student,DSA,2,13,29,4,56,120,1,5,Beginner,Programming Fundamentals,High
1368,Consistent Learner,Computer Networks,3,45,80,9,87,487,4,59,Intermediate,Operating Systems,Low
1369,Consistent Learner,Machine Learning,4,55,88,14,83,517,5,50,Intermediate,Machine Learning,Low
1370,Consistent Learner,Database,4,46,85,11,84,617,6,45,Intermediate,Machine Learning,Low
1371,High Achiever,Web Development,4,68,95,14,95,1092,7,42,Advanced,Advanced Algorithms,Low
1372,Consistent Learner,Computer Networks,4,44,86,8,85,618,5,40,Intermediate,Operating Systems,Low
1373,Casual Learner,DSA,2,34,66,7,68,207,2,12,Intermediate,Object-Oriented Programming,Medium
1374,Consistent Learner,Web Development,4,36,87,13,90,527,5,58,Intermediate,Advanced Algorithms,Low
1375,Consistent Learner,Programming,3,55,85,10,86,624,5,27,Intermediate,Machine Learning,Low
1376,High Achiever,Computer Networks,4,65,96,14,90,1001,7,113,Advanced,Machine Learning,Low
1377,Casual Learner,Web Development,2,25,68,8,68,322,4,14,Intermediate,Web Development,Medium
1378,High Achiever,Operating Systems,4,80,95,17,100,928,6,63,Advanced,Deep Learning,Low
1379,Casual Learner,Web Development,3,25,56,6,68,334,4,5,Intermediate,Object-Oriented Programming,Medium
1380,High Achiever,Web Development,5,67,97,12,96,730,7,42,Advanced,Advanced Algorithms,Low
1381,Casual Learner,Programming,3,32,65,6,70,342,2,7,Intermediate,Computer Networks,Medium
1382,High Achiever,Machine Learning,4,72,92,20,89,993,7,118,Advanced,Operating Systems,Low
1383,Inactive Student,Operating Systems,1,0,13,1,29,28,0,2,Beginner,Introduction to C++,High
1384,High Achiever,Computer Networks,5,69,98,18,88,905,7,40,Advanced,Operating Systems,Low
1385,Struggling Student,Programming,1,8,30,5,44,93,1,6,Beginner,Programming Fundamentals,High
1386,Casual Learner,Computer Networks,2,33,61,8,64,228,2,11,Intermediate,Database Systems,Medium
1387,Consistent Learner,Programming,3,39,86,8,85,561,4,33,Intermediate,Algorithms,Low
1388,Consistent Learner,Web Development,4,42,81,14,86,413,4,48,Intermediate,Algorithms,Low
1389,Struggling Student,Web Development,1,12,47,3,52,66,2,8,Beginner,Introduction to C++,High
1390,Consistent Learner,Operating Systems,4,53,78,8,80,659,6,53,Intermediate,Algorithms,Low
1391,Consistent Learner,DSA,3,50,86,13,85,612,4,33,Intermediate,Algorithms,Low
1392,Struggling Student,Database,2,9,36,2,54,62,1,7,Beginner,Introduction to C++,High
1393,Casual Learner,Operating Systems,2,26,61,6,62,291,4,14,Intermediate,Object-Oriented Programming,Medium
1394,Inactive Student,Programming,1,5,20,1,30,1,1,2,Beginner,Programming Fundamentals,High
1395,Struggling Student,Programming,1,18,27,3,58,61,1,3,Beginner,Programming Basics,High
1396,Casual Learner,Operating Systems,2,16,69,5,69,275,4,18,Intermediate,Object-Oriented Programming,Medium
1397,Casual Learner,DSA,2,20,61,4,65,187,3,11,Intermediate,Database Systems,Medium
1398,Casual Learner,Database,3,34,60,4,60,264,2,20,Intermediate,Object-Oriented Programming,Medium
1399,Struggling Student,DSA,2,5,37,5,59,152,1,3,Beginner,Programming Basics,High
1400,High Achiever,DSA,4,68,91,13,95,937,7,108,Advanced,Deep Learning,Low
1401,High Achiever,Machine Learning,4,64,97,19,92,765,7,109,Advanced,Deep Learning,Low
1402,Inactive Student,Computer Networks,1,5,3,1,31,47,0,0,Beginner,Programming Basics,High
1403,Casual Learner,Operating Systems,2,22,71,4,63,363,3,14,Intermediate,Web Development,Medium
1404,High Achiever,DSA,5,60,100,16,93,1063,7,115,Advanced,Advanced Algorithms,Low
1405,Casual Learner,Database,2,25,63,6,64,328,4,6,Intermediate,Web Development,Medium
1406,Inactive Student,Web Development,1,5,1,0,11,0,0,2,Beginner,Programming Basics,High
1407,Struggling Student,DSA,1,11,30,2,58,121,2,6,Beginner,Programming Basics,High
1408,Casual Learner,Operating Systems,3,29,56,7,68,319,3,8,Intermediate,Web Development,Medium
1409,Consistent Learner,Operating Systems,4,45,80,10,85,649,6,49,Intermediate,Operating Systems,Low
1410,High Achiever,Operating Systems,5,79,98,16,89,1100,7,94,Advanced,Operating Systems,Low
1411,High Achiever,Machine Learning,4,58,93,19,89,761,7,56,Advanced,Machine Learning,Low
1412,Consistent Learner,Web Development,3,51,80,11,81,472,6,34,Intermediate,Algorithms,Low
1413,Consistent Learner,Computer Networks,4,51,79,12,76,672,5,54,Intermediate,Data Structures,Low
1414,Casual Learner,Machine Learning,2,26,55,4,65,342,4,24,Intermediate,Object-Oriented Programming,Medium
1415,Struggling Student,Operating Systems,1,13,50,6,53,169,1,5,Beginner,Programming Basics,High
1416,Inactive Student,Web Development,1,2,12,2,26,57,1,1,Beginner,Introduction to C++,High
1417,High Achiever,Database,4,57,94,20,98,859,6,118,Advanced,Advanced Algorithms,Low
1418,Inactive Student,Programming,1,3,4,0,30,52,0,0,Beginner,Introduction to C++,High
1419,Struggling Student,Computer Networks,2,11,38,3,47,166,2,2,Beginner,Programming Basics,High
1420,Inactive Student,Database,1,1,12,0,37,60,0,0,Beginner,Introduction to C++,High
1421,High Achiever,Database,5,55,100,13,96,859,6,120,Advanced,Advanced Algorithms,Low
1422,Casual Learner,Computer Networks,3,24,53,8,74,219,2,15,Intermediate,Database Systems,Medium
1423,Inactive Student,Programming,1,3,8,0,40,29,1,2,Beginner,Programming Basics,High
1424,Struggling Student,Computer Networks,2,17,29,3,56,73,1,6,Beginner,Programming Basics,High
1425,Struggling Student,Computer Networks,2,18,42,5,53,67,1,5,Beginner,Programming Fundamentals,High
1426,Struggling Student,Database,2,11,41,4,51,70,1,2,Beginner,Programming Fundamentals,High
1427,Struggling Student,DSA,2,8,38,5,48,73,2,7,Beginner,Programming Fundamentals,High
1428,Casual Learner,Computer Networks,3,16,69,4,63,327,2,8,Intermediate,Object-Oriented Programming,Medium
1429,Consistent Learner,Computer Networks,4,47,76,10,89,635,6,53,Intermediate,Algorithms,Low
1430,Inactive Student,Operating Systems,1,5,13,2,1,13,0,0,Beginner,Programming Fundamentals,High
1431,Inactive Student,Programming,1,2,13,0,29,54,1,1,Beginner,Programming Fundamentals,High
1432,Consistent Learner,DSA,4,49,76,10,89,534,4,33,Intermediate,Operating Systems,Low
1433,Struggling Student,Machine Learning,2,16,32,4,45,168,2,2,Beginner,Introduction to C++,High
1434,Consistent Learner,Machine Learning,3,45,84,8,77,607,5,59,Intermediate,Database Systems,Low
1435,Casual Learner,Operating Systems,3,21,58,7,71,266,3,16,Intermediate,Data Structures,Medium
1436,Inactive Student,Database,1,0,3,0,37,19,1,2,Beginner,Programming Fundamentals,High
1437,Consistent Learner,Machine Learning,3,41,77,8,87,534,4,41,Intermediate,Operating Systems,Low
1438,Consistent Learner,DSA,4,38,84,12,77,565,4,48,Intermediate,Data Structures,Low
1439,Consistent Learner,DSA,4,35,90,9,82,525,4,48,Intermediate,Operating Systems,Low
1440,Struggling Student,DSA,1,9,27,2,59,121,2,7,Beginner,Programming Fundamentals,High
1441,Casual Learner,Machine Learning,2,28,55,8,72,340,4,17,Intermediate,Computer Networks,Medium
1442,Consistent Learner,Operating Systems,4,43,88,10,86,520,5,54,Intermediate,Machine Learning,Low
1443,High Achiever,Computer Networks,4,65,93,20,97,765,6,104,Advanced,Advanced Algorithms,Low
1444,Casual Learner,Database,2,34,57,6,67,299,3,23,Intermediate,Object-Oriented Programming,Medium
1445,Casual Learner,Web Development,3,33,63,4,65,185,4,19,Intermediate,Web Development,Medium
1446,Casual Learner,Database,3,19,52,6,62,364,3,23,Intermediate,Database Systems,Medium
1447,Inactive Student,Computer Networks,1,0,19,1,27,45,0,1,Beginner,Programming Basics,High
1448,Casual Learner,Database,3,25,57,8,73,216,4,23,Intermediate,Database Systems,Medium
1449,Struggling Student,Machine Learning,1,16,44,4,58,75,1,2,Beginner,Programming Fundamentals,High
1450,Casual Learner,DSA,2,22,69,5,65,187,4,20,Intermediate,Web Development,Medium
1451,High Achiever,Programming,4,67,99,18,100,908,7,100,Advanced,Machine Learning,Low
1452,Struggling Student,DSA,1,9,31,3,53,172,2,8,Beginner,Programming Basics,High
1453,Consistent Learner,Web Development,3,42,86,13,77,573,5,26,Intermediate,Computer Networks,Low
1454,Consistent Learner,Machine Learning,3,52,76,13,86,448,4,20,Intermediate,Operating Systems,Low
1455,High Achiever,Database,5,64,90,17,89,1189,6,64,Advanced,Operating Systems,Low
1456,Casual Learner,DSA,2,26,53,5,71,326,2,19,Intermediate,Computer Networks,Medium
1457,Struggling Student,Operating Systems,1,13,24,5,40,139,1,2,Beginner,Introduction to C++,High
1458,Inactive Student,Programming,1,2,5,2,33,10,0,1,Beginner,Programming Basics,High
1459,Casual Learner,Machine Learning,3,29,71,8,72,380,3,8,Intermediate,Computer Networks,Medium
1460,Casual Learner,Database,2,26,54,5,75,228,3,6,Intermediate,Database Systems,Medium
1461,High Achiever,Web Development,4,71,91,17,96,988,7,109,Advanced,Advanced Algorithms,Low
1462,Consistent Learner,Database,3,49,81,10,88,606,5,44,Intermediate,Algorithms,Low
1463,Casual Learner,Web Development,2,25,67,7,72,258,3,14,Intermediate,Computer Networks,Medium
1464,Casual Learner,Machine Learning,2,21,52,6,65,344,3,6,Intermediate,Web Development,Medium
1465,High Achiever,Database,5,61,95,20,88,1121,7,105,Advanced,Operating Systems,Low
1466,Struggling Student,Machine Learning,2,15,42,2,46,72,2,3,Beginner,Programming Basics,High
1467,Struggling Student,Programming,1,12,26,6,60,138,1,1,Beginner,Database Systems,High
1468,Consistent Learner,Computer Networks,3,44,75,9,85,490,5,34,Intermediate,Machine Learning,Low
1469,Inactive Student,Web Development,1,0,4,0,38,15,1,1,Beginner,Programming Fundamentals,High
1470,Casual Learner,Operating Systems,3,21,70,6,73,356,2,18,Intermediate,Database Systems,Medium
1471,Consistent Learner,Operating Systems,3,50,83,12,75,602,4,48,Intermediate,Data Structures,Low
1472,Casual Learner,DSA,2,35,53,4,65,382,3,7,Intermediate,Object-Oriented Programming,Medium
1473,Casual Learner,DSA,3,27,59,8,69,252,4,13,Intermediate,Object-Oriented Programming,Medium
1474,Struggling Student,Web Development,1,6,37,5,46,76,1,8,Beginner,Introduction to C++,High
1475,High Achiever,DSA,4,67,92,13,100,1055,6,70,Advanced,Deep Learning,Low
1476,Casual Learner,Web Development,2,29,69,4,66,376,2,15,Intermediate,Object-Oriented Programming,Medium
1477,Casual Learner,DSA,3,23,55,6,74,231,4,6,Intermediate,Database Systems,Medium
1478,Consistent Learner,Database,3,42,80,13,81,571,6,48,Intermediate,Algorithms,Low
1479,Struggling Student,Programming,1,14,36,4,57,80,1,6,Beginner,Programming Basics,High
1480,High Achiever,Programming,5,71,98,12,97,1068,6,81,Advanced,Deep Learning,Low
1481,High Achiever,Programming,4,55,96,12,97,729,7,112,Advanced,Machine Learning,Low
1482,Struggling Student,Operating Systems,1,14,37,2,40,143,2,7,Beginner,Introduction to C++,High
1483,Casual Learner,Web Development,3,22,71,7,68,268,4,19,Intermediate,Database Systems,Medium
1484,Inactive Student,DSA,1,3,17,1,14,9,1,2,Beginner,Programming Fundamentals,High
1485,Consistent Learner,Web Development,4,40,86,13,75,621,5,29,Intermediate,Data Structures,Low
1486,Casual Learner,Computer Networks,2,27,54,6,66,283,3,18,Intermediate,Database Systems,Medium
1487,Struggling Student,Web Development,2,12,31,4,50,145,2,3,Beginner,Programming Fundamentals,High
1488,Casual Learner,DSA,2,21,68,5,71,298,4,18,Intermediate,Database Systems,Medium
1489,Casual Learner,DSA,3,19,65,4,74,256,4,18,Intermediate,Data Structures,Medium
1490,Consistent Learner,Database,3,47,88,9,89,412,6,33,Intermediate,Machine Learning,Low
1491,Casual Learner,DSA,3,33,74,5,72,327,2,9,Intermediate,Database Systems,Medium
1492,Consistent Learner,DSA,3,50,85,12,76,449,4,25,Intermediate,Data Structures,Low
1493,High Achiever,Operating Systems,4,65,91,17,93,803,6,67,Advanced,Deep Learning,Low
1494,Struggling Student,Database,2,14,48,5,55,103,1,5,Beginner,Introduction to C++,High
1495,High Achiever,Machine Learning,4,59,92,18,89,972,7,60,Advanced,Operating Systems,Low
1496,Casual Learner,Web Development,3,22,53,5,74,204,2,9,Intermediate,Database Systems,Medium
1497,Casual Learner,Web Development,2,15,68,6,74,329,4,10,Intermediate,Database Systems,Medium
1498,Struggling Student,Web Development,2,10,22,4,42,82,1,5,Beginner,Programming Fundamentals,High
1499,Consistent Learner,DSA,3,41,85,10,77,581,6,51,Intermediate,Data Structures,Low
1500,Casual Learner,Machine Learning,3,20,61,6,66,311,3,21,Intermediate,Object-Oriented Programming,Medium
1501,Casual Learner,DSA,2,35,57,6,68,294,3,15,Intermediate,Object-Oriented Programming,Medium
1502,Consistent Learner,Operating Systems,4,37,85,12,76,466,6,20,Intermediate,Computer Networks,Low
1503,Casual Learner,Database,3,21,65,7,72,189,4,13,Intermediate,Computer Networks,Medium
1504,Consistent Learner,Database,4,48,85,9,86,533,6,32,Intermediate,Machine Learning,Low
1505,Consistent Learner,Programming,4,37,85,14,78,411,4,26,Intermediate,Data Structures,Low
1506,High Achiever,Database,4,59,99,15,100,744,6,41,Advanced,Advanced Algorithms,Low
1507,High Achiever,Operating Systems,5,74,91,14,97,1020,7,120,Advanced,Deep Learning,Low
1508,Struggling Student,Programming,1,5,42,3,46,177,1,3,Beginner,Programming Basics,High
1509,Struggling Student,Programming,1,11,45,3,46,66,1,7,Beginner,Introduction to C++,High
1510,Casual Learner,DSA,3,21,72,7,65,300,3,23,Intermediate,Object-Oriented Programming,Medium
1511,Casual Learner,Machine Learning,2,17,55,5,68,216,4,23,Intermediate,Object-Oriented Programming,Medium
1512,Casual Learner,Computer Networks,2,21,55,6,67,221,3,25,Intermediate,Web Development,Medium
1513,Consistent Learner,Web Development,4,41,88,10,86,523,6,20,Intermediate,Operating Systems,Low
1514,Struggling Student,Computer Networks,2,9,44,3,42,67,1,8,Beginner,Introduction to C++,High
1515,Inactive Student,Programming,1,4,13,0,28,0,0,1,Beginner,Programming Fundamentals,High
1516,Struggling Student,Database,1,14,28,4,54,105,2,6,Beginner,Introduction to C++,High
1517,Consistent Learner,Web Development,4,52,81,9,80,421,6,42,Intermediate,Machine Learning,Low
1518,Casual Learner,Web Development,3,27,64,7,74,219,2,17,Intermediate,Database Systems,Medium
1519,Inactive Student,Operating Systems,1,1,10,1,40,9,1,1,Beginner,Programming Basics,High
1520,Casual Learner,Operating Systems,2,19,68,5,66,204,2,17,Intermediate,Database Systems,Medium
1521,High Achiever,Database,4,55,97,18,90,855,7,69,Advanced,Machine Learning,Low
1522,Casual Learner,Computer Networks,3,28,63,5,75,350,2,16,Intermediate,Data Structures,Medium
1523,High Achiever,Database,5,74,94,14,91,965,7,67,Advanced,Deep Learning,Low
1524,Casual Learner,Database,2,25,70,6,73,336,2,24,Intermediate,Data Structures,Medium
1525,Casual Learner,Database,3,19,61,8,75,196,2,19,Intermediate,Database Systems,Medium
1526,Casual Learner,DSA,3,22,60,7,68,322,3,23,Intermediate,Database Systems,Medium
1527,Casual Learner,DSA,3,35,68,5,67,388,2,20,Intermediate,Web Development,Medium
1528,Casual Learner,Programming,3,31,53,7,64,339,3,7,Intermediate,Web Development,Medium
1529,Casual Learner,Machine Learning,3,17,64,7,66,382,3,9,Intermediate,Database Systems,Medium
1530,Struggling Student,Programming,2,8,27,2,50,105,2,3,Beginner,Introduction to C++,High
1531,Inactive Student,Web Development,1,2,19,2,12,52,0,2,Beginner,Programming Fundamentals,High
1532,High Achiever,Computer Networks,4,78,93,20,100,958,7,71,Advanced,Deep Learning,Low
1533,Casual Learner,Operating Systems,2,24,58,5,64,255,2,5,Intermediate,Web Development,Medium
1534,Casual Learner,Web Development,2,26,64,5,74,340,3,22,Intermediate,Data Structures,Medium
1535,Casual Learner,Operating Systems,3,18,58,7,68,230,4,24,Intermediate,Database Systems,Medium
1536,Consistent Learner,Machine Learning,3,45,75,8,76,567,6,50,Intermediate,Database Systems,Low
1537,High Achiever,Operating Systems,5,72,90,18,98,865,7,62,Advanced,Deep Learning,Low
1538,Casual Learner,Operating Systems,2,35,59,6,61,310,2,9,Intermediate,Database Systems,Medium
1539,High Achiever,Programming,4,59,91,20,90,1181,6,51,Advanced,Deep Learning,Low
1540,Inactive Student,Database,1,0,13,1,4,31,1,2,Beginner,Programming Basics,High
1541,Casual Learner,Computer Networks,3,19,67,4,66,294,2,8,Intermediate,Database Systems,Medium
1542,Consistent Learner,Programming,3,36,82,11,76,421,4,34,Intermediate,Data Structures,Low
1543,Inactive Student,DSA,1,4,10,1,24,48,1,0,Beginner,Programming Fundamentals,High
1544,Struggling Student,Web Development,1,15,42,5,57,68,1,4,Beginner,Programming Fundamentals,High
1545,High Achiever,DSA,5,55,95,13,97,1151,7,105,Advanced,Machine Learning,Low
1546,Consistent Learner,DSA,3,55,84,10,86,661,5,30,Intermediate,Algorithms,Low
1547,Struggling Student,Database,2,8,30,4,52,75,2,8,Beginner,Programming Basics,High
1548,Casual Learner,Computer Networks,3,21,55,4,61,279,2,11,Intermediate,Object-Oriented Programming,Medium
1549,Struggling Student,Computer Networks,2,18,42,3,58,164,2,6,Beginner,Introduction to C++,High
1550,High Achiever,Computer Networks,4,73,94,15,96,712,7,41,Advanced,Machine Learning,Low
1551,Struggling Student,Operating Systems,2,8,35,5,50,118,2,3,Beginner,Introduction to C++,High
1552,Casual Learner,Machine Learning,3,22,52,8,63,180,2,24,Intermediate,Object-Oriented Programming,Medium
1553,Struggling Student,Database,1,9,34,5,58,80,1,1,Beginner,Introduction to C++,High
1554,Consistent Learner,DSA,4,46,77,10,88,411,5,22,Intermediate,Algorithms,Low
1555,Consistent Learner,Database,4,41,78,13,75,643,4,20,Intermediate,Data Structures,Low
1556,High Achiever,DSA,5,73,98,16,92,711,7,48,Advanced,Advanced Algorithms,Low
1557,Casual Learner,DSA,2,27,71,7,60,189,3,18,Intermediate,Database Systems,Medium
1558,Casual Learner,Programming,2,17,74,6,69,364,3,11,Intermediate,Database Systems,Medium
1559,High Achiever,Database,4,62,97,12,98,722,7,111,Advanced,Advanced Algorithms,Low
1560,Casual Learner,DSA,2,24,61,4,71,296,3,22,Intermediate,Data Structures,Medium
1561,Consistent Learner,Database,3,45,86,11,80,697,5,43,Intermediate,Machine Learning,Low
1562,Inactive Student,Operating Systems,1,2,4,2,31,43,1,1,Beginner,Introduction to C++,High
1563,High Achiever,Database,4,65,95,19,95,1085,6,45,Advanced,Deep Learning,Low
1564,Casual Learner,Operating Systems,2,34,60,8,65,397,4,9,Intermediate,Object-Oriented Programming,Medium
1565,Struggling Student,Web Development,1,18,33,2,56,129,1,2,Beginner,Programming Fundamentals,High
1566,High Achiever,Machine Learning,4,78,93,17,95,759,7,87,Advanced,Advanced Algorithms,Low
1567,Inactive Student,Machine Learning,1,5,12,0,36,22,1,2,Beginner,Programming Basics,High
1568,Consistent Learner,Computer Networks,4,39,81,13,75,658,4,51,Intermediate,Data Structures,Low
1569,Inactive Student,Computer Networks,1,2,7,1,19,52,0,2,Beginner,Programming Fundamentals,High
1570,High Achiever,Operating Systems,4,55,90,12,92,761,6,63,Advanced,Advanced Algorithms,Low
1571,High Achiever,Database,5,58,96,17,98,906,6,116,Advanced,Deep Learning,Low
1572,Consistent Learner,Database,3,44,88,12,90,421,6,51,Intermediate,Machine Learning,Low
1573,Casual Learner,Database,2,23,72,7,72,372,4,8,Intermediate,Database Systems,Medium
1574,Casual Learner,Machine Learning,3,30,50,7,61,304,2,20,Intermediate,Database Systems,Medium
1575,Casual Learner,Programming,2,35,53,7,72,371,3,12,Intermediate,Computer Networks,Medium
1576,Inactive Student,Programming,1,2,9,2,28,13,1,0,Beginner,Programming Basics,High
1577,Casual Learner,Machine Learning,2,31,64,4,65,298,3,23,Intermediate,Database Systems,Medium
1578,Struggling Student,Machine Learning,1,9,38,2,56,122,1,8,Beginner,Introduction to C++,High
1579,Struggling Student,Programming,2,14,30,5,43,147,1,2,Beginner,Programming Basics,High
1580,Casual Learner,DSA,2,27,74,5,72,191,3,10,Intermediate,Data Structures,Medium
1581,Consistent Learner,Computer Networks,4,42,89,14,78,451,4,28,Intermediate,Data Structures,Low
1582,Struggling Student,Machine Learning,1,12,35,4,53,62,2,2,Beginner,Introduction to C++,High
1583,Casual Learner,Database,3,32,72,7,62,196,2,13,Intermediate,Web Development,Medium
1584,Consistent Learner,Web Development,3,39,78,8,80,444,6,31,Intermediate,Operating Systems,Low
1585,Consistent Learner,Computer Networks,4,52,83,11,77,494,6,46,Intermediate,Data Structures,Low
1586,Casual Learner,DSA,2,19,59,5,72,182,3,6,Intermediate,Computer Networks,Medium
1587,Struggling Student,Programming,2,14,36,2,49,172,1,6,Beginner,Programming Basics,High
1588,Struggling Student,Operating Systems,1,8,41,5,55,121,1,2,Beginner,Programming Basics,High
1589,Consistent Learner,Computer Networks,3,39,79,14,79,434,5,52,Intermediate,Data Structures,Low
1590,Casual Learner,DSA,3,35,61,5,68,284,2,18,Intermediate,Object-Oriented Programming,Medium
1591,Struggling Student,Operating Systems,2,5,26,4,52,117,1,3,Beginner,Introduction to C++,High
1592,Casual Learner,Operating Systems,3,35,74,5,67,333,4,14,Intermediate,Database Systems,Medium
1593,Struggling Student,Web Development,1,11,22,6,42,150,1,1,Beginner,Introduction to C++,High
1594,Consistent Learner,Database,4,55,85,10,85,557,5,52,Intermediate,Machine Learning,Low
1595,Consistent Learner,Operating Systems,3,50,85,8,90,575,6,53,Intermediate,Advanced Algorithms,Low
1596,Casual Learner,Database,3,23,59,8,67,260,3,12,Intermediate,Web Development,Medium
1597,Consistent Learner,Database,3,45,88,10,83,617,6,32,Intermediate,Operating Systems,Low
1598,Struggling Student,DSA,2,8,41,4,57,130,2,4,Beginner,Introduction to C++,High
1599,Casual Learner,DSA,2,24,70,5,66,333,4,15,Intermediate,Object-Oriented Programming,Medium
1600,Struggling Student,Operating Systems,2,10,27,5,55,151,2,8,Beginner,Programming Fundamentals,High
1601,Consistent Learner,Database,3,43,78,11,87,401,4,32,Intermediate,Machine Learning,Low
1602,Inactive Student,Web Development,1,4,18,1,32,36,1,0,Beginner,Introduction to C++,High
1603,High Achiever,Web Development,5,74,91,19,94,898,7,55,Advanced,Machine Learning,Low
1604,Consistent Learner,Database,3,36,77,10,78,680,6,37,Intermediate,Data Structures,Low
1605,Struggling Student,Computer Networks,2,8,21,6,41,61,1,6,Beginner,Programming Fundamentals,High
1606,Struggling Student,Database,2,8,27,3,59,137,2,6,Beginner,Programming Basics,High
1607,Consistent Learner,Machine Learning,4,42,80,14,87,504,6,59,Intermediate,Algorithms,Low
1608,Inactive Student,Programming,1,4,19,1,31,7,0,0,Beginner,Introduction to C++,High
1609,Consistent Learner,Web Development,3,40,82,10,78,401,4,39,Intermediate,Database Systems,Low
1610,Casual Learner,Machine Learning,3,29,56,5,63,396,2,18,Intermediate,Web Development,Medium
1611,Casual Learner,DSA,3,34,74,7,60,318,3,11,Intermediate,Web Development,Medium
1612,Casual Learner,Operating Systems,3,25,50,7,72,394,3,24,Intermediate,Data Structures,Medium
1613,Consistent Learner,Computer Networks,3,54,87,9,87,506,4,40,Intermediate,Machine Learning,Low
1614,Casual Learner,DSA,3,22,62,8,75,186,4,23,Intermediate,Data Structures,Medium
1615,Casual Learner,Programming,3,15,62,8,71,272,3,5,Intermediate,Database Systems,Medium
1616,Casual Learner,Web Development,3,17,63,6,71,238,3,16,Intermediate,Database Systems,Medium
1617,Casual Learner,DSA,2,33,70,8,66,396,2,17,Intermediate,Database Systems,Medium
1618,High Achiever,DSA,4,77,92,13,97,1056,6,72,Advanced,Machine Learning,Low
1619,Casual Learner,Database,3,19,59,5,73,251,2,12,Intermediate,Database Systems,Medium
1620,Consistent Learner,Machine Learning,3,42,77,12,76,693,6,31,Intermediate,Database Systems,Low
1621,Casual Learner,Web Development,2,22,50,5,62,197,2,13,Intermediate,Object-Oriented Programming,Medium
1622,Casual Learner,Operating Systems,3,32,74,6,65,219,4,10,Intermediate,Object-Oriented Programming,Medium
1623,Struggling Student,Database,1,17,28,6,40,124,1,7,Beginner,Programming Basics,High
1624,Consistent Learner,Web Development,3,39,82,14,86,693,5,49,Intermediate,Algorithms,Low
1625,Casual Learner,Computer Networks,2,22,55,8,61,197,3,9,Intermediate,Object-Oriented Programming,Medium
1626,Consistent Learner,Machine Learning,4,47,87,12,89,666,5,58,Intermediate,Operating Systems,Low
1627,Struggling Student,Computer Networks,2,17,28,6,53,81,2,3,Beginner,Programming Basics,High
1628,Consistent Learner,Machine Learning,4,44,78,12,88,595,5,39,Intermediate,Machine Learning,Low
1629,High Achiever,Web Development,4,79,90,15,94,1096,6,97,Advanced,Advanced Algorithms,Low
1630,Struggling Student,Computer Networks,1,15,45,4,52,91,1,1,Beginner,Programming Basics,High
1631,Inactive Student,Database,1,3,12,1,29,23,0,1,Beginner,Programming Basics,High
1632,Casual Learner,Programming,2,19,70,4,69,275,2,16,Intermediate,Database Systems,Medium
1633,Inactive Student,Computer Networks,1,3,2,2,18,22,1,0,Beginner,Introduction to C++,High
1634,High Achiever,Database,4,64,98,14,88,751,6,111,Advanced,Machine Learning,Low
1635,High Achiever,Machine Learning,4,75,98,17,88,929,7,82,Advanced,Operating Systems,Low
1636,Casual Learner,Machine Learning,3,24,61,4,63,292,3,18,Intermediate,Web Development,Medium
1637,High Achiever,Operating Systems,4,59,96,17,98,1065,7,74,Advanced,Machine Learning,Low
1638,High Achiever,DSA,4,74,96,16,94,812,6,45,Advanced,Deep Learning,Low
1639,High Achiever,DSA,4,68,99,15,94,1109,6,94,Advanced,Advanced Algorithms,Low
1640,Casual Learner,DSA,2,17,55,4,68,366,3,7,Intermediate,Object-Oriented Programming,Medium
1641,Casual Learner,DSA,3,18,52,7,70,337,4,16,Intermediate,Database Systems,Medium
1642,Inactive Student,Database,1,4,17,2,21,40,1,2,Beginner,Programming Basics,High
1643,Casual Learner,Operating Systems,3,34,74,5,67,388,2,18,Intermediate,Database Systems,Medium
1644,Consistent Learner,Machine Learning,4,50,87,8,84,531,4,29,Intermediate,Operating Systems,Low
1645,Consistent Learner,Operating Systems,3,42,89,9,78,677,6,43,Intermediate,Database Systems,Low
1646,Struggling Student,Web Development,2,9,22,3,45,139,2,2,Beginner,Introduction to C++,High
1647,Inactive Student,Programming,1,3,12,1,9,26,1,0,Beginner,Introduction to C++,High
1648,Inactive Student,Programming,1,2,7,1,31,59,1,2,Beginner,Programming Basics,High
1649,Casual Learner,Operating Systems,2,24,57,8,65,266,2,24,Intermediate,Database Systems,Medium
1650,Casual Learner,Operating Systems,2,18,52,4,60,218,4,18,Intermediate,Database Systems,Medium
1651,Struggling Student,Operating Systems,1,5,20,5,45,64,1,5,Beginner,Introduction to C++,High
1652,Casual Learner,Operating Systems,3,33,52,4,65,259,3,8,Intermediate,Object-Oriented Programming,Medium
1653,Inactive Student,Programming,1,0,19,0,12,50,0,1,Beginner,Introduction to C++,High
1654,High Achiever,Machine Learning,5,74,98,13,97,845,6,48,Advanced,Deep Learning,Low
1655,Casual Learner,Database,2,35,74,8,63,307,4,12,Intermediate,Web Development,Medium
1656,Consistent Learner,Web Development,4,40,90,14,89,583,6,39,Intermediate,Machine Learning,Low
1657,Casual Learner,Operating Systems,3,28,75,5,69,350,3,11,Intermediate,Object-Oriented Programming,Medium
1658,Casual Learner,Computer Networks,2,16,52,4,63,217,2,19,Intermediate,Object-Oriented Programming,Medium
1659,High Achiever,Programming,5,79,95,17,97,822,7,95,Advanced,Deep Learning,Low
1660,High Achiever,Computer Networks,5,77,93,19,98,717,7,60,Advanced,Deep Learning,Low
1661,Consistent Learner,Programming,3,36,83,11,80,654,5,45,Intermediate,Operating Systems,Low
1662,Struggling Student,Web Development,1,18,30,5,50,177,1,1,Beginner,Programming Basics,High
1663,Inactive Student,Web Development,1,0,15,1,9,2,0,0,Beginner,Programming Fundamentals,High
1664,Casual Learner,Database,2,20,63,4,60,341,3,15,Intermediate,Web Development,Medium
1665,Consistent Learner,Programming,3,50,81,9,79,570,6,52,Intermediate,Database Systems,Low
1666,Casual Learner,Machine Learning,2,28,74,4,74,364,4,22,Intermediate,Database Systems,Medium
1667,Casual Learner,Operating Systems,3,16,59,6,60,284,4,25,Intermediate,Object-Oriented Programming,Medium
1668,Casual Learner,Web Development,3,34,68,5,70,393,4,12,Intermediate,Database Systems,Medium
1669,Consistent Learner,Computer Networks,3,42,83,11,83,402,6,34,Intermediate,Algorithms,Low
1670,Consistent Learner,Operating Systems,4,42,87,8,88,424,4,37,Intermediate,Operating Systems,Low
1671,Struggling Student,Machine Learning,2,5,36,4,59,144,1,8,Beginner,Programming Fundamentals,High
1672,Consistent Learner,Computer Networks,4,38,82,11,85,490,6,32,Intermediate,Algorithms,Low
1673,Casual Learner,Programming,3,35,57,7,60,205,2,13,Intermediate,Object-Oriented Programming,Medium
1674,Casual Learner,Computer Networks,3,28,55,7,66,366,2,16,Intermediate,Object-Oriented Programming,Medium
1675,Struggling Student,Database,2,13,42,6,60,68,1,3,Beginner,Object-Oriented Programming,High
1676,Struggling Student,Programming,1,6,44,4,45,74,2,6,Beginner,Programming Basics,High
1677,Casual Learner,Operating Systems,3,31,53,7,68,381,2,16,Intermediate,Object-Oriented Programming,Medium
1678,Consistent Learner,Web Development,3,52,83,13,75,444,4,30,Intermediate,Data Structures,Low
1679,Consistent Learner,Machine Learning,3,50,86,8,85,599,5,26,Intermediate,Operating Systems,Low
1680,Struggling Student,Web Development,1,7,26,6,60,121,1,4,Beginner,Web Development,High
1681,Inactive Student,Operating Systems,1,3,17,1,24,20,1,0,Beginner,Programming Basics,High
1682,High Achiever,DSA,4,73,95,12,98,1178,7,83,Advanced,Deep Learning,Low
1683,Struggling Student,Programming,2,18,34,2,44,167,1,2,Beginner,Programming Fundamentals,High
1684,High Achiever,Web Development,5,58,99,12,100,1127,7,71,Advanced,Deep Learning,Low
1685,Casual Learner,Web Development,3,16,53,4,69,350,2,13,Intermediate,Database Systems,Medium
1686,Inactive Student,Database,1,2,13,0,33,23,0,1,Beginner,Introduction to C++,High
1687,Struggling Student,Web Development,1,5,29,4,45,151,1,3,Beginner,Programming Fundamentals,High
1688,Casual Learner,Operating Systems,2,26,53,4,68,376,3,15,Intermediate,Object-Oriented Programming,Medium
1689,Consistent Learner,DSA,3,42,76,10,84,681,6,25,Intermediate,Operating Systems,Low
1690,Casual Learner,Machine Learning,3,32,71,6,63,283,2,14,Intermediate,Database Systems,Medium
1691,High Achiever,Database,5,78,90,14,89,748,6,53,Advanced,Machine Learning,Low
1692,High Achiever,Operating Systems,5,67,98,13,92,781,6,50,Advanced,Deep Learning,Low
1693,Consistent Learner,Computer Networks,3,55,75,11,81,464,4,52,Intermediate,Algorithms,Low
1694,Inactive Student,Programming,1,5,16,1,36,50,0,1,Beginner,Programming Fundamentals,High
1695,Consistent Learner,Web Development,3,54,87,9,84,576,4,45,Intermediate,Operating Systems,Low
1696,Casual Learner,Machine Learning,3,23,57,8,63,360,3,13,Intermediate,Web Development,Medium
1697,Casual Learner,Programming,2,27,68,5,68,356,2,23,Intermediate,Object-Oriented Programming,Medium
1698,Struggling Student,Machine Learning,1,15,27,3,41,89,1,1,Beginner,Programming Fundamentals,High
1699,High Achiever,Web Development,4,61,94,13,97,701,6,54,Advanced,Advanced Algorithms,Low
1700,High Achiever,Programming,5,61,97,14,90,1070,6,87,Advanced,Deep Learning,Low
1701,Inactive Student,Web Development,1,5,16,2,17,28,0,2,Beginner,Programming Basics,High
1702,Consistent Learner,Database,3,42,90,11,83,623,4,36,Intermediate,Algorithms,Low
1703,Casual Learner,DSA,2,16,73,7,69,232,3,8,Intermediate,Database Systems,Medium
1704,High Achiever,Database,4,68,90,19,100,1090,6,115,Advanced,Deep Learning,Low
1705,Consistent Learner,Computer Networks,3,49,81,13,83,644,5,37,Intermediate,Algorithms,Low
1706,Casual Learner,Web Development,2,15,74,5,75,278,2,22,Intermediate,Computer Networks,Medium
1707,Casual Learner,DSA,2,23,73,6,68,356,2,13,Intermediate,Web Development,Medium
1708,Casual Learner,Database,3,15,52,8,63,241,3,13,Intermediate,Object-Oriented Programming,Medium
1709,Struggling Student,Computer Networks,1,15,35,6,40,79,1,6,Beginner,Programming Fundamentals,High
1710,Struggling Student,Web Development,2,5,35,3,45,73,2,7,Beginner,Introduction to C++,High
1711,Casual Learner,Database,2,35,62,8,71,204,3,20,Intermediate,Computer Networks,Medium
1712,Consistent Learner,DSA,4,36,85,10,90,523,6,41,Intermediate,Deep Learning,Low
1713,Consistent Learner,Machine Learning,3,37,78,12,79,518,5,22,Intermediate,Data Structures,Low
1714,Casual Learner,Machine Learning,2,18,71,8,74,363,2,12,Intermediate,Computer Networks,Medium
1715,Consistent Learner,Database,3,36,83,8,88,461,5,57,Intermediate,Machine Learning,Low
1716,Struggling Student,Programming,2,8,39,2,42,163,2,4,Beginner,Programming Basics,High
1717,Casual Learner,Database,2,15,65,5,73,264,2,7,Intermediate,Computer Networks,Medium
1718,Casual Learner,Machine Learning,3,15,63,6,71,372,3,22,Intermediate,Computer Networks,Medium
1719,Consistent Learner,Computer Networks,3,55,75,13,83,498,4,30,Intermediate,Algorithms,Low
1720,Struggling Student,Computer Networks,1,8,46,3,46,76,2,8,Beginner,Programming Basics,High
1721,Casual Learner,DSA,2,16,53,5,71,340,3,18,Intermediate,Data Structures,Medium
1722,Casual Learner,Operating Systems,2,30,62,4,65,275,2,22,Intermediate,Object-Oriented Programming,Medium
1723,Casual Learner,Web Development,2,17,74,5,66,198,2,18,Intermediate,Object-Oriented Programming,Medium
1724,Casual Learner,Computer Networks,2,23,72,8,70,295,2,24,Intermediate,Computer Networks,Medium
1725,Casual Learner,DSA,3,28,55,8,74,251,3,13,Intermediate,Computer Networks,Medium
1726,Consistent Learner,Computer Networks,3,41,87,10,87,674,5,25,Intermediate,Operating Systems,Low
1727,High Achiever,Computer Networks,4,56,93,20,89,986,7,90,Advanced,Operating Systems,Low
1728,Casual Learner,Computer Networks,2,16,66,5,67,384,2,12,Intermediate,Object-Oriented Programming,Medium
1729,Casual Learner,Machine Learning,2,22,67,8,62,266,4,22,Intermediate,Object-Oriented Programming,Medium
1730,Consistent Learner,Database,3,40,76,11,90,505,4,34,Intermediate,Advanced Algorithms,Low
1731,Casual Learner,Machine Learning,2,34,64,4,73,364,4,22,Intermediate,Data Structures,Medium
1732,Struggling Student,Database,2,7,41,4,50,63,1,1,Beginner,Programming Basics,High
1733,Struggling Student,Computer Networks,1,18,45,2,42,101,1,2,Beginner,Programming Basics,High
1734,Casual Learner,Web Development,2,29,75,8,71,194,4,24,Intermediate,Data Structures,Medium
1735,Struggling Student,Database,2,11,41,2,56,142,2,5,Beginner,Introduction to C++,High
1736,Consistent Learner,Machine Learning,3,54,90,10,90,667,4,29,Intermediate,Machine Learning,Low
1737,Struggling Student,Database,1,10,32,5,41,124,2,8,Beginner,Programming Basics,High
1738,High Achiever,Programming,4,76,94,15,94,876,7,51,Advanced,Deep Learning,Low
1739,Struggling Student,Database,1,11,32,6,43,90,2,3,Beginner,Introduction to C++,High
1740,Casual Learner,Database,3,16,61,6,65,380,4,17,Intermediate,Web Development,Medium
1741,High Achiever,Computer Networks,4,75,97,12,94,806,6,92,Advanced,Advanced Algorithms,Low
1742,Struggling Student,Machine Learning,2,14,31,2,59,159,1,3,Beginner,Programming Basics,High
1743,High Achiever,Operating Systems,4,58,96,16,96,763,6,73,Advanced,Advanced Algorithms,Low
1744,Struggling Student,Operating Systems,1,13,50,5,55,172,1,4,Beginner,Introduction to C++,High
1745,Struggling Student,DSA,1,11,28,3,44,146,1,3,Beginner,Programming Fundamentals,High
1746,Casual Learner,Computer Networks,3,20,66,8,69,284,3,10,Intermediate,Object-Oriented Programming,Medium
1747,Consistent Learner,Web Development,3,46,88,9,78,558,5,25,Intermediate,Database Systems,Low
1748,Struggling Student,Operating Systems,2,9,50,5,45,105,2,5,Beginner,Programming Basics,High
1749,Consistent Learner,Operating Systems,3,46,85,12,80,550,4,21,Intermediate,Operating Systems,Low
1750,High Achiever,Web Development,5,68,94,16,96,994,6,68,Advanced,Advanced Algorithms,Low
1751,High Achiever,DSA,4,63,95,14,95,1012,6,83,Advanced,Machine Learning,Low
1752,Consistent Learner,Computer Networks,3,44,82,9,81,506,5,32,Intermediate,Operating Systems,Low
1753,Consistent Learner,Database,3,47,82,14,79,452,4,26,Intermediate,Computer Networks,Low
1754,Casual Learner,Machine Learning,3,18,67,4,66,241,4,7,Intermediate,Web Development,Medium
1755,Casual Learner,Web Development,2,19,62,6,67,190,3,6,Intermediate,Web Development,Medium
1756,High Achiever,Programming,5,79,95,18,89,936,7,110,Advanced,Operating Systems,Low
1757,Struggling Student,Programming,1,7,26,2,40,135,1,6,Beginner,Introduction to C++,High
1758,High Achiever,DSA,4,62,96,17,95,1026,7,73,Advanced,Advanced Algorithms,Low
1759,Consistent Learner,Machine Learning,3,48,75,12,81,600,5,59,Intermediate,Machine Learning,Low
1760,High Achiever,Programming,4,64,99,13,100,763,7,53,Advanced,Advanced Algorithms,Low
1761,Consistent Learner,DSA,4,51,90,10,75,700,4,46,Intermediate,Data Structures,Low
1762,Consistent Learner,Computer Networks,3,41,79,8,82,631,5,41,Intermediate,Machine Learning,Low
1763,Casual Learner,Programming,3,16,72,6,64,313,4,18,Intermediate,Web Development,Medium
1764,High Achiever,Database,4,79,95,15,95,1179,7,94,Advanced,Deep Learning,Low
1765,Inactive Student,Computer Networks,1,0,16,2,6,7,0,1,Beginner,Programming Basics,High
1766,Inactive Student,DSA,1,0,16,0,23,24,1,2,Beginner,Programming Basics,High
1767,Struggling Student,Operating Systems,1,11,24,5,42,101,1,2,Beginner,Programming Basics,High
1768,Struggling Student,Database,2,10,21,5,56,130,1,7,Beginner,Programming Fundamentals,High
1769,High Achiever,Computer Networks,5,68,98,14,97,807,7,77,Advanced,Advanced Algorithms,Low
1770,Inactive Student,Programming,1,1,9,2,0,50,1,0,Beginner,Introduction to C++,High
1771,Consistent Learner,Web Development,3,48,76,9,82,591,6,27,Intermediate,Algorithms,Low
1772,High Achiever,Database,5,77,90,12,96,888,6,77,Advanced,Deep Learning,Low
1773,Casual Learner,Programming,3,23,68,5,72,373,4,23,Intermediate,Computer Networks,Medium
1774,Inactive Student,Web Development,1,4,18,1,18,53,1,0,Beginner,Programming Fundamentals,High
1775,Consistent Learner,Machine Learning,4,53,87,13,82,475,5,56,Intermediate,Algorithms,Low
1776,Consistent Learner,Operating Systems,4,53,81,9,81,455,4,34,Intermediate,Machine Learning,Low
1777,Struggling Student,Operating Systems,2,11,38,6,41,112,1,8,Beginner,Programming Basics,High
1778,Consistent Learner,Programming,4,48,75,13,89,489,6,33,Intermediate,Machine Learning,Low
1779,Casual Learner,Computer Networks,2,31,69,5,70,351,4,24,Intermediate,Database Systems,Medium
1780,Casual Learner,Machine Learning,2,32,74,4,69,391,2,16,Intermediate,Database Systems,Medium
1781,Struggling Student,Programming,1,16,38,6,53,103,1,3,Beginner,Introduction to C++,High
1782,Casual Learner,Database,2,28,71,6,62,380,4,17,Intermediate,Web Development,Medium
1783,Consistent Learner,Web Development,3,41,75,12,90,618,4,29,Intermediate,Machine Learning,Low
1784,Struggling Student,Database,2,17,23,4,46,159,2,7,Beginner,Programming Fundamentals,High
1785,High Achiever,Machine Learning,5,71,94,12,88,1126,6,101,Advanced,Algorithms,Low
1786,High Achiever,Computer Networks,5,74,96,18,89,728,6,89,Advanced,Operating Systems,Low
1787,Consistent Learner,Programming,3,54,85,14,75,424,4,44,Intermediate,Computer Networks,Low
1788,High Achiever,Computer Networks,5,57,94,13,99,864,6,98,Advanced,Deep Learning,Low
1789,Struggling Student,Operating Systems,1,18,38,5,60,112,1,1,Beginner,Web Development,High
1790,Consistent Learner,Computer Networks,4,43,75,11,89,626,6,38,Intermediate,Machine Learning,Low
1791,Consistent Learner,Computer Networks,4,39,87,14,88,466,6,28,Intermediate,Machine Learning,Low
1792,High Achiever,Operating Systems,4,78,97,19,94,1172,6,60,Advanced,Advanced Algorithms,Low
1793,Casual Learner,Machine Learning,2,23,50,7,68,197,2,11,Intermediate,Object-Oriented Programming,Medium
1794,Casual Learner,Programming,2,25,61,5,66,268,3,8,Intermediate,Database Systems,Medium
1795,Casual Learner,Programming,3,15,56,5,63,200,4,10,Intermediate,Object-Oriented Programming,Medium
1796,Consistent Learner,DSA,4,42,85,9,89,653,6,56,Intermediate,Machine Learning,Low
1797,Consistent Learner,DSA,3,49,77,13,84,557,5,57,Intermediate,Algorithms,Low
1798,Struggling Student,DSA,2,5,24,5,49,125,1,2,Beginner,Introduction to C++,High
1799,Consistent Learner,Programming,3,49,81,13,83,452,5,50,Intermediate,Operating Systems,Low
1800,High Achiever,DSA,5,78,97,20,90,1168,6,49,Advanced,Machine Learning,Low
1801,Struggling Student,Computer Networks,1,12,48,6,57,165,1,2,Beginner,Programming Fundamentals,High
1802,Consistent Learner,Machine Learning,4,40,85,13,90,624,4,47,Intermediate,Machine Learning,Low
1803,Struggling Student,Machine Learning,1,6,47,6,45,129,2,7,Beginner,Programming Basics,High
1804,Consistent Learner,Machine Learning,4,35,90,14,88,606,6,27,Intermediate,Machine Learning,Low
1805,Casual Learner,Programming,3,30,57,7,64,400,2,16,Intermediate,Object-Oriented Programming,Medium
1806,Consistent Learner,DSA,3,40,80,9,86,567,6,30,Intermediate,Algorithms,Low
1807,Inactive Student,Computer Networks,1,5,11,0,21,34,1,0,Beginner,Programming Fundamentals,High
1808,Consistent Learner,Machine Learning,3,37,80,8,79,567,6,45,Intermediate,Database Systems,Low
1809,Struggling Student,Programming,2,8,33,6,59,129,2,1,Beginner,Programming Basics,High
1810,High Achiever,Programming,5,80,90,15,98,1130,7,116,Advanced,Advanced Algorithms,Low
1811,Casual Learner,Machine Learning,3,35,54,6,70,396,4,24,Intermediate,Computer Networks,Medium
1812,Casual Learner,Programming,2,24,61,7,74,387,2,25,Intermediate,Database Systems,Medium
1813,High Achiever,DSA,4,72,96,19,94,944,6,109,Advanced,Advanced Algorithms,Low
1814,Consistent Learner,Machine Learning,4,43,87,14,77,432,6,60,Intermediate,Computer Networks,Low
1815,Inactive Student,Web Development,1,4,17,1,24,34,0,2,Beginner,Programming Fundamentals,High
1816,Inactive Student,Machine Learning,1,3,4,0,20,33,0,1,Beginner,Programming Fundamentals,High
1817,High Achiever,Computer Networks,5,76,98,12,94,1029,6,120,Advanced,Machine Learning,Low
1818,Consistent Learner,Computer Networks,4,35,86,14,87,595,6,59,Intermediate,Machine Learning,Low
1819,Casual Learner,Machine Learning,2,15,71,4,65,251,4,10,Intermediate,Web Development,Medium
1820,Consistent Learner,Database,4,43,80,12,87,635,6,45,Intermediate,Algorithms,Low
1821,High Achiever,Operating Systems,5,60,100,15,98,1187,6,108,Advanced,Advanced Algorithms,Low
1822,Casual Learner,Database,3,22,56,8,63,267,3,10,Intermediate,Database Systems,Medium
1823,High Achiever,Computer Networks,5,60,98,17,99,1177,7,62,Advanced,Deep Learning,Low
1824,Consistent Learner,Machine Learning,3,47,82,14,82,575,6,58,Intermediate,Operating Systems,Low
1825,Consistent Learner,DSA,3,52,87,10,86,413,6,51,Intermediate,Operating Systems,Low
1826,Consistent Learner,Web Development,4,35,85,14,90,547,5,34,Intermediate,Machine Learning,Low
1827,Consistent Learner,Computer Networks,3,51,77,14,78,646,6,50,Intermediate,Data Structures,Low
1828,High Achiever,Machine Learning,5,73,93,16,100,719,6,86,Advanced,Machine Learning,Low
1829,Consistent Learner,Programming,4,44,89,8,85,567,4,26,Intermediate,Algorithms,Low
1830,Struggling Student,Database,1,18,33,5,56,72,1,7,Beginner,Introduction to C++,High
1831,Struggling Student,Programming,1,14,28,3,60,162,1,5,Beginner,Object-Oriented Programming,High
1832,High Achiever,Database,4,69,96,20,89,1056,7,111,Advanced,Algorithms,Low
1833,Casual Learner,Operating Systems,2,30,50,6,71,213,2,21,Intermediate,Computer Networks,Medium
1834,Casual Learner,Operating Systems,3,27,55,5,70,322,3,18,Intermediate,Data Structures,Medium
1835,Inactive Student,Operating Systems,1,4,16,1,28,34,1,1,Beginner,Introduction to C++,High
1836,Struggling Student,DSA,2,16,30,6,50,154,2,6,Beginner,Programming Fundamentals,High
1837,Casual Learner,Database,3,34,59,5,64,257,4,8,Intermediate,Object-Oriented Programming,Medium
1838,Struggling Student,Web Development,2,5,24,2,41,65,1,5,Beginner,Introduction to C++,High
1839,Casual Learner,Machine Learning,2,17,57,5,63,384,3,15,Intermediate,Object-Oriented Programming,Medium
1840,Consistent Learner,Database,4,50,76,12,81,617,6,31,Intermediate,Operating Systems,Low
1841,High Achiever,Database,5,71,98,18,94,1000,7,58,Advanced,Deep Learning,Low
1842,Inactive Student,Computer Networks,1,1,13,1,40,50,1,2,Beginner,Introduction to C++,High
1843,Casual Learner,DSA,2,19,61,8,65,274,3,11,Intermediate,Object-Oriented Programming,Medium
1844,Casual Learner,Operating Systems,2,32,75,4,64,228,2,9,Intermediate,Object-Oriented Programming,Medium
1845,Casual Learner,Operating Systems,2,35,59,8,62,195,3,5,Intermediate,Object-Oriented Programming,Medium
1846,Casual Learner,Web Development,3,30,55,5,74,268,2,22,Intermediate,Data Structures,Medium
1847,Struggling Student,Web Development,1,15,34,3,45,175,2,8,Beginner,Introduction to C++,High
1848,Consistent Learner,Computer Networks,4,52,83,11,79,594,4,56,Intermediate,Data Structures,Low
1849,Consistent Learner,Machine Learning,3,51,89,11,82,452,5,23,Intermediate,Operating Systems,Low
1850,Struggling Student,Computer Networks,2,6,40,5,45,68,2,4,Beginner,Programming Basics,High
1851,Casual Learner,Computer Networks,2,33,70,8,65,394,2,15,Intermediate,Object-Oriented Programming,Medium
1852,Consistent Learner,Machine Learning,3,48,80,8,88,567,6,57,Intermediate,Algorithms,Low
1853,Casual Learner,DSA,2,22,55,6,71,359,2,23,Intermediate,Computer Networks,Medium
1854,Consistent Learner,Machine Learning,4,43,88,8,90,637,6,51,Intermediate,Machine Learning,Low
1855,Consistent Learner,Web Development,4,42,75,12,85,533,5,56,Intermediate,Machine Learning,Low
1856,Casual Learner,Computer Networks,2,20,64,8,74,180,2,23,Intermediate,Data Structures,Medium
1857,Casual Learner,DSA,2,25,57,8,74,374,4,20,Intermediate,Computer Networks,Medium
1858,High Achiever,Web Development,5,59,99,20,96,824,6,59,Advanced,Machine Learning,Low
1859,Struggling Student,Operating Systems,1,7,45,4,52,153,1,4,Beginner,Programming Basics,High
1860,High Achiever,Programming,5,79,98,19,97,1115,7,106,Advanced,Advanced Algorithms,Low
1861,Casual Learner,Machine Learning,3,26,71,5,71,350,4,16,Intermediate,Data Structures,Medium
1862,Consistent Learner,Machine Learning,4,36,76,9,75,542,5,35,Intermediate,Database Systems,Low
1863,Casual Learner,Operating Systems,3,18,64,4,71,393,2,11,Intermediate,Computer Networks,Medium
1864,Casual Learner,Operating Systems,2,15,74,5,65,379,4,23,Intermediate,Web Development,Medium
1865,Consistent Learner,Programming,3,44,81,11,83,661,4,23,Intermediate,Operating Systems,Low
1866,Struggling Student,Programming,2,12,22,3,58,123,1,2,Beginner,Programming Basics,High
1867,Consistent Learner,Computer Networks,3,39,78,9,80,460,6,49,Intermediate,Machine Learning,Low
1868,Casual Learner,Computer Networks,2,16,53,8,62,209,2,17,Intermediate,Database Systems,Medium
1869,High Achiever,DSA,4,58,99,12,95,769,7,107,Advanced,Deep Learning,Low
1870,Inactive Student,DSA,1,4,6,0,18,36,0,1,Beginner,Introduction to C++,High
1871,Consistent Learner,Machine Learning,3,40,89,13,84,666,4,29,Intermediate,Machine Learning,Low
1872,Consistent Learner,Programming,4,35,87,13,79,572,4,56,Intermediate,Computer Networks,Low
1873,Consistent Learner,DSA,3,54,84,11,79,408,6,32,Intermediate,Computer Networks,Low
1874,Struggling Student,Database,2,18,45,2,60,60,1,6,Beginner,Object-Oriented Programming,High
1875,Struggling Student,Machine Learning,2,18,20,2,47,118,1,3,Beginner,Introduction to C++,High
1876,Consistent Learner,Database,4,52,86,11,84,466,4,21,Intermediate,Machine Learning,Low
1877,Inactive Student,Computer Networks,1,1,0,0,30,59,0,1,Beginner,Programming Basics,High
1878,Consistent Learner,DSA,4,42,90,10,76,485,6,59,Intermediate,Data Structures,Low
1879,Casual Learner,Computer Networks,2,28,63,8,60,285,2,9,Intermediate,Object-Oriented Programming,Medium
1880,Struggling Student,Machine Learning,1,10,30,4,45,165,1,4,Beginner,Programming Fundamentals,High
1881,Struggling Student,Database,1,8,21,2,40,138,2,7,Beginner,Introduction to C++,High
1882,Casual Learner,Operating Systems,3,26,63,6,62,274,3,23,Intermediate,Web Development,Medium
1883,Struggling Student,Database,2,9,33,3,47,92,2,2,Beginner,Programming Basics,High
1884,Struggling Student,Database,2,11,20,2,41,131,1,2,Beginner,Programming Fundamentals,High
1885,High Achiever,DSA,4,80,96,20,91,751,7,91,Advanced,Deep Learning,Low
1886,Struggling Student,Programming,2,7,33,6,41,129,1,2,Beginner,Programming Fundamentals,High
1887,Casual Learner,Web Development,2,19,68,4,63,267,4,6,Intermediate,Database Systems,Medium
1888,High Achiever,Machine Learning,4,68,97,13,91,727,7,69,Advanced,Deep Learning,Low
1889,High Achiever,Programming,5,66,98,16,95,853,6,91,Advanced,Machine Learning,Low
1890,High Achiever,DSA,4,55,99,18,90,878,7,97,Advanced,Deep Learning,Low
1891,Struggling Student,Machine Learning,2,12,20,3,43,131,1,6,Beginner,Programming Basics,High
1892,Inactive Student,Operating Systems,1,1,19,1,10,52,1,1,Beginner,Introduction to C++,High
1893,Struggling Student,Web Development,1,6,31,6,42,127,1,3,Beginner,Programming Fundamentals,High
1894,Struggling Student,Programming,1,5,28,5,53,114,1,5,Beginner,Introduction to C++,High
1895,Casual Learner,Programming,2,18,51,7,75,350,3,8,Intermediate,Database Systems,Medium
1896,High Achiever,Computer Networks,5,73,93,20,100,1182,6,112,Advanced,Advanced Algorithms,Low
1897,Struggling Student,Computer Networks,2,14,20,4,47,145,1,6,Beginner,Programming Basics,High
1898,High Achiever,Machine Learning,4,80,99,16,98,1125,7,90,Advanced,Advanced Algorithms,Low
1899,Casual Learner,Web Development,2,35,52,5,74,331,3,8,Intermediate,Database Systems,Medium
1900,Consistent Learner,Machine Learning,4,38,88,11,78,476,4,51,Intermediate,Database Systems,Low
1901,Inactive Student,Web Development,1,3,18,1,15,14,0,1,Beginner,Introduction to C++,High
1902,Consistent Learner,Computer Networks,4,53,78,12,89,407,4,36,Intermediate,Algorithms,Low
1903,Struggling Student,Operating Systems,1,5,26,5,41,125,2,3,Beginner,Programming Basics,High
1904,High Achiever,Programming,4,76,100,12,98,1111,7,52,Advanced,Advanced Algorithms,Low
1905,Inactive Student,Operating Systems,1,0,7,1,39,36,1,0,Beginner,Programming Basics,High
1906,High Achiever,Web Development,4,78,98,20,98,1000,7,105,Advanced,Machine Learning,Low
1907,Struggling Student,Operating Systems,1,13,49,5,48,98,1,3,Beginner,Programming Basics,High
1908,Casual Learner,Database,2,33,64,8,71,292,2,22,Intermediate,Data Structures,Medium
1909,High Achiever,Programming,5,72,90,18,95,863,7,51,Advanced,Machine Learning,Low
1910,Struggling Student,Web Development,1,9,39,5,42,157,1,3,Beginner,Programming Fundamentals,High
1911,Struggling Student,Computer Networks,2,17,25,6,53,131,1,8,Beginner,Programming Fundamentals,High
1912,Struggling Student,Machine Learning,2,15,40,2,48,65,2,4,Beginner,Programming Fundamentals,High
1913,High Achiever,Operating Systems,4,80,99,18,89,881,7,45,Advanced,Machine Learning,Low
1914,Struggling Student,Computer Networks,1,7,35,4,57,131,1,6,Beginner,Programming Fundamentals,High
1915,Consistent Learner,Programming,4,53,87,9,84,423,6,46,Intermediate,Operating Systems,Low
1916,Casual Learner,Operating Systems,3,27,67,5,68,336,3,5,Intermediate,Database Systems,Medium
1917,Casual Learner,Database,2,17,64,4,64,323,3,8,Intermediate,Database Systems,Medium
1918,High Achiever,Database,4,75,96,16,96,979,6,40,Advanced,Advanced Algorithms,Low
1919,Inactive Student,Operating Systems,1,1,8,2,25,34,0,2,Beginner,Programming Basics,High
1920,Struggling Student,DSA,2,11,35,3,56,116,1,7,Beginner,Programming Basics,High
1921,Casual Learner,Programming,2,24,52,5,63,330,4,12,Intermediate,Database Systems,Medium
1922,Casual Learner,Machine Learning,2,21,72,7,63,239,2,20,Intermediate,Web Development,Medium
1923,Casual Learner,Programming,3,20,57,4,68,262,4,21,Intermediate,Object-Oriented Programming,Medium
1924,Casual Learner,Operating Systems,2,20,61,6,69,306,2,13,Intermediate,Object-Oriented Programming,Medium
1925,Casual Learner,Web Development,3,35,51,5,69,250,2,23,Intermediate,Database Systems,Medium
1926,Casual Learner,Programming,3,30,73,4,64,359,3,24,Intermediate,Web Development,Medium
1927,Casual Learner,Machine Learning,2,32,67,4,72,298,4,9,Intermediate,Data Structures,Medium
1928,Consistent Learner,Web Development,4,48,78,14,82,567,6,31,Intermediate,Machine Learning,Low
1929,Casual Learner,Database,3,34,71,8,67,358,4,17,Intermediate,Web Development,Medium
1930,Casual Learner,Web Development,3,31,62,8,69,356,2,15,Intermediate,Database Systems,Medium
1931,Casual Learner,Database,2,18,53,8,64,364,4,10,Intermediate,Object-Oriented Programming,Medium
1932,Struggling Student,Operating Systems,2,10,27,5,41,104,1,2,Beginner,Introduction to C++,High
1933,High Achiever,Computer Networks,4,62,99,20,100,1094,7,66,Advanced,Deep Learning,Low
1934,Consistent Learner,Web Development,3,38,83,10,86,428,5,51,Intermediate,Algorithms,Low
1935,High Achiever,Machine Learning,5,80,92,16,96,1197,7,62,Advanced,Machine Learning,Low
1936,Consistent Learner,Web Development,4,43,88,11,90,610,4,40,Intermediate,Deep Learning,Low
1937,Consistent Learner,Programming,4,45,88,14,86,650,5,41,Intermediate,Operating Systems,Low
1938,Struggling Student,Machine Learning,2,17,50,4,50,88,1,1,Beginner,Introduction to C++,High
1939,High Achiever,Operating Systems,5,63,96,18,100,766,6,93,Advanced,Deep Learning,Low
1940,Struggling Student,Programming,1,11,40,4,59,137,2,4,Beginner,Programming Basics,High
1941,High Achiever,Computer Networks,5,60,92,13,90,777,7,63,Advanced,Deep Learning,Low
1942,Casual Learner,Web Development,3,24,62,5,70,336,2,17,Intermediate,Data Structures,Medium
1943,High Achiever,DSA,5,77,91,13,93,1166,7,108,Advanced,Advanced Algorithms,Low
1944,Casual Learner,Programming,2,32,50,4,75,330,4,17,Intermediate,Database Systems,Medium
1945,Struggling Student,Machine Learning,1,8,47,2,45,133,2,8,Beginner,Programming Basics,High
1946,Inactive Student,Database,1,3,4,2,26,50,1,0,Beginner,Programming Fundamentals,High
1947,Struggling Student,Programming,1,16,23,3,41,86,2,4,Beginner,Programming Fundamentals,High
1948,Struggling Student,Web Development,2,8,33,4,58,153,2,1,Beginner,Introduction to C++,High
1949,Casual Learner,Operating Systems,2,26,58,8,65,259,2,8,Intermediate,Web Development,Medium
1950,Casual Learner,Operating Systems,2,31,60,6,71,384,3,6,Intermediate,Data Structures,Medium
1951,Casual Learner,Web Development,3,24,70,6,69,346,3,15,Intermediate,Web Development,Medium
1952,High Achiever,DSA,4,58,92,15,90,1178,7,76,Advanced,Advanced Algorithms,Low
1953,Casual Learner,Computer Networks,3,34,73,4,74,292,3,11,Intermediate,Data Structures,Medium
1954,Casual Learner,Computer Networks,2,30,55,4,66,393,4,22,Intermediate,Database Systems,Medium
1955,Casual Learner,Operating Systems,2,30,61,4,61,385,2,24,Intermediate,Database Systems,Medium
1956,Inactive Student,Operating Systems,1,0,8,1,40,12,0,1,Beginner,Programming Fundamentals,High
1957,Inactive Student,DSA,1,2,17,2,9,17,0,1,Beginner,Programming Basics,High
1958,Struggling Student,Programming,1,18,49,2,56,68,2,8,Beginner,Introduction to C++,High
1959,Casual Learner,Machine Learning,2,28,61,5,68,245,3,16,Intermediate,Database Systems,Medium
1960,Consistent Learner,Programming,3,52,86,13,77,643,6,59,Intermediate,Data Structures,Low
1961,Casual Learner,Operating Systems,2,15,70,6,67,344,4,8,Intermediate,Object-Oriented Programming,Medium
1962,Casual Learner,Machine Learning,3,32,73,7,73,330,4,21,Intermediate,Data Structures,Medium
1963,Struggling Student,Operating Systems,1,9,30,5,58,149,1,8,Beginner,Programming Basics,High
1964,Consistent Learner,Web Development,3,43,87,9,76,445,6,58,Intermediate,Computer Networks,Low
1965,Struggling Student,Web Development,2,7,28,3,46,166,1,8,Beginner,Programming Basics,High
1966,Casual Learner,DSA,2,19,53,8,75,187,3,10,Intermediate,Computer Networks,Medium
1967,Consistent Learner,DSA,3,53,81,9,79,462,4,27,Intermediate,Data Structures,Low
1968,Consistent Learner,DSA,3,35,77,13,87,636,5,44,Intermediate,Algorithms,Low
1969,High Achiever,Programming,5,77,96,13,88,980,6,77,Advanced,Algorithms,Low
1970,Consistent Learner,Operating Systems,3,44,76,13,82,683,5,40,Intermediate,Operating Systems,Low
1971,Consistent Learner,Programming,3,50,83,11,79,499,5,39,Intermediate,Database Systems,Low
1972,Struggling Student,Machine Learning,2,18,41,2,41,60,1,1,Beginner,Introduction to C++,High
1973,Struggling Student,Web Development,1,5,31,4,50,155,2,8,Beginner,Programming Basics,High
1974,Consistent Learner,Computer Networks,3,48,88,13,87,616,5,25,Intermediate,Algorithms,Low
1975,High Achiever,Computer Networks,5,66,94,13,99,746,6,76,Advanced,Machine Learning,Low
1976,Struggling Student,Machine Learning,2,6,32,6,58,94,2,1,Beginner,Programming Fundamentals,High
1977,Casual Learner,Database,2,28,63,8,66,255,4,9,Intermediate,Database Systems,Medium
1978,Casual Learner,Machine Learning,3,20,62,8,74,380,2,21,Intermediate,Data Structures,Medium
1979,Casual Learner,Machine Learning,2,30,66,7,62,273,2,16,Intermediate,Web Development,Medium
1980,Casual Learner,Database,3,17,68,7,72,185,4,24,Intermediate,Data Structures,Medium
1981,High Achiever,Programming,4,68,95,19,98,967,6,88,Advanced,Machine Learning,Low
1982,Consistent Learner,Programming,3,53,86,9,77,636,5,41,Intermediate,Computer Networks,Low
1983,Consistent Learner,Programming,4,50,89,10,77,470,5,38,Intermediate,Database Systems,Low
1984,Casual Learner,Operating Systems,2,18,67,8,64,251,2,24,Intermediate,Web Development,Medium
1985,Casual Learner,DSA,3,23,55,5,64,334,3,15,Intermediate,Web Development,Medium
1986,Casual Learner,Web Development,2,23,73,6,68,213,2,22,Intermediate,Database Systems,Medium
1987,Casual Learner,Database,3,16,60,7,64,180,4,9,Intermediate,Object-Oriented Programming,Medium
1988,Struggling Student,Database,2,18,20,6,40,180,1,2,Beginner,Programming Fundamentals,High
1989,Consistent Learner,Computer Networks,4,48,83,8,89,487,4,28,Intermediate,Machine Learning,Low
1990,Struggling Student,Web Development,1,13,25,6,59,101,2,1,Beginner,Programming Basics,High
1991,High Achiever,Machine Learning,4,60,94,19,91,746,6,93,Advanced,Machine Learning,Low
1992,Consistent Learner,Machine Learning,4,35,90,8,76,579,6,23,Intermediate,Data Structures,Low
1993,High Achiever,Database,4,74,92,19,100,755,6,80,Advanced,Machine Learning,Low
1994,Casual Learner,Computer Networks,2,26,57,7,61,390,4,9,Intermediate,Object-Oriented Programming,Medium
1995,High Achiever,Web Development,4,80,96,17,98,707,6,101,Advanced,Deep Learning,Low
1996,Inactive Student,Operating Systems,1,5,2,2,36,50,1,2,Beginner,Programming Fundamentals,High
1997,Consistent Learner,Database,3,55,79,14,89,611,6,55,Intermediate,Operating Systems,Low
1998,Consistent Learner,Operating Systems,4,46,79,12,83,542,5,27,Intermediate,Machine Learning,Low
1999,Struggling Student,Programming,1,12,26,4,57,70,1,2,Beginner,Programming Basics,High
2000,Consistent Learner,Programming,3,46,87,9,80,435,5,38,Intermediate,Algorithms,Low
2001,Inactive Student,Operating Systems,1,5,11,1,16,33,0,1,Beginner,Programming Basics,High
2002,Casual Learner,Programming,3,23,67,7,61,370,3,19,Intermediate,Object-Oriented Programming,Medium
2003,Casual Learner,DSA,3,24,67,8,66,320,3,10,Intermediate,Database Systems,Medium
2004,Struggling Student,Web Development,2,11,49,3,57,66,2,6,Beginner,Programming Basics,High
2005,Casual Learner,Web Development,3,16,62,6,74,338,3,16,Intermediate,Data Structures,Medium
2006,Consistent Learner,Web Development,3,41,80,13,75,417,6,41,Intermediate,Database Systems,Low
2007,High Achiever,Web Development,5,78,90,13,91,751,6,52,Advanced,Deep Learning,Low
2008,Struggling Student,Web Development,1,14,41,2,44,102,2,8,Beginner,Programming Fundamentals,High
2009,Consistent Learner,Computer Networks,3,40,75,11,86,519,5,37,Intermediate,Operating Systems,Low
2010,Inactive Student,Computer Networks,1,1,0,0,8,11,1,1,Beginner,Programming Fundamentals,High
2011,Consistent Learner,Programming,3,40,88,14,76,440,5,27,Intermediate,Database Systems,Low
2012,Consistent Learner,Computer Networks,3,46,83,11,85,416,5,38,Intermediate,Algorithms,Low
2013,Inactive Student,Web Development,1,0,14,2,12,54,0,1,Beginner,Programming Fundamentals,High
2014,Casual Learner,Database,3,35,50,5,62,192,2,17,Intermediate,Database Systems,Medium
2015,Inactive Student,Machine Learning,1,1,9,2,0,13,0,0,Beginner,Introduction to C++,High
2016,Consistent Learner,Programming,3,48,76,12,84,432,4,54,Intermediate,Machine Learning,Low
2017,Casual Learner,Programming,2,35,60,8,65,319,3,16,Intermediate,Object-Oriented Programming,Medium
2018,Inactive Student,Computer Networks,1,4,10,0,2,23,1,0,Beginner,Programming Basics,High
2019,High Achiever,Web Development,4,75,90,18,97,919,6,49,Advanced,Advanced Algorithms,Low
2020,Consistent Learner,Web Development,4,43,76,14,82,645,6,37,Intermediate,Operating Systems,Low
2021,Casual Learner,Computer Networks,2,21,68,6,69,328,4,16,Intermediate,Object-Oriented Programming,Medium
2022,High Achiever,Web Development,5,69,96,14,93,867,6,67,Advanced,Machine Learning,Low
2023,Casual Learner,Operating Systems,2,17,65,5,72,260,3,9,Intermediate,Database Systems,Medium
2024,Consistent Learner,Programming,4,52,83,9,76,495,6,56,Intermediate,Computer Networks,Low
2025,Struggling Student,DSA,1,9,30,2,42,61,1,1,Beginner,Programming Fundamentals,High
2026,Struggling Student,Web Development,1,10,27,2,60,157,2,5,Beginner,Object-Oriented Programming,High
2027,High Achiever,Programming,4,67,96,19,91,1106,6,118,Advanced,Machine Learning,Low
2028,Consistent Learner,Computer Networks,4,49,85,14,89,565,6,31,Intermediate,Algorithms,Low
2029,Consistent Learner,Computer Networks,4,44,80,11,76,518,4,46,Intermediate,Computer Networks,Low
2030,Struggling Student,DSA,1,16,24,5,51,105,1,2,Beginner,Introduction to C++,High
2031,Casual Learner,Web Development,2,34,54,4,74,209,2,16,Intermediate,Data Structures,Medium
2032,Consistent Learner,Operating Systems,3,40,81,11,80,450,6,58,Intermediate,Operating Systems,Low
2033,Casual Learner,Programming,3,31,75,4,75,365,2,16,Intermediate,Computer Networks,Medium
2034,High Achiever,Programming,4,71,96,15,96,890,7,110,Advanced,Advanced Algorithms,Low
2035,High Achiever,Machine Learning,5,73,97,19,90,1060,6,88,Advanced,Advanced Algorithms,Low
2036,Casual Learner,Computer Networks,2,25,57,7,66,197,4,17,Intermediate,Web Development,Medium
2037,Inactive Student,Machine Learning,1,4,15,0,32,17,1,1,Beginner,Programming Basics,High
2038,Casual Learner,Machine Learning,2,20,73,7,65,180,2,10,Intermediate,Web Development,Medium
2039,Consistent Learner,Database,3,55,82,9,79,430,5,25,Intermediate,Database Systems,Low
2040,Consistent Learner,Database,3,39,78,8,88,584,6,58,Intermediate,Operating Systems,Low
2041,Consistent Learner,Programming,3,55,75,9,76,506,4,37,Intermediate,Computer Networks,Low
2042,Casual Learner,DSA,2,19,72,7,75,271,2,8,Intermediate,Data Structures,Medium
2043,Consistent Learner,DSA,3,39,77,11,85,424,5,36,Intermediate,Machine Learning,Low
2044,Consistent Learner,Computer Networks,3,46,82,14,89,633,5,42,Intermediate,Machine Learning,Low
2045,Inactive Student,Programming,1,4,17,0,8,49,0,2,Beginner,Programming Basics,High
2046,Casual Learner,Machine Learning,2,28,71,4,75,256,3,24,Intermediate,Data Structures,Medium
2047,Struggling Student,DSA,1,6,50,2,48,91,2,2,Beginner,Programming Fundamentals,High
2048,Consistent Learner,DSA,3,53,77,14,81,460,5,51,Intermediate,Algorithms,Low
2049,Casual Learner,Database,3,32,61,7,72,297,2,17,Intermediate,Data Structures,Medium
2050,Struggling Student,DSA,1,14,36,5,51,106,1,5,Beginner,Programming Fundamentals,High
2051,Consistent Learner,Operating Systems,4,44,76,11,88,600,4,39,Intermediate,Operating Systems,Low
2052,Struggling Student,Computer Networks,1,14,33,4,40,98,2,3,Beginner,Introduction to C++,High
2053,Consistent Learner,Operating Systems,3,47,79,11,78,445,5,29,Intermediate,Database Systems,Low
2054,Consistent Learner,Web Development,3,45,85,10,79,451,6,52,Intermediate,Computer Networks,Low
2055,Casual Learner,Programming,3,34,71,8,63,369,4,18,Intermediate,Object-Oriented Programming,Medium
2056,Casual Learner,Computer Networks,3,17,71,8,72,247,2,11,Intermediate,Computer Networks,Medium
2057,Consistent Learner,DSA,3,44,89,9,86,429,5,54,Intermediate,Algorithms,Low
2058,Consistent Learner,Database,3,36,82,8,77,587,6,53,Intermediate,Database Systems,Low
2059,Casual Learner,Database,3,26,64,7,68,307,3,19,Intermediate,Database Systems,Medium
2060,Casual Learner,Computer Networks,3,35,60,5,71,241,3,16,Intermediate,Computer Networks,Medium
2061,Casual Learner,Operating Systems,3,27,62,8,72,386,2,18,Intermediate,Data Structures,Medium
2062,Inactive Student,DSA,1,0,5,1,18,23,0,2,Beginner,Programming Fundamentals,High
2063,Inactive Student,Machine Learning,1,2,19,1,32,5,1,0,Beginner,Introduction to C++,High
2064,Casual Learner,Database,3,33,62,7,69,396,3,10,Intermediate,Object-Oriented Programming,Medium
2065,Struggling Student,DSA,1,12,47,4,44,90,2,2,Beginner,Introduction to C++,High
2066,Consistent Learner,Programming,4,36,83,13,81,526,4,46,Intermediate,Algorithms,Low
2067,Consistent Learner,Database,4,41,76,11,88,512,6,49,Intermediate,Algorithms,Low
2068,High Achiever,Computer Networks,4,55,98,13,95,1181,7,61,Advanced,Machine Learning,Low
2069,Inactive Student,Programming,1,2,17,1,5,58,1,1,Beginner,Programming Basics,High
2070,Consistent Learner,Operating Systems,4,40,88,12,89,532,5,51,Intermediate,Algorithms,Low
2071,High Achiever,DSA,4,75,100,12,99,970,7,83,Advanced,Advanced Algorithms,Low
2072,Struggling Student,DSA,2,12,34,3,58,115,2,6,Beginner,Introduction to C++,High
2073,Consistent Learner,Web Development,3,38,83,8,76,582,4,48,Intermediate,Computer Networks,Low
2074,High Achiever,Database,5,75,98,12,88,712,6,101,Advanced,Operating Systems,Low
2075,Consistent Learner,DSA,3,44,80,10,89,499,4,47,Intermediate,Algorithms,Low
2076,Casual Learner,DSA,2,21,74,7,62,306,2,6,Intermediate,Object-Oriented Programming,Medium
2077,High Achiever,Web Development,5,66,92,20,100,900,6,43,Advanced,Advanced Algorithms,Low
2078,Casual Learner,Machine Learning,3,22,61,5,71,337,3,11,Intermediate,Data Structures,Medium
2079,High Achiever,DSA,5,62,99,15,96,1008,6,40,Advanced,Deep Learning,Low
2080,Consistent Learner,Web Development,3,46,82,9,82,616,5,25,Intermediate,Operating Systems,Low
2081,Consistent Learner,Programming,4,47,77,8,89,423,6,31,Intermediate,Machine Learning,Low
2082,Casual Learner,Operating Systems,2,31,75,5,66,277,2,8,Intermediate,Object-Oriented Programming,Medium
2083,Casual Learner,DSA,3,18,61,8,67,322,4,22,Intermediate,Web Development,Medium
2084,Inactive Student,Computer Networks,1,0,15,2,40,27,1,2,Beginner,Introduction to C++,High
2085,Struggling Student,Web Development,1,10,34,4,44,78,1,4,Beginner,Programming Fundamentals,High
2086,Inactive Student,DSA,1,1,16,0,40,6,1,1,Beginner,Programming Basics,High
2087,Consistent Learner,Computer Networks,3,55,80,9,86,607,4,44,Intermediate,Algorithms,Low
2088,Struggling Student,Machine Learning,2,8,31,2,52,91,2,4,Beginner,Programming Basics,High
2089,Struggling Student,Programming,1,9,32,5,48,73,1,1,Beginner,Introduction to C++,High
2090,Casual Learner,DSA,3,18,70,8,70,218,2,7,Intermediate,Data Structures,Medium
2091,Struggling Student,DSA,2,15,21,6,49,144,2,4,Beginner,Programming Fundamentals,High
2092,Struggling Student,Web Development,2,11,22,4,48,161,2,1,Beginner,Introduction to C++,High
2093,Consistent Learner,Machine Learning,3,40,77,10,77,619,6,37,Intermediate,Data Structures,Low
2094,High Achiever,Operating Systems,5,65,96,16,88,991,6,113,Advanced,Operating Systems,Low
2095,Consistent Learner,DSA,4,49,90,10,80,430,5,20,Intermediate,Algorithms,Low
2096,High Achiever,DSA,5,60,100,12,89,1018,7,52,Advanced,Algorithms,Low
2097,Struggling Student,Programming,1,9,22,3,58,91,2,7,Beginner,Introduction to C++,High
2098,Casual Learner,Computer Networks,3,27,51,8,75,235,2,10,Intermediate,Database Systems,Medium
2099,Casual Learner,Web Development,2,17,75,8,65,213,3,25,Intermediate,Database Systems,Medium
2100,Casual Learner,Programming,3,25,72,8,75,346,4,18,Intermediate,Database Systems,Medium
2101,Consistent Learner,Computer Networks,3,55,84,9,78,446,6,44,Intermediate,Database Systems,Low
2102,Consistent Learner,Programming,4,40,82,8,79,423,4,27,Intermediate,Computer Networks,Low
2103,High Achiever,Operating Systems,4,79,95,19,100,893,7,76,Advanced,Advanced Algorithms,Low
2104,Casual Learner,Operating Systems,3,30,50,4,60,215,3,22,Intermediate,Database Systems,Medium
2105,Consistent Learner,Database,4,50,87,10,89,630,5,25,Intermediate,Machine Learning,Low
2106,Struggling Student,Web Development,2,11,42,2,48,169,2,1,Beginner,Programming Basics,High
2107,Casual Learner,Database,3,22,65,5,61,330,4,17,Intermediate,Database Systems,Medium
2108,Casual Learner,Machine Learning,2,29,64,4,63,342,4,25,Intermediate,Database Systems,Medium
2109,High Achiever,Computer Networks,5,62,95,15,88,1055,7,115,Advanced,Machine Learning,Low
2110,Struggling Student,DSA,2,10,23,3,56,80,2,7,Beginner,Programming Fundamentals,High
2111,Consistent Learner,Database,3,37,85,12,84,668,6,55,Intermediate,Operating Systems,Low
2112,Struggling Student,Machine Learning,2,10,49,4,53,144,2,4,Beginner,Introduction to C++,High
2113,Inactive Student,Operating Systems,1,2,9,2,14,19,1,0,Beginner,Introduction to C++,High
2114,Casual Learner,Web Development,2,34,57,6,68,328,3,14,Intermediate,Object-Oriented Programming,Medium
2115,Casual Learner,Database,3,23,50,8,65,217,2,6,Intermediate,Web Development,Medium
2116,Consistent Learner,Web Development,3,54,90,13,81,694,6,54,Intermediate,Operating Systems,Low
2117,Struggling Student,Machine Learning,2,6,27,3,43,61,2,3,Beginner,Programming Basics,High
2118,Casual Learner,Programming,3,16,65,6,69,398,4,16,Intermediate,Object-Oriented Programming,Medium
2119,Consistent Learner,Computer Networks,4,46,85,11,79,464,4,35,Intermediate,Data Structures,Low
2120,High Achiever,Database,5,64,96,13,90,1070,6,112,Advanced,Machine Learning,Low
2121,Struggling Student,DSA,2,6,24,2,46,153,2,6,Beginner,Introduction to C++,High
2122,Struggling Student,Machine Learning,2,8,30,6,50,140,2,1,Beginner,Programming Fundamentals,High
2123,Inactive Student,Operating Systems,1,0,18,2,13,60,0,1,Beginner,Programming Fundamentals,High
2124,Consistent Learner,Database,3,43,85,11,87,513,4,24,Intermediate,Algorithms,Low
2125,Inactive Student,Machine Learning,1,2,1,0,18,56,0,0,Beginner,Introduction to C++,High
2126,Consistent Learner,Computer Networks,3,36,82,9,84,634,5,31,Intermediate,Machine Learning,Low
2127,Casual Learner,Computer Networks,2,15,59,5,74,362,4,18,Intermediate,Computer Networks,Medium
2128,Struggling Student,Computer Networks,2,17,46,6,40,64,2,3,Beginner,Programming Fundamentals,High
2129,Struggling Student,Web Development,1,7,48,2,60,144,2,8,Beginner,Database Systems,High
2130,High Achiever,Database,4,56,94,15,93,729,6,69,Advanced,Advanced Algorithms,Low
2131,Struggling Student,Operating Systems,2,5,25,3,57,138,2,7,Beginner,Introduction to C++,High
2132,Consistent Learner,Web Development,4,40,81,9,79,666,4,59,Intermediate,Data Structures,Low
2133,High Achiever,Programming,4,65,96,13,91,804,6,69,Advanced,Machine Learning,Low
2134,Consistent Learner,Database,4,49,89,8,78,619,5,43,Intermediate,Data Structures,Low
2135,Casual Learner,Web Development,2,30,69,8,71,372,3,12,Intermediate,Computer Networks,Medium
2136,High Achiever,Database,5,61,90,13,90,1166,6,114,Advanced,Advanced Algorithms,Low
2137,Struggling Student,Operating Systems,2,7,27,2,46,94,1,1,Beginner,Programming Basics,High
2138,Casual Learner,Web Development,2,33,75,4,62,296,4,10,Intermediate,Object-Oriented Programming,Medium
2139,Casual Learner,DSA,3,16,61,4,74,388,4,18,Intermediate,Database Systems,Medium
2140,Casual Learner,Machine Learning,3,18,65,7,70,391,3,18,Intermediate,Data Structures,Medium
2141,Casual Learner,Operating Systems,2,23,51,7,71,343,4,12,Intermediate,Computer Networks,Medium
2142,Struggling Student,Web Development,1,17,41,5,60,78,2,2,Beginner,Object-Oriented Programming,High
2143,Consistent Learner,Machine Learning,3,53,85,11,87,673,5,36,Intermediate,Operating Systems,Low
2144,Struggling Student,DSA,1,12,27,3,54,133,1,3,Beginner,Programming Basics,High
2145,High Achiever,Programming,4,58,98,19,96,721,6,84,Advanced,Advanced Algorithms,Low
2146,Casual Learner,Operating Systems,2,17,64,4,75,254,4,6,Intermediate,Computer Networks,Medium
2147,Inactive Student,Machine Learning,1,1,11,0,37,39,1,2,Beginner,Introduction to C++,High
2148,Consistent Learner,Database,3,50,78,9,80,472,5,44,Intermediate,Operating Systems,Low
2149,Consistent Learner,DSA,4,40,80,8,86,548,4,29,Intermediate,Algorithms,Low
2150,Consistent Learner,Web Development,4,43,87,14,81,499,6,20,Intermediate,Operating Systems,Low
2151,Casual Learner,DSA,2,24,59,6,74,393,2,14,Intermediate,Computer Networks,Medium
2152,Struggling Student,Web Development,2,5,28,5,40,162,1,1,Beginner,Introduction to C++,High
2153,Casual Learner,Web Development,3,17,69,6,66,381,4,19,Intermediate,Database Systems,Medium
2154,Consistent Learner,Computer Networks,3,47,88,13,81,481,6,40,Intermediate,Machine Learning,Low
2155,Consistent Learner,DSA,4,50,90,10,80,481,5,56,Intermediate,Algorithms,Low
2156,High Achiever,Programming,5,66,98,13,90,1114,6,43,Advanced,Advanced Algorithms,Low
2157,Consistent Learner,Computer Networks,3,39,84,8,77,565,5,33,Intermediate,Data Structures,Low
2158,Consistent Learner,Database,4,53,87,9,88,525,5,29,Intermediate,Operating Systems,Low
2159,Casual Learner,Operating Systems,3,20,51,7,72,199,3,13,Intermediate,Computer Networks,Medium
2160,Casual Learner,Computer Networks,3,18,56,5,63,237,4,22,Intermediate,Object-Oriented Programming,Medium
2161,High Achiever,Machine Learning,4,77,92,13,98,742,6,59,Advanced,Machine Learning,Low
2162,Inactive Student,DSA,1,0,11,2,18,32,0,2,Beginner,Introduction to C++,High
2163,Casual Learner,Operating Systems,3,32,63,8,75,282,3,5,Intermediate,Data Structures,Medium
2164,Struggling Student,Programming,2,9,37,6,41,109,2,5,Beginner,Programming Basics,High
2165,Struggling Student,Computer Networks,1,5,45,5,45,132,2,8,Beginner,Programming Fundamentals,High
2166,Casual Learner,DSA,3,31,60,7,72,252,3,14,Intermediate,Computer Networks,Medium
2167,High Achiever,Web Development,4,61,94,14,89,1012,6,95,Advanced,Algorithms,Low
2168,Consistent Learner,DSA,3,35,84,13,77,423,5,30,Intermediate,Computer Networks,Low
2169,Consistent Learner,DSA,3,44,90,12,78,446,5,59,Intermediate,Database Systems,Low
2170,Consistent Learner,Operating Systems,4,53,83,12,78,482,6,32,Intermediate,Data Structures,Low
2171,Struggling Student,Programming,1,8,48,5,53,112,1,3,Beginner,Programming Fundamentals,High
2172,High Achiever,Programming,5,61,92,20,93,799,7,64,Advanced,Machine Learning,Low
2173,High Achiever,Computer Networks,4,65,92,16,91,1153,6,110,Advanced,Advanced Algorithms,Low
2174,High Achiever,Database,4,68,99,14,98,1098,6,47,Advanced,Deep Learning,Low
2175,Consistent Learner,Computer Networks,4,40,89,14,88,524,4,31,Intermediate,Operating Systems,Low
2176,Inactive Student,DSA,1,4,19,1,13,13,1,1,Beginner,Programming Fundamentals,High
2177,High Achiever,Database,4,75,98,18,90,903,7,53,Advanced,Machine Learning,Low
2178,Casual Learner,Database,2,15,52,5,64,349,4,10,Intermediate,Object-Oriented Programming,Medium
2179,Inactive Student,Computer Networks,1,4,4,0,34,54,0,1,Beginner,Programming Basics,High
2180,Casual Learner,Machine Learning,2,31,65,6,60,283,3,20,Intermediate,Database Systems,Medium
2181,High Achiever,Programming,5,79,100,17,97,785,6,108,Advanced,Advanced Algorithms,Low
2182,High Achiever,Computer Networks,5,62,91,14,95,1010,7,92,Advanced,Machine Learning,Low
2183,Casual Learner,Machine Learning,2,26,68,7,67,318,4,14,Intermediate,Database Systems,Medium
2184,Casual Learner,DSA,2,19,72,7,72,274,4,17,Intermediate,Computer Networks,Medium
2185,Consistent Learner,DSA,4,53,78,9,85,629,4,39,Intermediate,Operating Systems,Low
2186,Casual Learner,Machine Learning,2,25,60,5,68,351,3,25,Intermediate,Web Development,Medium
2187,High Achiever,Web Development,5,59,99,12,95,837,7,58,Advanced,Advanced Algorithms,Low
2188,Casual Learner,Machine Learning,3,17,74,7,72,304,2,22,Intermediate,Data Structures,Medium
2189,Casual Learner,Machine Learning,3,24,71,7,68,323,3,24,Intermediate,Web Development,Medium
2190,Consistent Learner,Database,3,51,81,14,84,457,5,49,Intermediate,Algorithms,Low
2191,Consistent Learner,Web Development,4,41,87,13,78,594,5,57,Intermediate,Computer Networks,Low
2192,High Achiever,Database,5,55,99,14,98,1027,7,41,Advanced,Deep Learning,Low
2193,Inactive Student,Programming,1,0,5,1,8,29,0,1,Beginner,Introduction to C++,High
2194,Consistent Learner,Machine Learning,3,35,80,10,83,583,6,26,Intermediate,Algorithms,Low
2195,High Achiever,Machine Learning,4,76,90,17,95,856,6,119,Advanced,Advanced Algorithms,Low
2196,Struggling Student,Database,1,13,31,5,47,61,1,8,Beginner,Introduction to C++,High
2197,Inactive Student,Programming,1,0,6,0,22,46,1,2,Beginner,Introduction to C++,High
2198,High Achiever,Operating Systems,5,75,93,12,93,898,7,52,Advanced,Advanced Algorithms,Low
2199,Consistent Learner,Machine Learning,3,49,84,11,89,691,4,52,Intermediate,Machine Learning,Low
2200,Inactive Student,Programming,1,5,3,2,30,10,1,2,Beginner,Programming Basics,High
2201,High Achiever,Computer Networks,4,68,95,13,88,818,7,77,Advanced,Machine Learning,Low
2202,Inactive Student,Database,1,1,19,2,2,25,1,1,Beginner,Programming Fundamentals,High
2203,Consistent Learner,Web Development,4,46,80,10,76,593,4,28,Intermediate,Data Structures,Low
2204,Consistent Learner,Database,4,50,79,10,88,491,4,31,Intermediate,Algorithms,Low
2205,Casual Learner,Database,2,21,70,6,74,383,2,13,Intermediate,Database Systems,Medium
2206,Consistent Learner,Web Development,4,52,84,13,85,590,6,34,Intermediate,Operating Systems,Low
2207,Casual Learner,DSA,2,22,67,5,70,181,3,7,Intermediate,Data Structures,Medium
2208,Consistent Learner,Computer Networks,4,41,78,9,76,401,6,35,Intermediate,Database Systems,Low
2209,High Achiever,DSA,4,57,97,15,100,1027,6,99,Advanced,Deep Learning,Low
2210,Consistent Learner,Operating Systems,4,52,82,12,86,684,5,40,Intermediate,Operating Systems,Low
2211,Consistent Learner,DSA,4,40,86,9,85,451,5,27,Intermediate,Operating Systems,Low
2212,Consistent Learner,Database,3,49,77,8,85,426,6,60,Intermediate,Algorithms,Low
2213,Consistent Learner,Machine Learning,3,43,89,11,84,537,5,34,Intermediate,Machine Learning,Low
2214,Casual Learner,Database,2,24,64,8,69,208,3,8,Intermediate,Database Systems,Medium
2215,Casual Learner,Computer Networks,3,21,58,6,66,189,3,12,Intermediate,Database Systems,Medium
2216,Casual Learner,Programming,2,21,53,8,66,287,2,7,Intermediate,Web Development,Medium
2217,Consistent Learner,Operating Systems,3,48,76,12,90,659,6,31,Intermediate,Advanced Algorithms,Low
2218,High Achiever,Operating Systems,4,70,98,19,91,704,7,111,Advanced,Deep Learning,Low
2219,Consistent Learner,Computer Networks,3,45,80,8,89,556,5,40,Intermediate,Operating Systems,Low
2220,Consistent Learner,Database,3,50,76,8,78,582,5,50,Intermediate,Data Structures,Low
2221,Consistent Learner,Operating Systems,4,50,77,13,90,626,6,44,Intermediate,Machine Learning,Low
2222,Casual Learner,Web Development,2,24,57,5,72,214,4,24,Intermediate,Computer Networks,Medium
2223,Consistent Learner,Web Development,4,43,85,8,75,418,4,23,Intermediate,Computer Networks,Low
2224,Casual Learner,Database,3,22,68,4,67,393,4,15,Intermediate,Object-Oriented Programming,Medium
2225,High Achiever,Programming,5,76,98,16,92,787,7,89,Advanced,Deep Learning,Low
2226,Struggling Student,Machine Learning,2,14,44,6,54,134,2,8,Beginner,Programming Basics,High
2227,Casual Learner,Database,3,25,70,8,71,373,4,9,Intermediate,Computer Networks,Medium
2228,Struggling Student,Operating Systems,1,7,24,2,54,155,2,2,Beginner,Programming Basics,High
2229,Consistent Learner,Machine Learning,3,55,89,8,89,407,5,57,Intermediate,Operating Systems,Low
2230,Consistent Learner,Database,4,38,83,14,81,617,5,30,Intermediate,Operating Systems,Low
2231,Inactive Student,Machine Learning,1,0,2,0,13,40,0,0,Beginner,Programming Fundamentals,High
2232,Casual Learner,Operating Systems,3,32,53,4,67,336,3,22,Intermediate,Object-Oriented Programming,Medium
2233,Consistent Learner,Database,3,35,80,14,78,627,5,56,Intermediate,Data Structures,Low
2234,Consistent Learner,DSA,4,48,81,9,86,445,6,40,Intermediate,Operating Systems,Low
2235,Casual Learner,Operating Systems,2,29,73,4,70,229,2,17,Intermediate,Data Structures,Medium
2236,Struggling Student,Programming,1,14,27,6,42,61,1,3,Beginner,Programming Fundamentals,High
2237,Inactive Student,Database,1,1,20,1,22,7,0,2,Beginner,Introduction to C++,High
2238,High Achiever,Programming,5,72,91,20,99,762,6,76,Advanced,Deep Learning,Low
2239,High Achiever,DSA,5,61,97,15,94,735,7,107,Advanced,Deep Learning,Low
2240,Consistent Learner,Operating Systems,4,39,89,8,81,578,6,58,Intermediate,Machine Learning,Low
2241,Casual Learner,DSA,3,22,75,8,61,360,2,25,Intermediate,Database Systems,Medium
2242,Casual Learner,Operating Systems,3,17,61,6,74,350,2,7,Intermediate,Computer Networks,Medium
2243,Consistent Learner,Web Development,4,42,90,12,80,582,5,27,Intermediate,Algorithms,Low
2244,Consistent Learner,DSA,4,54,76,13,79,660,4,50,Intermediate,Database Systems,Low
2245,Consistent Learner,Programming,3,52,88,14,87,609,4,41,Intermediate,Algorithms,Low
2246,Consistent Learner,Machine Learning,3,47,83,10,77,611,4,22,Intermediate,Data Structures,Low
2247,Casual Learner,Computer Networks,3,25,70,5,70,317,4,14,Intermediate,Database Systems,Medium
2248,Struggling Student,Programming,2,6,21,3,57,129,1,3,Beginner,Introduction to C++,High
2249,Inactive Student,Programming,1,2,4,1,26,13,1,0,Beginner,Programming Fundamentals,High
2250,Struggling Student,Database,2,15,28,5,43,127,1,6,Beginner,Programming Basics,High
2251,Inactive Student,Machine Learning,1,3,18,0,26,31,1,1,Beginner,Programming Fundamentals,High
2252,Struggling Student,Computer Networks,1,14,25,3,56,128,2,8,Beginner,Introduction to C++,High
2253,Struggling Student,Operating Systems,2,6,47,3,50,128,2,3,Beginner,Introduction to C++,High
2254,High Achiever,Database,4,55,100,18,100,983,6,53,Advanced,Deep Learning,Low
2255,Struggling Student,Operating Systems,2,17,43,2,46,99,1,2,Beginner,Programming Fundamentals,High
2256,Casual Learner,Machine Learning,3,29,70,6,67,367,2,11,Intermediate,Database Systems,Medium
2257,Consistent Learner,Web Development,4,35,83,8,82,404,6,20,Intermediate,Operating Systems,Low
2258,Inactive Student,Database,1,1,16,2,26,1,0,2,Beginner,Programming Basics,High
2259,Consistent Learner,Database,4,40,76,10,77,487,4,25,Intermediate,Computer Networks,Low
2260,High Achiever,Computer Networks,5,69,97,14,88,837,7,48,Advanced,Algorithms,Low
2261,High Achiever,Computer Networks,5,77,99,16,89,989,6,60,Advanced,Machine Learning,Low
2262,Consistent Learner,Operating Systems,3,52,77,8,90,558,4,60,Intermediate,Machine Learning,Low
2263,High Achiever,Database,5,55,99,20,95,777,7,72,Advanced,Advanced Algorithms,Low
2264,Casual Learner,DSA,2,26,52,7,69,383,2,10,Intermediate,Database Systems,Medium
2265,High Achiever,Operating Systems,4,60,96,13,89,973,6,44,Advanced,Algorithms,Low
2266,Consistent Learner,Machine Learning,4,38,87,9,76,643,4,29,Intermediate,Computer Networks,Low
2267,Consistent Learner,Computer Networks,3,36,79,14,76,416,6,41,Intermediate,Data Structures,Low
2268,Consistent Learner,Operating Systems,4,39,77,12,86,500,5,54,Intermediate,Operating Systems,Low
2269,High Achiever,Database,5,70,99,17,88,730,6,103,Advanced,Algorithms,Low
2270,High Achiever,Operating Systems,4,55,97,15,97,936,6,64,Advanced,Machine Learning,Low
2271,Casual Learner,DSA,2,17,53,5,72,324,2,21,Intermediate,Database Systems,Medium
2272,Struggling Student,Computer Networks,2,12,24,3,43,63,2,6,Beginner,Programming Fundamentals,High
2273,Struggling Student,Computer Networks,2,17,23,5,43,132,1,2,Beginner,Introduction to C++,High
2274,Struggling Student,Web Development,2,9,27,5,41,78,1,5,Beginner,Introduction to C++,High
2275,Struggling Student,DSA,1,10,24,2,60,110,1,3,Beginner,Database Systems,High
2276,Consistent Learner,Machine Learning,4,37,79,13,75,698,5,39,Intermediate,Computer Networks,Low
2277,Struggling Student,Operating Systems,2,7,32,6,40,86,1,7,Beginner,Programming Fundamentals,High
2278,Casual Learner,Database,2,22,54,7,73,200,4,19,Intermediate,Computer Networks,Medium
2279,Struggling Student,Computer Networks,1,15,24,4,51,165,2,6,Beginner,Programming Basics,High
2280,Consistent Learner,DSA,3,38,78,10,77,487,5,54,Intermediate,Database Systems,Low
2281,Inactive Student,Computer Networks,1,2,19,2,26,16,1,2,Beginner,Introduction to C++,High
2282,Struggling Student,Machine Learning,2,7,26,5,52,67,1,5,Beginner,Introduction to C++,High
2283,Casual Learner,Programming,2,29,71,8,62,324,2,23,Intermediate,Object-Oriented Programming,Medium
2284,Casual Learner,Machine Learning,2,17,63,6,61,192,3,23,Intermediate,Web Development,Medium
2285,Struggling Student,Machine Learning,1,11,39,3,46,160,2,4,Beginner,Introduction to C++,High
2286,Casual Learner,Machine Learning,3,23,64,4,65,210,2,23,Intermediate,Web Development,Medium
2287,Casual Learner,Database,3,20,54,4,65,196,2,11,Intermediate,Web Development,Medium
2288,Struggling Student,Computer Networks,1,18,20,4,50,60,1,4,Beginner,Programming Basics,High
2289,High Achiever,Programming,5,62,94,18,95,822,6,118,Advanced,Machine Learning,Low
2290,High Achiever,Machine Learning,4,58,94,13,94,1108,6,42,Advanced,Advanced Algorithms,Low
2291,Inactive Student,Operating Systems,1,0,12,2,40,9,0,0,Beginner,Programming Fundamentals,High
2292,Casual Learner,Web Development,3,34,51,7,60,318,4,15,Intermediate,Database Systems,Medium
2293,Casual Learner,Operating Systems,2,32,63,7,68,279,2,6,Intermediate,Object-Oriented Programming,Medium
2294,High Achiever,Machine Learning,5,76,93,15,94,760,6,71,Advanced,Deep Learning,Low
2295,High Achiever,Programming,4,65,91,20,98,889,7,82,Advanced,Advanced Algorithms,Low
2296,High Achiever,Machine Learning,5,59,90,15,98,833,6,48,Advanced,Deep Learning,Low
2297,Consistent Learner,Operating Systems,3,43,88,11,75,628,5,44,Intermediate,Computer Networks,Low
2298,Casual Learner,Database,3,33,72,6,72,290,3,9,Intermediate,Computer Networks,Medium
2299,High Achiever,Programming,4,63,100,12,100,771,6,104,Advanced,Machine Learning,Low
2300,Inactive Student,Computer Networks,1,1,16,1,38,59,1,0,Beginner,Programming Basics,High
2301,Inactive Student,Web Development,1,1,1,2,22,32,0,1,Beginner,Introduction to C++,High
2302,Casual Learner,DSA,3,22,75,6,66,285,3,10,Intermediate,Object-Oriented Programming,Medium
2303,Consistent Learner,Web Development,3,35,84,8,80,448,6,28,Intermediate,Operating Systems,Low
2304,Struggling Student,Programming,1,15,33,2,60,82,2,6,Beginner,Web Development,High
2305,High Achiever,Computer Networks,5,58,90,12,95,1008,6,68,Advanced,Machine Learning,Low
2306,Consistent Learner,Web Development,3,36,77,9,82,667,4,49,Intermediate,Algorithms,Low
2307,High Achiever,Computer Networks,4,61,92,18,89,879,6,56,Advanced,Algorithms,Low
2308,Casual Learner,Database,3,15,65,7,73,372,3,12,Intermediate,Computer Networks,Medium
2309,Inactive Student,Operating Systems,1,2,9,1,2,56,1,2,Beginner,Programming Basics,High
2310,Struggling Student,Web Development,2,8,47,4,52,165,1,2,Beginner,Programming Fundamentals,High
2311,High Achiever,DSA,4,66,97,15,99,858,7,59,Advanced,Deep Learning,Low
2312,Consistent Learner,Machine Learning,4,37,90,11,80,483,5,26,Intermediate,Operating Systems,Low
2313,Casual Learner,Operating Systems,3,20,62,7,60,310,3,18,Intermediate,Web Development,Medium
2314,Struggling Student,Database,2,7,47,3,48,69,2,7,Beginner,Programming Fundamentals,High
2315,Casual Learner,Operating Systems,3,34,59,7,74,392,2,10,Intermediate,Computer Networks,Medium
2316,High Achiever,DSA,5,55,90,18,89,1112,7,104,Advanced,Operating Systems,Low
2317,Casual Learner,Database,2,19,57,6,68,387,2,14,Intermediate,Object-Oriented Programming,Medium
2318,Consistent Learner,Web Development,4,52,79,8,79,444,5,60,Intermediate,Database Systems,Low
2319,Struggling Student,Machine Learning,2,7,31,4,58,160,1,1,Beginner,Introduction to C++,High
2320,Casual Learner,Database,3,35,52,4,63,351,4,24,Intermediate,Database Systems,Medium
2321,Struggling Student,Machine Learning,1,13,24,5,47,60,2,4,Beginner,Introduction to C++,High
2322,Consistent Learner,Computer Networks,4,51,80,13,77,670,6,37,Intermediate,Computer Networks,Low
2323,Struggling Student,Machine Learning,1,11,32,4,40,104,1,2,Beginner,Programming Basics,High
2324,Consistent Learner,DSA,4,44,81,13,83,442,6,31,Intermediate,Algorithms,Low
2325,Struggling Student,Programming,2,5,29,6,56,114,1,4,Beginner,Introduction to C++,High
2326,High Achiever,Computer Networks,5,56,90,15,90,731,6,53,Advanced,Advanced Algorithms,Low
2327,Casual Learner,Operating Systems,2,17,52,6,61,183,2,14,Intermediate,Database Systems,Medium
2328,Struggling Student,DSA,1,17,42,5,43,135,2,7,Beginner,Programming Basics,High
2329,Struggling Student,Programming,2,7,44,4,59,156,1,5,Beginner,Programming Basics,High
2330,Casual Learner,Database,3,31,60,6,60,340,2,7,Intermediate,Object-Oriented Programming,Medium
2331,Inactive Student,Database,1,1,10,2,10,45,0,0,Beginner,Introduction to C++,High
2332,Inactive Student,Machine Learning,1,4,14,2,0,30,0,1,Beginner,Programming Fundamentals,High
2333,Struggling Student,Computer Networks,1,12,23,5,43,114,1,2,Beginner,Programming Fundamentals,High
2334,Casual Learner,Operating Systems,2,19,56,8,72,244,3,20,Intermediate,Data Structures,Medium
2335,Casual Learner,Web Development,3,22,51,7,73,323,2,5,Intermediate,Data Structures,Medium
2336,Struggling Student,Machine Learning,1,15,43,6,51,160,2,8,Beginner,Programming Fundamentals,High
2337,High Achiever,DSA,5,76,94,15,100,1093,6,67,Advanced,Deep Learning,Low
2338,Inactive Student,DSA,1,0,12,2,2,50,1,2,Beginner,Programming Fundamentals,High
2339,Struggling Student,Machine Learning,2,18,34,4,52,145,2,1,Beginner,Introduction to C++,High
2340,Struggling Student,Computer Networks,2,6,33,6,43,91,2,3,Beginner,Programming Basics,High
2341,Consistent Learner,Computer Networks,3,48,84,14,79,598,4,20,Intermediate,Database Systems,Low
2342,Inactive Student,DSA,1,1,11,0,33,49,1,0,Beginner,Introduction to C++,High
2343,Struggling Student,Computer Networks,1,14,37,3,58,77,2,5,Beginner,Programming Fundamentals,High
2344,High Achiever,Programming,4,64,91,18,97,1114,6,41,Advanced,Deep Learning,Low
2345,Struggling Student,Programming,1,6,31,2,52,120,2,7,Beginner,Programming Fundamentals,High
2346,Consistent Learner,Computer Networks,3,42,85,9,84,681,4,25,Intermediate,Algorithms,Low
2347,Consistent Learner,Operating Systems,3,43,90,11,83,479,5,52,Intermediate,Operating Systems,Low
2348,Struggling Student,Operating Systems,1,10,35,3,57,103,2,2,Beginner,Programming Basics,High
2349,Casual Learner,Programming,3,30,60,4,64,239,4,16,Intermediate,Web Development,Medium
2350,Casual Learner,Programming,3,26,58,5,72,398,4,6,Intermediate,Computer Networks,Medium
2351,Struggling Student,Web Development,1,8,43,5,40,79,2,5,Beginner,Introduction to C++,High
2352,Struggling Student,Operating Systems,2,17,28,5,54,119,1,1,Beginner,Introduction to C++,High
2353,High Achiever,Programming,4,69,93,12,96,937,6,86,Advanced,Deep Learning,Low
2354,Struggling Student,Operating Systems,2,13,40,3,55,145,1,4,Beginner,Programming Basics,High
2355,Casual Learner,Database,2,31,50,5,74,255,2,14,Intermediate,Computer Networks,Medium
2356,Struggling Student,Computer Networks,2,15,25,5,41,80,1,6,Beginner,Introduction to C++,High
2357,Struggling Student,Web Development,2,7,48,5,45,131,2,1,Beginner,Introduction to C++,High
2358,Casual Learner,Database,2,15,64,7,66,216,3,7,Intermediate,Web Development,Medium
2359,Consistent Learner,Database,3,52,87,11,88,470,5,58,Intermediate,Algorithms,Low
2360,Consistent Learner,Machine Learning,4,51,90,12,76,608,6,21,Intermediate,Database Systems,Low
2361,Casual Learner,Machine Learning,3,33,71,5,65,194,4,15,Intermediate,Database Systems,Medium
2362,Struggling Student,Database,1,10,45,2,56,180,1,8,Beginner,Programming Basics,High
2363,Casual Learner,Computer Networks,2,25,69,7,73,245,2,15,Intermediate,Data Structures,Medium
2364,Casual Learner,Computer Networks,3,28,64,4,75,308,4,19,Intermediate,Database Systems,Medium
2365,Struggling Student,Database,2,7,33,2,58,150,1,4,Beginner,Programming Fundamentals,High
2366,Consistent Learner,Operating Systems,3,50,81,14,87,466,5,33,Intermediate,Algorithms,Low
2367,High Achiever,DSA,4,75,92,19,89,754,6,99,Advanced,Machine Learning,Low
2368,Casual Learner,Web Development,3,34,53,7,63,288,2,6,Intermediate,Database Systems,Medium
2369,Consistent Learner,Machine Learning,4,38,84,10,87,695,6,34,Intermediate,Algorithms,Low
2370,Consistent Learner,Programming,4,53,75,9,80,495,4,31,Intermediate,Operating Systems,Low
2371,Casual Learner,Machine Learning,2,18,58,5,72,248,3,7,Intermediate,Data Structures,Medium
2372,Casual Learner,Programming,2,29,64,4,66,386,2,17,Intermediate,Object-Oriented Programming,Medium
2373,Casual Learner,Operating Systems,2,25,71,4,61,254,4,11,Intermediate,Object-Oriented Programming,Medium
2374,Consistent Learner,Operating Systems,4,40,83,10,87,695,4,27,Intermediate,Machine Learning,Low
2375,Consistent Learner,Database,4,48,82,12,75,676,4,56,Intermediate,Data Structures,Low
2376,Struggling Student,Operating Systems,2,9,21,3,51,138,2,2,Beginner,Programming Fundamentals,High
2377,Casual Learner,Computer Networks,2,19,64,5,75,226,4,7,Intermediate,Data Structures,Medium
2378,Struggling Student,Programming,2,8,31,2,49,158,2,1,Beginner,Programming Basics,High
2379,Struggling Student,Computer Networks,2,12,32,4,45,118,1,5,Beginner,Introduction to C++,High
2380,Inactive Student,Machine Learning,1,3,8,2,40,37,1,0,Beginner,Introduction to C++,High
2381,Struggling Student,Machine Learning,2,9,46,2,53,155,2,6,Beginner,Introduction to C++,High
2382,Struggling Student,Programming,1,5,37,2,43,132,1,1,Beginner,Programming Basics,High
2383,Consistent Learner,Programming,4,44,82,12,76,543,5,54,Intermediate,Computer Networks,Low
2384,Inactive Student,Machine Learning,1,1,5,0,22,12,0,0,Beginner,Programming Basics,High
2385,High Achiever,DSA,4,66,91,12,90,1114,7,82,Advanced,Deep Learning,Low
2386,Struggling Student,Programming,1,14,48,3,50,96,2,1,Beginner,Programming Basics,High
2387,Struggling Student,Machine Learning,2,16,45,3,59,84,1,4,Beginner,Programming Basics,High
2388,Consistent Learner,DSA,4,40,88,9,75,675,4,42,Intermediate,Computer Networks,Low
2389,Struggling Student,Machine Learning,1,6,24,4,48,71,1,1,Beginner,Introduction to C++,High
2390,Struggling Student,Operating Systems,2,10,49,6,59,138,1,1,Beginner,Programming Basics,High
2391,High Achiever,Web Development,5,61,91,19,95,858,7,75,Advanced,Machine Learning,Low
2392,High Achiever,Programming,5,60,99,16,98,747,6,97,Advanced,Deep Learning,Low
2393,Casual Learner,Operating Systems,2,33,54,5,72,294,2,12,Intermediate,Data Structures,Medium
2394,Casual Learner,DSA,3,19,63,6,75,261,2,21,Intermediate,Computer Networks,Medium
2395,Inactive Student,Database,1,3,3,0,1,56,1,0,Beginner,Introduction to C++,High
2396,Struggling Student,DSA,1,5,38,6,45,144,2,6,Beginner,Programming Basics,High
2397,Consistent Learner,DSA,3,38,77,10,82,569,5,20,Intermediate,Machine Learning,Low
2398,High Achiever,DSA,4,58,99,13,92,821,6,106,Advanced,Deep Learning,Low
2399,Casual Learner,Machine Learning,3,35,54,6,74,334,2,16,Intermediate,Computer Networks,Medium
2400,Struggling Student,Operating Systems,1,7,22,6,57,90,2,6,Beginner,Programming Fundamentals,High
2401,Inactive Student,Operating Systems,1,0,18,0,0,19,1,1,Beginner,Programming Basics,High
2402,Casual Learner,Computer Networks,3,33,56,5,67,373,2,23,Intermediate,Web Development,Medium
2403,Inactive Student,Web Development,1,2,3,1,39,60,0,0,Beginner,Introduction to C++,High
2404,Casual Learner,Machine Learning,3,28,58,4,70,342,4,16,Intermediate,Computer Networks,Medium
2405,Casual Learner,DSA,2,25,72,7,75,214,3,10,Intermediate,Data Structures,Medium
2406,Struggling Student,Database,2,12,24,6,45,106,2,4,Beginner,Programming Fundamentals,High
2407,Struggling Student,Computer Networks,2,6,45,6,52,81,1,3,Beginner,Programming Basics,High
2408,Struggling Student,Programming,1,13,25,4,60,111,1,5,Beginner,Database Systems,High
2409,Consistent Learner,Web Development,3,53,83,9,75,446,4,30,Intermediate,Data Structures,Low
2410,Inactive Student,Programming,1,2,18,2,11,38,0,0,Beginner,Programming Fundamentals,High
2411,Struggling Student,Web Development,2,7,46,5,41,77,2,7,Beginner,Programming Basics,High
2412,Consistent Learner,Operating Systems,4,36,86,11,81,494,4,50,Intermediate,Machine Learning,Low
2413,Casual Learner,Programming,2,34,52,4,62,327,2,12,Intermediate,Database Systems,Medium
2414,Struggling Student,Machine Learning,1,7,25,4,54,71,1,4,Beginner,Introduction to C++,High
2415,Struggling Student,Computer Networks,1,11,50,2,56,78,2,8,Beginner,Programming Fundamentals,High
2416,High Achiever,Web Development,5,67,91,18,88,942,7,56,Advanced,Machine Learning,Low
2417,Consistent Learner,Computer Networks,4,35,75,12,85,516,5,31,Intermediate,Algorithms,Low
2418,Consistent Learner,Programming,4,48,79,14,82,456,4,32,Intermediate,Machine Learning,Low
2419,High Achiever,Computer Networks,5,64,91,18,92,770,6,52,Advanced,Deep Learning,Low
2420,Consistent Learner,Operating Systems,4,38,81,11,80,637,5,44,Intermediate,Operating Systems,Low
2421,Consistent Learner,Web Development,3,48,81,14,83,549,4,59,Intermediate,Algorithms,Low
2422,Struggling Student,Web Development,1,12,30,4,43,125,2,1,Beginner,Programming Basics,High
2423,Struggling Student,Web Development,1,7,29,3,41,172,1,5,Beginner,Programming Fundamentals,High
2424,Consistent Learner,Database,4,43,77,14,90,486,4,37,Intermediate,Deep Learning,Low
2425,Casual Learner,Database,2,31,62,8,68,294,4,5,Intermediate,Object-Oriented Programming,Medium
2426,Consistent Learner,Database,4,42,87,14,79,614,6,56,Intermediate,Data Structures,Low
2427,Consistent Learner,Web Development,3,41,88,13,83,432,6,20,Intermediate,Algorithms,Low
2428,Casual Learner,DSA,3,35,60,7,68,224,2,17,Intermediate,Web Development,Medium
2429,Consistent Learner,Database,3,36,82,11,77,534,6,47,Intermediate,Data Structures,Low
2430,Consistent Learner,Operating Systems,4,38,84,9,89,658,6,36,Intermediate,Machine Learning,Low
2431,Consistent Learner,Programming,4,47,77,12,89,579,5,36,Intermediate,Machine Learning,Low
2432,Struggling Student,DSA,2,17,27,5,57,178,1,6,Beginner,Programming Fundamentals,High
2433,Consistent Learner,Computer Networks,3,51,86,14,76,430,4,48,Intermediate,Database Systems,Low
2434,Inactive Student,DSA,1,4,3,0,33,19,1,0,Beginner,Programming Fundamentals,High
2435,Casual Learner,Operating Systems,3,15,59,5,71,285,3,6,Intermediate,Database Systems,Medium
2436,Struggling Student,DSA,1,12,28,5,58,125,1,4,Beginner,Programming Basics,High
2437,Consistent Learner,Computer Networks,4,41,75,14,87,641,6,27,Intermediate,Operating Systems,Low
2438,Inactive Student,DSA,1,5,5,1,26,56,1,2,Beginner,Programming Fundamentals,High
2439,Consistent Learner,Programming,3,51,89,12,88,568,4,52,Intermediate,Machine Learning,Low
2440,Casual Learner,Operating Systems,2,27,65,5,73,232,3,10,Intermediate,Computer Networks,Medium
2441,Casual Learner,Machine Learning,3,27,50,6,70,397,2,25,Intermediate,Database Systems,Medium
2442,Casual Learner,DSA,2,29,51,6,73,375,4,7,Intermediate,Computer Networks,Medium
2443,Struggling Student,Computer Networks,2,5,33,5,46,83,1,2,Beginner,Introduction to C++,High
2444,Struggling Student,Machine Learning,1,12,26,6,58,82,1,3,Beginner,Introduction to C++,High
2445,High Achiever,DSA,5,77,95,15,100,1111,6,99,Advanced,Machine Learning,Low
2446,Casual Learner,Programming,3,24,69,6,65,283,4,14,Intermediate,Object-Oriented Programming,Medium
2447,High Achiever,Computer Networks,4,57,100,15,93,854,6,54,Advanced,Deep Learning,Low
2448,Consistent Learner,Machine Learning,4,49,75,11,80,432,6,41,Intermediate,Operating Systems,Low
2449,Casual Learner,Programming,3,23,69,8,65,249,2,22,Intermediate,Web Development,Medium
2450,Struggling Student,Database,1,17,21,3,42,119,1,7,Beginner,Introduction to C++,High
2451,Casual Learner,Programming,3,35,62,6,67,353,2,15,Intermediate,Web Development,Medium
2452,Casual Learner,Operating Systems,2,18,62,6,64,397,4,21,Intermediate,Object-Oriented Programming,Medium
2453,Consistent Learner,DSA,4,36,78,11,76,479,5,60,Intermediate,Database Systems,Low
2454,High Achiever,Programming,4,55,98,20,88,965,6,98,Advanced,Algorithms,Low
2455,Casual Learner,Machine Learning,2,34,63,8,65,346,3,14,Intermediate,Web Development,Medium
2456,Consistent Learner,Programming,3,49,79,12,85,689,4,49,Intermediate,Operating Systems,Low
2457,Consistent Learner,Programming,4,52,75,11,78,597,4,30,Intermediate,Database Systems,Low
2458,Casual Learner,DSA,2,32,51,8,64,395,2,12,Intermediate,Web Development,Medium
2459,High Achiever,Programming,4,68,93,16,92,837,6,81,Advanced,Advanced Algorithms,Low
2460,Consistent Learner,Computer Networks,3,55,83,10,90,403,4,31,Intermediate,Machine Learning,Low
2461,Struggling Student,Database,1,9,25,4,46,112,1,2,Beginner,Programming Basics,High
2462,Inactive Student,Web Development,1,2,7,0,11,35,1,2,Beginner,Introduction to C++,High
2463,Casual Learner,Operating Systems,2,22,69,7,74,180,2,14,Intermediate,Data Structures,Medium
2464,Consistent Learner,DSA,4,36,86,10,82,617,5,52,Intermediate,Algorithms,Low
2465,Casual Learner,Operating Systems,3,26,74,6,60,242,3,13,Intermediate,Web Development,Medium
2466,Casual Learner,Programming,3,33,64,7,67,312,3,13,Intermediate,Web Development,Medium
2467,Casual Learner,DSA,2,19,57,7,61,277,3,19,Intermediate,Web Development,Medium
2468,Struggling Student,Machine Learning,2,9,38,2,44,107,2,8,Beginner,Programming Fundamentals,High
2469,Inactive Student,DSA,1,5,1,1,11,38,1,0,Beginner,Programming Basics,High
2470,Inactive Student,Machine Learning,1,4,4,0,24,26,1,0,Beginner,Introduction to C++,High
2471,Inactive Student,Machine Learning,1,4,13,0,12,57,1,1,Beginner,Programming Fundamentals,High
2472,Inactive Student,Machine Learning,1,5,4,2,38,50,0,0,Beginner,Introduction to C++,High
2473,Struggling Student,Computer Networks,2,18,32,6,56,119,2,8,Beginner,Programming Fundamentals,High
2474,Consistent Learner,Operating Systems,4,35,84,8,82,530,6,31,Intermediate,Algorithms,Low
2475,Casual Learner,Operating Systems,3,34,57,4,70,231,4,21,Intermediate,Computer Networks,Medium
2476,Consistent Learner,Operating Systems,3,39,79,11,75,415,4,24,Intermediate,Database Systems,Low
2477,Consistent Learner,Computer Networks,4,47,79,14,77,556,6,34,Intermediate,Data Structures,Low
2478,Struggling Student,Computer Networks,1,8,29,2,40,86,2,6,Beginner,Programming Basics,High
2479,Inactive Student,Operating Systems,1,4,15,0,2,37,1,2,Beginner,Introduction to C++,High
2480,Struggling Student,Web Development,2,7,43,3,49,176,1,6,Beginner,Programming Fundamentals,High
2481,Inactive Student,Computer Networks,1,1,1,2,11,14,1,0,Beginner,Programming Basics,High
2482,Casual Learner,Web Development,3,28,69,4,68,323,4,17,Intermediate,Object-Oriented Programming,Medium
2483,Inactive Student,Machine Learning,1,4,1,2,23,25,0,0,Beginner,Programming Basics,High
2484,Casual Learner,Database,2,35,50,7,73,284,2,21,Intermediate,Database Systems,Medium
2485,Casual Learner,Web Development,2,35,73,6,60,259,2,14,Intermediate,Database Systems,Medium
2486,Consistent Learner,Computer Networks,3,45,82,8,81,646,6,59,Intermediate,Machine Learning,Low
2487,Struggling Student,Programming,1,5,35,5,55,85,1,2,Beginner,Introduction to C++,High
2488,Inactive Student,Database,1,0,7,1,5,48,0,0,Beginner,Programming Basics,High
2489,Casual Learner,Operating Systems,2,33,56,8,75,229,2,19,Intermediate,Data Structures,Medium
2490,Consistent Learner,Computer Networks,3,44,84,10,89,546,6,58,Intermediate,Algorithms,Low
2491,Struggling Student,Web Development,2,5,34,6,53,170,1,4,Beginner,Introduction to C++,High
2492,Inactive Student,Programming,1,5,15,1,20,4,0,1,Beginner,Programming Fundamentals,High
2493,High Achiever,Computer Networks,5,57,97,15,98,785,7,50,Advanced,Deep Learning,Low
2494,Consistent Learner,DSA,4,36,77,12,86,660,4,42,Intermediate,Machine Learning,Low
2495,Casual Learner,Programming,2,25,64,6,68,363,4,17,Intermediate,Web Development,Medium
2496,Consistent Learner,Machine Learning,3,47,76,13,90,642,4,23,Intermediate,Deep Learning,Low
2497,High Achiever,DSA,4,77,94,17,92,760,7,42,Advanced,Machine Learning,Low
2498,Casual Learner,Operating Systems,2,20,52,8,60,354,2,23,Intermediate,Database Systems,Medium
2499,Consistent Learner,DSA,3,42,86,14,87,542,6,21,Intermediate,Operating Systems,Low
2500,Casual Learner,Machine Learning,2,19,62,6,65,335,4,15,Intermediate,Object-Oriented Programming,Medium
2501,Inactive Student,Web Development,1,2,13,2,38,13,0,2,Beginner,Programming Basics,High
2502,Consistent Learner,Web Development,3,41,76,9,89,553,5,21,Intermediate,Operating Systems,Low
2503,Inactive Student,Programming,1,3,15,0,32,46,1,0,Beginner,Programming Fundamentals,High
2504,Consistent Learner,Computer Networks,3,54,77,12,84,513,4,25,Intermediate,Algorithms,Low
2505,Casual Learner,DSA,3,27,53,4,70,317,3,22,Intermediate,Database Systems,Medium
2506,Casual Learner,Database,2,27,57,5,63,208,4,25,Intermediate,Database Systems,Medium
2507,High Achiever,Web Development,4,59,90,17,91,1007,7,40,Advanced,Deep Learning,Low
2508,Casual Learner,Database,3,23,59,7,61,316,4,9,Intermediate,Web Development,Medium
2509,Struggling Student,Programming,2,17,22,4,52,155,1,6,Beginner,Programming Fundamentals,High
2510,Consistent Learner,Database,4,50,87,11,79,608,4,35,Intermediate,Database Systems,Low
2511,Struggling Student,Machine Learning,2,5,31,3,40,77,2,2,Beginner,Programming Fundamentals,High
2512,Casual Learner,Programming,2,26,65,8,74,181,2,17,Intermediate,Computer Networks,Medium
2513,Casual Learner,Database,2,27,57,4,72,281,2,18,Intermediate,Data Structures,Medium
2514,Consistent Learner,DSA,3,55,88,10,75,679,6,27,Intermediate,Data Structures,Low
2515,Struggling Student,Machine Learning,1,14,23,3,41,163,1,1,Beginner,Programming Basics,High
2516,Consistent Learner,Programming,4,45,80,13,81,635,5,56,Intermediate,Machine Learning,Low
2517,Casual Learner,Database,2,18,68,5,72,190,2,24,Intermediate,Computer Networks,Medium
2518,Casual Learner,Programming,2,29,61,7,69,349,3,13,Intermediate,Database Systems,Medium
2519,Inactive Student,Machine Learning,1,1,1,1,18,47,1,2,Beginner,Introduction to C++,High
2520,Inactive Student,DSA,1,4,2,0,35,1,0,2,Beginner,Programming Fundamentals,High
2521,Casual Learner,Database,3,31,56,6,69,375,3,17,Intermediate,Database Systems,Medium
2522,Consistent Learner,DSA,4,39,78,11,90,426,5,46,Intermediate,Deep Learning,Low
2523,High Achiever,Operating Systems,5,58,96,14,92,977,7,43,Advanced,Deep Learning,Low
2524,High Achiever,Web Development,4,79,96,18,88,767,6,85,Advanced,Algorithms,Low
2525,Consistent Learner,Database,3,37,86,9,75,434,5,34,Intermediate,Computer Networks,Low
2526,Struggling Student,Programming,2,12,45,2,50,114,1,6,Beginner,Programming Fundamentals,High
2527,Casual Learner,Programming,3,19,55,6,69,199,2,12,Intermediate,Web Development,Medium
2528,Consistent Learner,Web Development,4,36,87,10,86,509,4,40,Intermediate,Operating Systems,Low
2529,Inactive Student,Web Development,1,4,1,1,29,7,0,2,Beginner,Programming Fundamentals,High
2530,Casual Learner,Machine Learning,3,28,73,6,72,328,2,18,Intermediate,Database Systems,Medium
2531,Consistent Learner,Programming,3,41,85,13,90,535,6,55,Intermediate,Deep Learning,Low
2532,Consistent Learner,Programming,4,49,76,14,80,524,6,50,Intermediate,Machine Learning,Low
2533,Struggling Student,Programming,2,8,47,2,60,72,1,3,Beginner,Object-Oriented Programming,High
2534,Casual Learner,Web Development,3,22,56,5,64,356,4,24,Intermediate,Web Development,Medium
2535,Casual Learner,Operating Systems,2,21,68,7,69,246,2,10,Intermediate,Web Development,Medium
2536,Inactive Student,Database,1,1,5,1,29,24,0,1,Beginner,Programming Basics,High
2537,Casual Learner,DSA,2,22,73,8,70,346,2,6,Intermediate,Data Structures,Medium
2538,Consistent Learner,DSA,3,53,78,10,75,433,5,59,Intermediate,Data Structures,Low
2539,Consistent Learner,Operating Systems,3,51,83,10,79,508,5,51,Intermediate,Computer Networks,Low
2540,High Achiever,Machine Learning,4,74,90,19,93,1119,7,50,Advanced,Deep Learning,Low
2541,Struggling Student,Computer Networks,2,7,48,5,41,177,2,6,Beginner,Introduction to C++,High
2542,Casual Learner,Machine Learning,2,21,67,5,63,187,2,17,Intermediate,Database Systems,Medium
2543,Inactive Student,DSA,1,5,4,0,27,40,0,0,Beginner,Introduction to C++,High
2544,Casual Learner,Web Development,2,21,52,7,61,281,3,14,Intermediate,Web Development,Medium
2545,Casual Learner,Operating Systems,3,15,56,8,71,193,2,17,Intermediate,Data Structures,Medium
2546,Consistent Learner,Database,3,54,84,9,84,443,6,22,Intermediate,Operating Systems,Low
2547,Casual Learner,Computer Networks,3,16,54,7,68,184,4,25,Intermediate,Database Systems,Medium
2548,Casual Learner,Operating Systems,3,31,55,7,74,287,2,16,Intermediate,Computer Networks,Medium
2549,Inactive Student,Operating Systems,1,3,5,0,2,15,1,0,Beginner,Programming Fundamentals,High
2550,Casual Learner,Database,3,23,63,4,69,326,3,13,Intermediate,Database Systems,Medium
2551,Casual Learner,Computer Networks,2,18,66,5,75,371,4,22,Intermediate,Computer Networks,Medium
2552,Consistent Learner,Machine Learning,3,43,88,8,85,560,4,38,Intermediate,Operating Systems,Low
2553,Struggling Student,Computer Networks,1,7,46,5,53,97,1,3,Beginner,Programming Basics,High
2554,Struggling Student,Machine Learning,2,11,23,3,43,80,1,2,Beginner,Introduction to C++,High
2555,Casual Learner,Machine Learning,3,22,58,4,60,359,2,10,Intermediate,Web Development,Medium
2556,Casual Learner,Computer Networks,2,19,56,8,69,307,3,10,Intermediate,Web Development,Medium
2557,Consistent Learner,Web Development,4,51,90,8,79,465,4,48,Intermediate,Computer Networks,Low
2558,Casual Learner,Computer Networks,3,16,60,8,69,197,3,21,Intermediate,Object-Oriented Programming,Medium
2559,Consistent Learner,Programming,3,43,86,11,84,639,6,56,Intermediate,Operating Systems,Low
2560,Casual Learner,Operating Systems,3,27,50,6,73,355,3,24,Intermediate,Database Systems,Medium
2561,Casual Learner,Operating Systems,3,21,71,8,67,180,4,19,Intermediate,Object-Oriented Programming,Medium
2562,Consistent Learner,Operating Systems,3,36,76,12,79,613,4,44,Intermediate,Database Systems,Low
2563,High Achiever,Programming,5,65,95,17,99,930,7,75,Advanced,Deep Learning,Low
2564,Casual Learner,Machine Learning,3,25,60,6,75,270,2,10,Intermediate,Database Systems,Medium
2565,Casual Learner,Database,2,15,51,7,74,266,4,18,Intermediate,Computer Networks,Medium
2566,Struggling Student,Database,1,10,22,5,52,105,2,6,Beginner,Programming Basics,High
2567,Consistent Learner,Database,4,43,77,14,90,551,4,29,Intermediate,Machine Learning,Low
2568,Consistent Learner,Web Development,4,35,82,14,85,640,4,24,Intermediate,Machine Learning,Low
2569,High Achiever,DSA,5,61,90,16,100,1179,7,59,Advanced,Machine Learning,Low
2570,Casual Learner,Web Development,2,20,51,6,61,318,4,22,Intermediate,Object-Oriented Programming,Medium
2571,High Achiever,Machine Learning,5,78,91,15,92,1042,6,114,Advanced,Deep Learning,Low
2572,Casual Learner,Operating Systems,3,34,65,8,75,214,3,15,Intermediate,Data Structures,Medium
2573,Casual Learner,Programming,2,26,62,8,68,314,2,14,Intermediate,Database Systems,Medium
2574,Inactive Student,Web Development,1,1,11,1,31,19,0,2,Beginner,Introduction to C++,High
2575,Casual Learner,Computer Networks,2,33,58,4,70,329,4,22,Intermediate,Data Structures,Medium
2576,High Achiever,Web Development,4,60,99,16,92,775,6,69,Advanced,Machine Learning,Low
2577,Consistent Learner,Machine Learning,3,45,83,12,75,639,4,39,Intermediate,Data Structures,Low
2578,High Achiever,Programming,5,76,97,19,92,972,7,98,Advanced,Deep Learning,Low
2579,Casual Learner,Programming,3,17,66,7,68,355,4,10,Intermediate,Object-Oriented Programming,Medium
2580,High Achiever,Machine Learning,4,74,95,20,94,1056,7,53,Advanced,Advanced Algorithms,Low
2581,Casual Learner,DSA,2,20,63,4,71,364,4,17,Intermediate,Computer Networks,Medium
2582,Casual Learner,Database,2,29,63,7,69,312,2,8,Intermediate,Database Systems,Medium
2583,Consistent Learner,Programming,4,47,80,14,81,444,5,25,Intermediate,Operating Systems,Low
2584,Inactive Student,Operating Systems,1,0,14,2,32,9,1,0,Beginner,Introduction to C++,High
2585,Struggling Student,Operating Systems,2,14,29,5,59,130,1,7,Beginner,Programming Basics,High
2586,Consistent Learner,Web Development,3,42,90,8,89,657,6,21,Intermediate,Algorithms,Low
2587,Struggling Student,DSA,2,15,46,6,41,64,2,6,Beginner,Introduction to C++,High
2588,Struggling Student,Computer Networks,2,5,41,6,48,163,2,8,Beginner,Programming Fundamentals,High
2589,Consistent Learner,Database,3,55,89,11,90,560,5,32,Intermediate,Advanced Algorithms,Low
2590,Casual Learner,Operating Systems,2,29,73,5,74,311,2,16,Intermediate,Computer Networks,Medium
2591,High Achiever,Web Development,4,72,99,16,93,961,7,61,Advanced,Deep Learning,Low
2592,Struggling Student,DSA,2,13,36,5,53,86,1,3,Beginner,Programming Basics,High
2593,Casual Learner,Web Development,2,19,57,8,72,354,2,10,Intermediate,Data Structures,Medium
2594,Inactive Student,Operating Systems,1,5,19,0,40,54,1,2,Beginner,Programming Basics,High
2595,Casual Learner,Operating Systems,2,19,68,8,72,396,4,8,Intermediate,Computer Networks,Medium
2596,Struggling Student,Operating Systems,1,15,46,5,40,177,2,7,Beginner,Programming Fundamentals,High
2597,Struggling Student,Machine Learning,1,18,23,2,54,135,1,4,Beginner,Introduction to C++,High
2598,Struggling Student,Machine Learning,1,11,37,6,47,88,2,7,Beginner,Programming Fundamentals,High
2599,Consistent Learner,Web Development,3,42,85,8,88,651,5,49,Intermediate,Operating Systems,Low
2600,Casual Learner,Operating Systems,2,21,60,6,74,183,3,19,Intermediate,Data Structures,Medium
2601,Struggling Student,Operating Systems,1,18,45,3,43,101,2,6,Beginner,Programming Fundamentals,High
2602,High Achiever,Operating Systems,5,69,100,12,93,765,6,107,Advanced,Deep Learning,Low
2603,Casual Learner,Computer Networks,2,31,58,6,68,191,3,16,Intermediate,Web Development,Medium
2604,Casual Learner,Programming,2,24,52,6,75,193,4,8,Intermediate,Data Structures,Medium
2605,Inactive Student,Computer Networks,1,2,1,0,25,34,1,0,Beginner,Introduction to C++,High
2606,Casual Learner,Web Development,2,16,68,7,74,338,3,22,Intermediate,Data Structures,Medium
2607,Struggling Student,DSA,1,15,29,4,51,114,2,5,Beginner,Introduction to C++,High
2608,Inactive Student,Machine Learning,1,2,0,0,27,46,1,1,Beginner,Programming Basics,High
2609,High Achiever,DSA,4,74,95,19,91,1088,7,104,Advanced,Advanced Algorithms,Low
2610,Consistent Learner,Programming,4,53,90,10,89,482,6,29,Intermediate,Operating Systems,Low
2611,Casual Learner,Programming,3,32,74,5,61,214,4,7,Intermediate,Database Systems,Medium
2612,Casual Learner,Computer Networks,3,35,55,5,67,224,3,7,Intermediate,Database Systems,Medium
2613,Struggling Student,Computer Networks,2,6,37,4,60,154,2,4,Beginner,Web Development,High
2614,Casual Learner,Web Development,2,29,56,6,69,383,3,20,Intermediate,Web Development,Medium
2615,Consistent Learner,DSA,3,46,86,12,84,442,6,51,Intermediate,Machine Learning,Low
2616,Struggling Student,Machine Learning,1,11,22,5,40,103,1,3,Beginner,Programming Basics,High
2617,High Achiever,Computer Networks,4,67,99,20,89,1030,7,52,Advanced,Algorithms,Low
2618,Struggling Student,Database,2,15,35,5,41,150,2,4,Beginner,Programming Fundamentals,High
2619,Casual Learner,Web Development,3,15,73,5,64,317,3,14,Intermediate,Web Development,Medium
2620,Casual Learner,DSA,2,15,75,5,73,398,4,16,Intermediate,Computer Networks,Medium
2621,High Achiever,Computer Networks,5,77,92,13,96,1156,6,93,Advanced,Deep Learning,Low
2622,Casual Learner,Programming,3,28,63,7,62,180,2,15,Intermediate,Web Development,Medium
2623,Consistent Learner,DSA,4,40,76,9,79,468,6,34,Intermediate,Database Systems,Low
2624,Casual Learner,Machine Learning,2,17,56,7,73,321,2,18,Intermediate,Database Systems,Medium
2625,Consistent Learner,Computer Networks,3,38,90,14,89,436,5,29,Intermediate,Operating Systems,Low
2626,Consistent Learner,Operating Systems,4,38,83,10,75,484,4,35,Intermediate,Database Systems,Low
2627,High Achiever,Database,5,66,96,16,90,1144,7,46,Advanced,Machine Learning,Low
2628,Casual Learner,DSA,3,19,62,5,62,325,4,16,Intermediate,Web Development,Medium
2629,Inactive Student,Web Development,1,4,20,1,22,37,0,2,Beginner,Programming Basics,High
2630,Casual Learner,Web Development,3,23,75,4,69,335,2,5,Intermediate,Object-Oriented Programming,Medium
2631,Inactive Student,Operating Systems,1,4,10,0,11,47,1,1,Beginner,Programming Basics,High
2632,Struggling Student,DSA,2,17,29,4,57,111,2,3,Beginner,Programming Basics,High
2633,Casual Learner,Machine Learning,2,33,50,6,75,373,2,12,Intermediate,Data Structures,Medium
2634,Consistent Learner,Database,4,47,77,10,90,549,6,32,Intermediate,Machine Learning,Low
2635,Consistent Learner,Programming,4,53,89,12,89,562,4,24,Intermediate,Algorithms,Low
2636,Struggling Student,Programming,2,5,38,4,49,91,2,8,Beginner,Programming Fundamentals,High
2637,Casual Learner,Programming,2,16,72,8,71,308,2,6,Intermediate,Data Structures,Medium
2638,Struggling Student,Machine Learning,2,8,22,4,46,134,1,6,Beginner,Programming Basics,High
2639,Inactive Student,Database,1,1,13,1,34,26,0,2,Beginner,Programming Basics,High
2640,Inactive Student,Programming,1,3,17,0,35,29,0,0,Beginner,Programming Fundamentals,High
2641,Casual Learner,Computer Networks,3,28,59,5,70,374,3,6,Intermediate,Database Systems,Medium
2642,Casual Learner,Computer Networks,2,19,63,8,66,242,4,7,Intermediate,Database Systems,Medium
2643,Inactive Student,DSA,1,5,6,0,25,2,0,0,Beginner,Programming Basics,High
2644,High Achiever,Machine Learning,5,65,100,17,99,709,7,57,Advanced,Machine Learning,Low
2645,Consistent Learner,Programming,3,44,79,8,87,609,5,22,Intermediate,Algorithms,Low
2646,Consistent Learner,Database,4,53,79,8,78,605,5,35,Intermediate,Data Structures,Low
2647,Struggling Student,Machine Learning,1,7,24,3,48,64,1,6,Beginner,Programming Basics,High
2648,Struggling Student,Machine Learning,1,7,41,3,41,107,2,3,Beginner,Programming Fundamentals,High
2649,High Achiever,Computer Networks,4,57,91,15,92,973,7,66,Advanced,Machine Learning,Low
2650,Casual Learner,DSA,2,35,55,6,65,312,3,8,Intermediate,Object-Oriented Programming,Medium
2651,Consistent Learner,Computer Networks,4,45,88,13,84,570,4,33,Intermediate,Machine Learning,Low
2652,Consistent Learner,Web Development,4,44,89,11,75,488,5,57,Intermediate,Computer Networks,Low
2653,Casual Learner,DSA,3,20,73,4,71,243,3,19,Intermediate,Computer Networks,Medium
2654,Casual Learner,Computer Networks,2,23,71,8,71,225,4,20,Intermediate,Data Structures,Medium
2655,Consistent Learner,Operating Systems,3,45,80,11,87,589,5,56,Intermediate,Algorithms,Low
2656,Consistent Learner,Operating Systems,4,40,86,14,82,661,4,59,Intermediate,Machine Learning,Low
2657,Casual Learner,Programming,3,30,75,6,67,243,3,23,Intermediate,Web Development,Medium
2658,Consistent Learner,Database,4,43,87,11,85,519,5,33,Intermediate,Operating Systems,Low
2659,Casual Learner,Computer Networks,3,19,74,8,70,371,2,9,Intermediate,Database Systems,Medium
2660,Consistent Learner,Computer Networks,4,50,79,10,78,573,5,25,Intermediate,Data Structures,Low
2661,Casual Learner,Operating Systems,3,21,73,8,67,262,3,11,Intermediate,Web Development,Medium
2662,Consistent Learner,Machine Learning,4,51,88,9,75,611,4,45,Intermediate,Computer Networks,Low
2663,Casual Learner,Database,3,33,70,5,62,286,2,16,Intermediate,Object-Oriented Programming,Medium
2664,Casual Learner,Machine Learning,2,18,62,8,66,357,3,7,Intermediate,Object-Oriented Programming,Medium
2665,Consistent Learner,Web Development,3,50,79,11,76,641,6,30,Intermediate,Data Structures,Low
2666,Inactive Student,Database,1,4,19,1,30,35,0,2,Beginner,Programming Basics,High
2667,Consistent Learner,Database,3,38,79,8,84,603,4,57,Intermediate,Machine Learning,Low
2668,Struggling Student,Web Development,2,7,30,4,44,155,1,7,Beginner,Programming Fundamentals,High
2669,Consistent Learner,Operating Systems,4,41,81,12,78,635,4,57,Intermediate,Computer Networks,Low
2670,Casual Learner,Database,2,21,62,8,68,309,4,7,Intermediate,Web Development,Medium
2671,High Achiever,Computer Networks,5,77,96,16,97,935,6,119,Advanced,Deep Learning,Low
2672,Casual Learner,Computer Networks,2,28,71,8,67,235,3,12,Intermediate,Web Development,Medium
2673,High Achiever,Programming,5,58,92,17,100,1095,6,54,Advanced,Deep Learning,Low
2674,Struggling Student,DSA,2,16,38,2,42,84,1,4,Beginner,Introduction to C++,High
2675,Inactive Student,DSA,1,3,13,1,13,43,1,2,Beginner,Programming Basics,High
2676,Consistent Learner,Operating Systems,4,37,76,8,88,652,6,33,Intermediate,Algorithms,Low
2677,High Achiever,Database,4,58,96,12,92,996,6,43,Advanced,Machine Learning,Low
2678,Struggling Student,Computer Networks,1,5,24,6,57,166,2,7,Beginner,Programming Basics,High
2679,Casual Learner,Machine Learning,2,17,69,8,61,243,3,9,Intermediate,Object-Oriented Programming,Medium
2680,Inactive Student,Operating Systems,1,1,8,2,21,19,1,0,Beginner,Programming Basics,High
2681,Consistent Learner,DSA,3,48,76,13,90,689,6,26,Intermediate,Deep Learning,Low
2682,Struggling Student,Machine Learning,1,8,49,6,52,67,1,6,Beginner,Introduction to C++,High
2683,High Achiever,Computer Networks,4,80,97,13,91,1148,6,52,Advanced,Advanced Algorithms,Low
2684,Casual Learner,Operating Systems,2,19,59,7,60,221,4,22,Intermediate,Web Development,Medium
2685,High Achiever,Programming,4,59,98,19,98,853,7,57,Advanced,Deep Learning,Low
2686,Inactive Student,Programming,1,4,6,1,30,54,1,1,Beginner,Introduction to C++,High
2687,Consistent Learner,Web Development,3,54,77,9,77,419,6,51,Intermediate,Database Systems,Low
2688,Casual Learner,Programming,3,18,75,8,69,223,2,25,Intermediate,Object-Oriented Programming,Medium
2689,High Achiever,Database,4,57,93,13,93,811,7,46,Advanced,Deep Learning,Low
2690,Casual Learner,Web Development,2,27,52,7,68,388,3,15,Intermediate,Object-Oriented Programming,Medium
2691,Inactive Student,DSA,1,5,15,2,19,57,0,0,Beginner,Programming Basics,High
2692,Casual Learner,Database,3,17,72,7,68,313,4,16,Intermediate,Database Systems,Medium
2693,Consistent Learner,Database,3,36,75,10,78,574,5,48,Intermediate,Database Systems,Low
2694,Inactive Student,Web Development,1,1,11,1,32,18,0,0,Beginner,Introduction to C++,High
2695,Casual Learner,Programming,3,19,62,7,64,374,4,16,Intermediate,Database Systems,Medium
2696,Consistent Learner,Database,4,35,90,8,76,442,5,37,Intermediate,Data Structures,Low
2697,Struggling Student,Programming,2,13,40,5,45,93,1,8,Beginner,Programming Basics,High
2698,Struggling Student,Programming,2,11,37,6,41,146,2,2,Beginner,Introduction to C++,High
2699,High Achiever,DSA,4,70,96,14,91,956,6,55,Advanced,Deep Learning,Low
2700,Struggling Student,Computer Networks,1,7,27,3,57,78,1,3,Beginner,Programming Fundamentals,High
2701,Consistent Learner,Programming,4,50,85,14,79,669,4,42,Intermediate,Computer Networks,Low
2702,Casual Learner,Database,2,15,58,4,61,365,4,13,Intermediate,Database Systems,Medium
2703,Casual Learner,Programming,2,26,75,4,63,243,3,5,Intermediate,Database Systems,Medium
2704,Consistent Learner,Operating Systems,4,39,80,14,79,403,5,38,Intermediate,Data Structures,Low
2705,Casual Learner,Computer Networks,3,30,67,4,74,314,2,5,Intermediate,Data Structures,Medium
2706,Inactive Student,Programming,1,0,0,1,6,39,1,2,Beginner,Introduction to C++,High
2707,Consistent Learner,Programming,4,39,78,13,83,547,5,55,Intermediate,Machine Learning,Low
2708,Struggling Student,Database,1,13,21,3,42,142,1,1,Beginner,Introduction to C++,High
2709,Consistent Learner,Database,4,52,75,13,82,637,6,57,Intermediate,Algorithms,Low
2710,Casual Learner,Programming,2,34,73,7,68,241,4,17,Intermediate,Web Development,Medium
2711,Casual Learner,Database,3,32,60,6,75,380,3,23,Intermediate,Computer Networks,Medium
2712,Consistent Learner,Operating Systems,3,52,83,9,75,614,6,47,Intermediate,Computer Networks,Low
2713,Casual Learner,Computer Networks,3,26,54,8,73,183,3,7,Intermediate,Computer Networks,Medium
2714,High Achiever,Database,5,69,93,15,95,1087,7,87,Advanced,Deep Learning,Low
2715,Struggling Student,Programming,2,10,24,5,53,71,1,7,Beginner,Programming Fundamentals,High
2716,Casual Learner,Database,2,19,61,5,60,311,3,11,Intermediate,Database Systems,Medium
2717,Struggling Student,Machine Learning,1,15,39,5,49,94,2,8,Beginner,Introduction to C++,High
2718,Struggling Student,DSA,2,17,48,2,57,96,1,4,Beginner,Programming Fundamentals,High
2719,High Achiever,Database,4,61,94,20,88,1092,6,75,Advanced,Algorithms,Low
2720,Casual Learner,DSA,3,18,73,6,70,243,3,24,Intermediate,Data Structures,Medium
2721,Consistent Learner,Database,4,49,84,14,75,596,4,51,Intermediate,Computer Networks,Low
2722,Struggling Student,Programming,1,9,25,4,54,67,1,4,Beginner,Programming Basics,High
2723,Casual Learner,Machine Learning,3,34,59,6,65,236,2,15,Intermediate,Web Development,Medium
2724,Casual Learner,Operating Systems,2,31,62,5,61,251,2,9,Intermediate,Web Development,Medium
2725,Casual Learner,DSA,2,29,55,4,75,255,2,24,Intermediate,Data Structures,Medium
2726,Struggling Student,Programming,2,6,33,5,57,178,1,2,Beginner,Introduction to C++,High
2727,Casual Learner,Machine Learning,2,27,62,8,66,301,2,17,Intermediate,Object-Oriented Programming,Medium
2728,Inactive Student,Operating Systems,1,2,1,0,7,53,0,2,Beginner,Programming Basics,High
2729,Casual Learner,Database,3,15,55,5,61,287,2,23,Intermediate,Object-Oriented Programming,Medium
2730,High Achiever,DSA,4,61,95,15,95,1009,7,50,Advanced,Advanced Algorithms,Low
2731,High Achiever,Programming,4,60,99,17,94,750,7,58,Advanced,Machine Learning,Low
2732,Struggling Student,Web Development,2,16,35,2,56,154,2,6,Beginner,Programming Fundamentals,High
2733,Consistent Learner,Computer Networks,4,53,79,9,75,546,5,33,Intermediate,Data Structures,Low
2734,Struggling Student,Programming,2,15,40,5,54,177,1,5,Beginner,Introduction to C++,High
2735,Consistent Learner,Web Development,4,42,89,8,78,551,5,32,Intermediate,Computer Networks,Low
2736,Casual Learner,Programming,2,29,65,7,73,362,3,15,Intermediate,Data Structures,Medium
2737,Consistent Learner,Computer Networks,4,55,88,8,79,413,6,30,Intermediate,Computer Networks,Low
2738,High Achiever,Computer Networks,5,70,98,12,94,1039,6,119,Advanced,Machine Learning,Low
2739,Consistent Learner,DSA,3,38,87,11,89,412,5,60,Intermediate,Machine Learning,Low
2740,Casual Learner,DSA,3,22,54,5,66,355,3,8,Intermediate,Web Development,Medium
2741,Consistent Learner,DSA,3,39,87,14,84,662,5,46,Intermediate,Algorithms,Low
2742,Inactive Student,Programming,1,0,9,0,38,19,0,0,Beginner,Programming Basics,High
2743,High Achiever,Computer Networks,4,69,95,15,97,1085,6,71,Advanced,Advanced Algorithms,Low
2744,Casual Learner,DSA,2,23,63,6,72,277,4,11,Intermediate,Data Structures,Medium
2745,Inactive Student,Operating Systems,1,4,8,0,31,42,0,2,Beginner,Introduction to C++,High
2746,Casual Learner,Machine Learning,2,25,56,8,64,190,2,8,Intermediate,Database Systems,Medium
2747,Casual Learner,Programming,3,26,55,7,72,254,2,18,Intermediate,Database Systems,Medium
2748,Struggling Student,DSA,2,6,45,3,55,83,2,6,Beginner,Introduction to C++,High
2749,Consistent Learner,Operating Systems,3,50,86,13,87,560,5,59,Intermediate,Machine Learning,Low
2750,Inactive Student,Database,1,4,14,2,18,37,1,0,Beginner,Programming Basics,High
2751,Consistent Learner,Operating Systems,4,46,78,8,84,608,6,28,Intermediate,Machine Learning,Low
2752,High Achiever,Web Development,4,73,96,17,94,973,7,54,Advanced,Machine Learning,Low
2753,Struggling Student,Programming,2,17,24,5,53,151,2,3,Beginner,Programming Fundamentals,High
2754,Inactive Student,Computer Networks,1,2,0,2,28,37,0,1,Beginner,Programming Fundamentals,High
2755,Struggling Student,Operating Systems,1,6,24,6,43,98,2,6,Beginner,Programming Basics,High
2756,Consistent Learner,Operating Systems,3,44,90,11,75,546,5,51,Intermediate,Computer Networks,Low
2757,Casual Learner,Operating Systems,2,26,53,8,69,358,4,6,Intermediate,Database Systems,Medium
2758,High Achiever,DSA,4,57,94,19,96,1048,6,71,Advanced,Machine Learning,Low
2759,Casual Learner,Computer Networks,2,16,68,6,70,196,4,17,Intermediate,Database Systems,Medium
2760,Casual Learner,Computer Networks,3,15,62,5,73,341,2,9,Intermediate,Computer Networks,Medium
2761,Casual Learner,Programming,2,17,54,5,60,390,2,21,Intermediate,Database Systems,Medium
2762,Casual Learner,Database,2,27,58,8,66,232,2,18,Intermediate,Database Systems,Medium
2763,Casual Learner,Web Development,2,31,55,8,72,307,4,25,Intermediate,Data Structures,Medium
2764,Casual Learner,Web Development,2,25,70,6,69,291,4,9,Intermediate,Object-Oriented Programming,Medium
2765,Casual Learner,Database,3,23,68,4,63,228,2,13,Intermediate,Web Development,Medium
2766,Consistent Learner,Operating Systems,3,53,81,10,76,400,4,26,Intermediate,Database Systems,Low
2767,Consistent Learner,Programming,4,46,76,12,76,510,6,52,Intermediate,Computer Networks,Low
2768,Casual Learner,Computer Networks,2,24,58,4,61,252,2,13,Intermediate,Object-Oriented Programming,Medium
2769,High Achiever,Web Development,5,71,95,13,98,809,7,64,Advanced,Advanced Algorithms,Low
2770,Casual Learner,Programming,3,31,70,5,75,259,3,15,Intermediate,Database Systems,Medium
2771,Casual Learner,DSA,2,34,70,4,63,283,4,15,Intermediate,Database Systems,Medium
2772,Consistent Learner,Programming,4,49,83,8,77,419,4,49,Intermediate,Computer Networks,Low
2773,High Achiever,Machine Learning,4,70,91,18,89,754,7,106,Advanced,Machine Learning,Low
2774,Casual Learner,Operating Systems,3,18,52,8,75,391,3,19,Intermediate,Database Systems,Medium
2775,Casual Learner,Computer Networks,2,21,55,7,62,301,2,15,Intermediate,Object-Oriented Programming,Medium
2776,Consistent Learner,Machine Learning,3,46,81,10,86,676,4,57,Intermediate,Machine Learning,Low
2777,Casual Learner,Web Development,2,32,61,5,71,241,2,23,Intermediate,Computer Networks,Medium
2778,Casual Learner,Operating Systems,2,24,55,7,72,348,2,8,Intermediate,Database Systems,Medium
2779,Inactive Student,Computer Networks,1,3,10,2,2,4,1,2,Beginner,Introduction to C++,High
2780,Inactive Student,Web Development,1,4,15,2,13,0,0,0,Beginner,Programming Basics,High
2781,Struggling Student,Database,1,7,48,5,45,121,2,7,Beginner,Programming Fundamentals,High
2782,Casual Learner,Computer Networks,2,23,60,4,71,387,4,6,Intermediate,Data Structures,Medium
2783,Consistent Learner,Operating Systems,4,44,88,8,82,402,6,49,Intermediate,Algorithms,Low
2784,Inactive Student,Programming,1,4,18,1,8,56,0,2,Beginner,Introduction to C++,High
2785,Struggling Student,DSA,1,12,45,5,55,118,1,2,Beginner,Programming Fundamentals,High
2786,Consistent Learner,Database,3,50,87,9,75,431,4,48,Intermediate,Data Structures,Low
2787,High Achiever,Programming,4,77,94,14,91,851,7,102,Advanced,Machine Learning,Low
2788,Struggling Student,Programming,2,16,41,5,54,120,1,7,Beginner,Programming Basics,High
2789,Casual Learner,Machine Learning,3,18,62,6,73,269,3,17,Intermediate,Database Systems,Medium
2790,Casual Learner,Programming,3,31,57,5,69,379,3,5,Intermediate,Object-Oriented Programming,Medium
2791,Casual Learner,Database,2,20,59,5,72,354,4,16,Intermediate,Data Structures,Medium
2792,Struggling Student,Machine Learning,1,16,25,3,42,134,1,5,Beginner,Programming Basics,High
2793,Inactive Student,Computer Networks,1,0,14,0,23,44,1,1,Beginner,Programming Fundamentals,High
2794,Consistent Learner,Programming,3,45,90,14,78,442,5,22,Intermediate,Computer Networks,Low
2795,Struggling Student,Programming,1,11,42,3,53,61,1,1,Beginner,Programming Basics,High
2796,Casual Learner,Machine Learning,2,23,64,6,74,322,2,12,Intermediate,Database Systems,Medium
2797,Consistent Learner,Machine Learning,3,46,90,8,80,455,5,56,Intermediate,Machine Learning,Low
2798,Casual Learner,Programming,3,27,57,8,73,342,3,14,Intermediate,Computer Networks,Medium
2799,Struggling Student,Operating Systems,1,5,48,3,42,180,2,3,Beginner,Programming Fundamentals,High
2800,Casual Learner,Database,2,31,54,6,72,317,3,13,Intermediate,Computer Networks,Medium
2801,Inactive Student,Computer Networks,1,3,4,1,0,2,0,2,Beginner,Programming Fundamentals,High
2802,Casual Learner,DSA,2,32,62,4,62,257,4,17,Intermediate,Object-Oriented Programming,Medium
2803,Consistent Learner,Machine Learning,3,52,85,10,81,473,5,27,Intermediate,Machine Learning,Low
2804,Inactive Student,DSA,1,5,1,2,12,15,1,1,Beginner,Programming Fundamentals,High
2805,Inactive Student,Web Development,1,4,6,0,5,58,0,0,Beginner,Programming Fundamentals,High
2806,High Achiever,Programming,4,57,98,19,96,758,6,79,Advanced,Advanced Algorithms,Low
2807,Inactive Student,DSA,1,4,20,0,21,44,1,0,Beginner,Introduction to C++,High
2808,Casual Learner,Machine Learning,2,34,71,4,67,192,3,12,Intermediate,Web Development,Medium
2809,Casual Learner,Web Development,2,22,74,7,72,223,4,25,Intermediate,Data Structures,Medium
2810,Casual Learner,Operating Systems,2,19,54,7,62,269,4,14,Intermediate,Database Systems,Medium
2811,Struggling Student,Database,2,18,20,4,47,69,1,1,Beginner,Introduction to C++,High
2812,Casual Learner,DSA,2,15,69,7,75,231,4,19,Intermediate,Computer Networks,Medium
2813,Casual Learner,DSA,2,32,68,4,69,215,4,18,Intermediate,Web Development,Medium
2814,Consistent Learner,Web Development,4,55,75,14,78,607,5,47,Intermediate,Database Systems,Low
2815,Casual Learner,Programming,3,30,62,5,66,284,2,18,Intermediate,Web Development,Medium
2816,Casual Learner,Computer Networks,3,15,52,7,65,297,3,10,Intermediate,Web Development,Medium
2817,Consistent Learner,Web Development,4,48,89,12,75,691,6,32,Intermediate,Database Systems,Low
2818,Casual Learner,Programming,3,25,55,5,60,298,3,23,Intermediate,Web Development,Medium
2819,Consistent Learner,Database,3,39,85,10,90,645,5,29,Intermediate,Deep Learning,Low
2820,Consistent Learner,Machine Learning,4,47,84,8,81,685,5,54,Intermediate,Algorithms,Low
2821,Consistent Learner,Programming,4,38,89,8,87,568,5,55,Intermediate,Operating Systems,Low
2822,Consistent Learner,Programming,3,53,86,14,87,579,4,54,Intermediate,Operating Systems,Low
2823,Casual Learner,Computer Networks,2,24,66,7,61,194,4,16,Intermediate,Object-Oriented Programming,Medium
2824,High Achiever,Machine Learning,4,63,94,14,96,1185,7,111,Advanced,Deep Learning,Low
2825,Consistent Learner,Web Development,3,55,82,13,75,472,6,32,Intermediate,Data Structures,Low
2826,High Achiever,Computer Networks,4,65,100,12,89,1029,7,120,Advanced,Algorithms,Low
2827,Casual Learner,DSA,2,27,71,8,71,218,2,10,Intermediate,Data Structures,Medium
2828,Struggling Student,Web Development,1,18,23,6,40,109,1,1,Beginner,Programming Basics,High
2829,Struggling Student,Web Development,1,5,50,3,48,160,1,7,Beginner,Programming Fundamentals,High
2830,Struggling Student,DSA,2,16,45,6,54,106,1,8,Beginner,Programming Fundamentals,High
2831,Casual Learner,Programming,3,30,75,4,68,258,3,24,Intermediate,Database Systems,Medium
2832,Inactive Student,Computer Networks,1,3,8,0,24,34,1,0,Beginner,Introduction to C++,High
2833,Casual Learner,Database,3,22,58,6,62,251,3,25,Intermediate,Database Systems,Medium
2834,Struggling Student,Machine Learning,2,10,49,6,46,145,2,4,Beginner,Introduction to C++,High
2835,Casual Learner,Operating Systems,2,26,70,8,73,341,2,18,Intermediate,Database Systems,Medium
2836,Consistent Learner,Web Development,4,51,85,9,79,415,6,49,Intermediate,Database Systems,Low
2837,Consistent Learner,Web Development,3,51,84,9,80,609,6,55,Intermediate,Algorithms,Low
2838,Casual Learner,Computer Networks,3,24,57,7,70,317,2,16,Intermediate,Data Structures,Medium
2839,Struggling Student,Operating Systems,2,10,45,2,51,152,1,3,Beginner,Programming Fundamentals,High
2840,Consistent Learner,Web Development,3,35,76,11,81,543,4,58,Intermediate,Algorithms,Low
2841,Casual Learner,Computer Networks,3,29,57,7,64,396,4,15,Intermediate,Database Systems,Medium
2842,Casual Learner,Database,2,22,67,4,62,287,2,15,Intermediate,Web Development,Medium
2843,Inactive Student,Programming,1,2,1,2,8,44,0,1,Beginner,Introduction to C++,High
2844,High Achiever,DSA,4,64,93,17,91,1152,6,57,Advanced,Deep Learning,Low
2845,Casual Learner,Operating Systems,2,22,74,7,70,228,2,8,Intermediate,Data Structures,Medium
2846,High Achiever,Computer Networks,5,73,90,16,90,905,7,63,Advanced,Deep Learning,Low
2847,Struggling Student,DSA,2,18,41,5,45,163,2,2,Beginner,Programming Fundamentals,High
2848,High Achiever,Database,5,62,98,15,96,1066,7,84,Advanced,Deep Learning,Low
2849,Consistent Learner,Programming,4,55,88,8,77,699,4,40,Intermediate,Data Structures,Low
2850,High Achiever,Computer Networks,5,66,95,17,100,1050,6,98,Advanced,Advanced Algorithms,Low
2851,High Achiever,Operating Systems,5,59,97,14,96,1132,6,93,Advanced,Deep Learning,Low
2852,Consistent Learner,Web Development,4,47,78,14,79,444,6,40,Intermediate,Database Systems,Low
2853,Consistent Learner,Web Development,3,48,83,8,80,617,4,52,Intermediate,Machine Learning,Low
2854,Casual Learner,Machine Learning,3,27,55,4,61,288,4,12,Intermediate,Object-Oriented Programming,Medium
2855,Casual Learner,Web Development,2,15,75,5,70,198,3,20,Intermediate,Data Structures,Medium
2856,Consistent Learner,Programming,4,54,79,14,79,614,5,34,Intermediate,Computer Networks,Low
2857,Struggling Student,DSA,1,9,45,3,56,177,1,5,Beginner,Programming Fundamentals,High
2858,Consistent Learner,Programming,4,55,79,8,79,589,6,35,Intermediate,Database Systems,Low
2859,Consistent Learner,Programming,3,52,80,14,82,454,4,36,Intermediate,Algorithms,Low
2860,Casual Learner,Operating Systems,3,29,62,7,65,335,4,7,Intermediate,Object-Oriented Programming,Medium
2861,Struggling Student,Database,1,16,29,4,46,174,1,4,Beginner,Programming Fundamentals,High
2862,Consistent Learner,Web Development,4,42,77,8,80,699,5,50,Intermediate,Algorithms,Low
2863,Casual Learner,Programming,3,15,63,5,63,352,3,24,Intermediate,Object-Oriented Programming,Medium
2864,Consistent Learner,Operating Systems,4,37,89,9,80,660,4,47,Intermediate,Algorithms,Low
2865,Casual Learner,Programming,2,31,65,5,64,220,2,23,Intermediate,Web Development,Medium
2866,Consistent Learner,Machine Learning,3,45,89,9,89,622,5,27,Intermediate,Algorithms,Low
2867,Consistent Learner,Machine Learning,4,50,75,11,84,577,6,59,Intermediate,Operating Systems,Low
2868,High Achiever,Operating Systems,4,56,94,16,93,726,6,62,Advanced,Machine Learning,Low
2869,High Achiever,Computer Networks,5,78,98,15,96,953,6,67,Advanced,Advanced Algorithms,Low
2870,Inactive Student,Computer Networks,1,2,1,0,38,20,1,1,Beginner,Introduction to C++,High
2871,High Achiever,Computer Networks,4,63,90,15,92,908,7,84,Advanced,Deep Learning,Low
2872,Casual Learner,Machine Learning,2,22,75,7,63,191,2,12,Intermediate,Web Development,Medium
2873,Casual Learner,Web Development,2,17,51,6,63,242,2,13,Intermediate,Database Systems,Medium
2874,High Achiever,Machine Learning,5,60,92,12,89,820,6,86,Advanced,Algorithms,Low
2875,Consistent Learner,Operating Systems,3,37,87,12,78,610,4,46,Intermediate,Data Structures,Low
2876,Consistent Learner,Machine Learning,3,55,90,9,87,406,5,52,Intermediate,Operating Systems,Low
2877,Struggling Student,Computer Networks,2,11,35,3,41,65,1,6,Beginner,Programming Basics,High
2878,High Achiever,Computer Networks,4,79,90,19,88,933,6,95,Advanced,Algorithms,Low
2879,Consistent Learner,Database,3,55,85,8,80,510,5,20,Intermediate,Operating Systems,Low
2880,Consistent Learner,Operating Systems,3,53,77,12,83,555,5,36,Intermediate,Machine Learning,Low
2881,Casual Learner,Web Development,2,34,62,6,70,279,2,24,Intermediate,Data Structures,Medium
2882,Casual Learner,Web Development,2,22,64,7,63,356,4,21,Intermediate,Web Development,Medium
2883,Casual Learner,DSA,3,22,68,6,72,207,2,17,Intermediate,Database Systems,Medium
2884,Inactive Student,Web Development,1,4,7,0,23,23,1,0,Beginner,Introduction to C++,High
2885,High Achiever,Machine Learning,5,78,94,12,90,1073,6,67,Advanced,Advanced Algorithms,Low
2886,Casual Learner,Computer Networks,3,27,52,6,69,381,3,17,Intermediate,Object-Oriented Programming,Medium
2887,Casual Learner,DSA,2,15,59,4,62,386,3,18,Intermediate,Object-Oriented Programming,Medium
2888,Casual Learner,DSA,2,26,55,6,67,208,4,17,Intermediate,Web Development,Medium
2889,Struggling Student,DSA,2,9,35,2,48,109,2,7,Beginner,Programming Fundamentals,High
2890,Inactive Student,Web Development,1,4,16,1,1,13,1,2,Beginner,Programming Fundamentals,High
2891,Struggling Student,DSA,1,5,28,6,47,122,1,7,Beginner,Programming Fundamentals,High
2892,Consistent Learner,Operating Systems,3,46,80,13,79,458,6,30,Intermediate,Database Systems,Low
2893,Inactive Student,Web Development,1,2,19,0,17,4,0,1,Beginner,Programming Basics,High
2894,Consistent Learner,Computer Networks,3,53,78,8,89,487,4,52,Intermediate,Algorithms,Low
2895,Consistent Learner,Programming,3,35,77,12,78,628,6,57,Intermediate,Database Systems,Low
2896,Casual Learner,Operating Systems,3,25,71,7,68,393,4,20,Intermediate,Database Systems,Medium
2897,Casual Learner,Web Development,2,25,55,5,63,305,2,8,Intermediate,Database Systems,Medium
2898,Casual Learner,Web Development,3,28,61,8,63,321,4,22,Intermediate,Web Development,Medium
2899,High Achiever,Programming,5,57,97,15,98,1110,7,92,Advanced,Machine Learning,Low
2900,High Achiever,Web Development,4,58,92,19,93,1126,7,97,Advanced,Machine Learning,Low
2901,Struggling Student,Operating Systems,2,6,33,6,49,137,2,4,Beginner,Introduction to C++,High
2902,Inactive Student,Machine Learning,1,0,2,2,13,33,0,1,Beginner,Programming Fundamentals,High
2903,Inactive Student,DSA,1,5,1,0,13,41,0,1,Beginner,Programming Basics,High
2904,Casual Learner,Web Development,3,21,75,5,63,279,2,11,Intermediate,Database Systems,Medium
2905,Inactive Student,Operating Systems,1,1,2,1,39,55,1,1,Beginner,Programming Fundamentals,High
2906,High Achiever,Operating Systems,4,64,99,12,91,943,6,116,Advanced,Deep Learning,Low
2907,Struggling Student,Database,2,13,27,4,53,175,1,2,Beginner,Programming Basics,High
2908,Casual Learner,Database,2,34,70,5,64,262,3,8,Intermediate,Database Systems,Medium
2909,Struggling Student,Programming,1,10,37,2,60,154,2,8,Beginner,Database Systems,High
2910,Struggling Student,Programming,1,16,26,5,41,75,2,4,Beginner,Programming Fundamentals,High
2911,Casual Learner,Database,3,18,56,8,68,261,2,8,Intermediate,Database Systems,Medium
2912,Consistent Learner,Operating Systems,3,54,82,8,90,604,6,41,Intermediate,Advanced Algorithms,Low
2913,High Achiever,Machine Learning,5,77,100,16,93,1151,7,57,Advanced,Advanced Algorithms,Low
2914,Consistent Learner,Computer Networks,3,52,80,13,78,635,5,60,Intermediate,Data Structures,Low
2915,Consistent Learner,Operating Systems,3,48,87,12,77,434,4,33,Intermediate,Computer Networks,Low
2916,Casual Learner,Web Development,3,15,65,5,63,302,4,12,Intermediate,Web Development,Medium
2917,Consistent Learner,Programming,3,44,79,13,80,487,6,37,Intermediate,Algorithms,Low
2918,Casual Learner,Machine Learning,2,16,63,5,65,367,2,18,Intermediate,Database Systems,Medium
2919,Consistent Learner,Programming,3,52,78,13,84,548,5,30,Intermediate,Machine Learning,Low
2920,Struggling Student,Machine Learning,2,7,41,2,45,148,2,4,Beginner,Introduction to C++,High
2921,High Achiever,Machine Learning,5,69,96,17,99,1157,6,55,Advanced,Advanced Algorithms,Low
2922,Struggling Student,Web Development,1,10,33,4,40,138,2,2,Beginner,Introduction to C++,High
2923,Casual Learner,DSA,2,21,64,4,70,259,4,9,Intermediate,Database Systems,Medium
2924,Struggling Student,Programming,1,13,49,3,52,170,1,2,Beginner,Programming Basics,High
2925,Casual Learner,Database,3,25,69,6,65,371,4,23,Intermediate,Object-Oriented Programming,Medium
2926,High Achiever,DSA,4,70,96,18,94,998,7,116,Advanced,Machine Learning,Low
2927,Struggling Student,Machine Learning,2,8,27,6,52,71,2,2,Beginner,Programming Basics,High
2928,Casual Learner,Machine Learning,2,34,71,4,67,380,3,9,Intermediate,Database Systems,Medium
2929,Casual Learner,Operating Systems,2,24,50,7,73,352,2,21,Intermediate,Computer Networks,Medium
2930,Consistent Learner,Web Development,3,41,84,13,82,521,5,33,Intermediate,Machine Learning,Low
2931,Consistent Learner,Computer Networks,4,48,83,13,76,659,5,43,Intermediate,Database Systems,Low
2932,Consistent Learner,DSA,3,47,79,12,85,575,4,48,Intermediate,Machine Learning,Low
2933,Consistent Learner,Operating Systems,3,53,86,9,86,539,5,60,Intermediate,Algorithms,Low
2934,Consistent Learner,Web Development,4,44,85,9,85,449,5,45,Intermediate,Machine Learning,Low
2935,High Achiever,Web Development,4,80,98,20,91,702,6,115,Advanced,Advanced Algorithms,Low
2936,Consistent Learner,DSA,4,41,83,10,87,593,6,47,Intermediate,Machine Learning,Low
2937,Casual Learner,Machine Learning,3,29,50,7,63,297,4,25,Intermediate,Object-Oriented Programming,Medium
2938,Struggling Student,Operating Systems,2,14,21,2,48,139,2,2,Beginner,Programming Basics,High
2939,High Achiever,Operating Systems,4,80,98,16,100,1187,7,53,Advanced,Deep Learning,Low
2940,Consistent Learner,Operating Systems,4,48,88,13,85,400,6,41,Intermediate,Algorithms,Low
2941,Casual Learner,Machine Learning,3,15,71,4,72,305,4,14,Intermediate,Database Systems,Medium
2942,Casual Learner,Computer Networks,2,21,59,5,71,336,4,18,Intermediate,Computer Networks,Medium
2943,Casual Learner,Programming,3,25,74,4,70,380,3,18,Intermediate,Computer Networks,Medium
2944,Casual Learner,DSA,3,25,59,4,64,391,4,13,Intermediate,Object-Oriented Programming,Medium
2945,Struggling Student,Web Development,1,12,46,6,58,81,2,8,Beginner,Programming Basics,High
2946,Consistent Learner,Programming,3,45,76,14,82,675,5,51,Intermediate,Machine Learning,Low
2947,Struggling Student,Operating Systems,2,18,46,4,56,161,1,7,Beginner,Programming Basics,High
2948,Casual Learner,Database,2,28,67,4,72,230,3,21,Intermediate,Database Systems,Medium
2949,Consistent Learner,Computer Networks,3,35,77,14,79,624,6,56,Intermediate,Database Systems,Low
2950,Casual Learner,Programming,2,15,74,6,71,217,4,20,Intermediate,Database Systems,Medium
2951,Consistent Learner,Web Development,4,36,81,11,85,612,4,23,Intermediate,Algorithms,Low
2952,Struggling Student,DSA,2,9,41,4,46,140,2,7,Beginner,Programming Fundamentals,High
2953,Struggling Student,Web Development,1,8,23,6,42,146,1,4,Beginner,Programming Basics,High
2954,Consistent Learner,Computer Networks,4,37,90,13,76,629,4,27,Intermediate,Database Systems,Low
2955,Consistent Learner,Operating Systems,4,49,89,11,80,611,4,44,Intermediate,Algorithms,Low
2956,Inactive Student,Web Development,1,4,10,2,2,32,1,1,Beginner,Introduction to C++,High
2957,Struggling Student,Operating Systems,2,14,28,4,60,90,2,6,Beginner,Object-Oriented Programming,High
2958,Casual Learner,Operating Systems,2,29,73,7,68,391,2,12,Intermediate,Database Systems,Medium
2959,Consistent Learner,Web Development,4,44,75,10,79,411,5,46,Intermediate,Database Systems,Low
2960,Consistent Learner,Database,4,46,81,10,77,438,5,50,Intermediate,Data Structures,Low
2961,Casual Learner,DSA,2,34,68,4,61,344,4,6,Intermediate,Web Development,Medium
2962,Struggling Student,Computer Networks,1,17,33,4,52,105,1,4,Beginner,Programming Fundamentals,High
2963,Consistent Learner,Database,4,42,85,13,88,587,4,41,Intermediate,Algorithms,Low
2964,Inactive Student,Operating Systems,1,5,4,1,27,2,0,0,Beginner,Introduction to C++,High
2965,Casual Learner,Operating Systems,2,17,51,5,69,329,4,16,Intermediate,Database Systems,Medium
2966,High Achiever,Machine Learning,5,65,91,13,96,752,7,104,Advanced,Machine Learning,Low
2967,Struggling Student,Web Development,2,11,33,2,49,153,2,8,Beginner,Introduction to C++,High
2968,Casual Learner,Programming,3,31,65,4,68,364,3,23,Intermediate,Database Systems,Medium
2969,Consistent Learner,Computer Networks,4,52,79,13,75,590,6,28,Intermediate,Database Systems,Low
2970,Casual Learner,Machine Learning,3,15,66,8,62,250,4,10,Intermediate,Web Development,Medium
2971,Consistent Learner,DSA,3,40,80,11,88,546,4,40,Intermediate,Machine Learning,Low
2972,Struggling Student,Computer Networks,1,14,37,5,45,177,1,2,Beginner,Introduction to C++,High
2973,High Achiever,Programming,4,57,98,18,94,716,7,102,Advanced,Deep Learning,Low
2974,Casual Learner,DSA,2,32,68,4,68,296,4,21,Intermediate,Database Systems,Medium
2975,Consistent Learner,Web Development,4,44,79,8,81,567,6,36,Intermediate,Machine Learning,Low
2976,High Achiever,Computer Networks,4,78,93,20,95,1030,6,85,Advanced,Machine Learning,Low
2977,Casual Learner,Computer Networks,3,28,59,7,75,257,2,11,Intermediate,Data Structures,Medium
2978,Inactive Student,Database,1,0,16,2,12,0,0,1,Beginner,Programming Fundamentals,High
2979,Consistent Learner,Database,4,45,77,10,81,669,6,43,Intermediate,Operating Systems,Low
2980,Consistent Learner,Programming,4,52,85,10,76,695,6,39,Intermediate,Computer Networks,Low
2981,Struggling Student,Operating Systems,1,7,37,5,50,106,1,7,Beginner,Introduction to C++,High
2982,Consistent Learner,Machine Learning,3,41,81,14,78,700,4,39,Intermediate,Computer Networks,Low
2983,Struggling Student,Machine Learning,1,13,48,2,41,85,1,5,Beginner,Introduction to C++,High
2984,Consistent Learner,DSA,3,44,80,8,86,694,5,35,Intermediate,Algorithms,Low
2985,Struggling Student,Computer Networks,1,7,22,6,50,79,2,4,Beginner,Introduction to C++,High
2986,High Achiever,Programming,5,78,96,13,91,827,6,82,Advanced,Advanced Algorithms,Low
2987,Consistent Learner,DSA,3,37,85,9,76,497,4,39,Intermediate,Database Systems,Low
2988,High Achiever,Web Development,4,76,91,12,97,1154,7,86,Advanced,Advanced Algorithms,Low
2989,Casual Learner,Computer Networks,3,25,64,7,73,240,4,14,Intermediate,Database Systems,Medium
2990,Inactive Student,Database,1,0,17,2,11,38,0,0,Beginner,Introduction to C++,High
2991,Inactive Student,Operating Systems,1,4,8,1,9,3,1,1,Beginner,Programming Fundamentals,High
2992,High Achiever,Machine Learning,4,55,96,13,99,1083,7,88,Advanced,Advanced Algorithms,Low
2993,Casual Learner,Programming,2,31,70,5,65,350,3,9,Intermediate,Web Development,Medium
2994,High Achiever,Machine Learning,4,68,98,14,90,1051,6,103,Advanced,Deep Learning,Low
2995,Inactive Student,Web Development,1,1,20,1,39,36,1,0,Beginner,Programming Basics,High
2996,Casual Learner,Computer Networks,3,30,68,4,60,182,3,23,Intermediate,Object-Oriented Programming,Medium
2997,High Achiever,Operating Systems,5,70,92,14,96,1021,7,46,Advanced,Advanced Algorithms,Low
2998,Consistent Learner,DSA,3,36,89,14,83,686,5,59,Intermediate,Machine Learning,Low
2999,Struggling Student,Database,1,13,34,2,44,138,2,2,Beginner,Introduction to C++,High
3000,Consistent Learner,Computer Networks,3,45,75,13,79,664,5,21,Intermediate,Database Systems,Low
3001,High Achiever,Machine Learning,4,60,92,16,88,914,7,78,Advanced,Machine Learning,Low
3002,Consistent Learner,Operating Systems,4,54,85,8,75,531,4,60,Intermediate,Computer Networks,Low
3003,Inactive Student,Machine Learning,1,4,10,1,25,44,1,0,Beginner,Programming Basics,High
3004,High Achiever,Web Development,5,75,95,18,100,768,6,105,Advanced,Advanced Algorithms,Low
3005,Casual Learner,Machine Learning,3,27,61,7,67,198,2,17,Intermediate,Web Development,Medium
3006,Inactive Student,Web Development,1,5,4,0,37,1,0,0,Beginner,Programming Fundamentals,High
3007,Struggling Student,Machine Learning,2,5,49,4,55,166,2,8,Beginner,Programming Basics,High
3008,Struggling Student,Machine Learning,1,8,36,2,46,102,1,5,Beginner,Programming Fundamentals,High
3009,Casual Learner,Operating Systems,3,22,67,5,69,258,2,23,Intermediate,Web Development,Medium
3010,Struggling Student,Database,2,17,38,2,51,89,2,8,Beginner,Programming Basics,High
3011,Casual Learner,Machine Learning,3,17,73,7,75,235,4,6,Intermediate,Computer Networks,Medium
3012,Consistent Learner,DSA,3,47,90,8,83,661,6,45,Intermediate,Operating Systems,Low
3013,Casual Learner,Operating Systems,3,25,62,5,65,274,4,22,Intermediate,Web Development,Medium
3014,Consistent Learner,DSA,3,52,75,14,78,669,4,29,Intermediate,Data Structures,Low
3015,Consistent Learner,Programming,4,51,85,11,84,616,5,46,Intermediate,Operating Systems,Low
3016,Casual Learner,Programming,3,23,60,8,67,302,3,13,Intermediate,Web Development,Medium
3017,Consistent Learner,Machine Learning,4,45,79,8,82,582,6,32,Intermediate,Algorithms,Low
3018,Inactive Student,Database,1,2,10,2,40,10,1,1,Beginner,Programming Fundamentals,High
3019,Struggling Student,Database,1,15,22,4,56,109,1,7,Beginner,Introduction to C++,High
3020,Consistent Learner,Programming,3,54,90,11,83,571,4,37,Intermediate,Operating Systems,Low
3021,Casual Learner,Operating Systems,3,17,74,6,73,259,2,24,Intermediate,Database Systems,Medium
3022,Casual Learner,Machine Learning,3,22,73,4,61,324,2,16,Intermediate,Web Development,Medium
3023,Casual Learner,DSA,2,18,62,5,61,201,4,15,Intermediate,Web Development,Medium
3024,Casual Learner,Computer Networks,2,20,58,5,64,314,3,22,Intermediate,Web Development,Medium
3025,Consistent Learner,Operating Systems,3,50,87,11,76,690,6,53,Intermediate,Database Systems,Low
3026,Casual Learner,Computer Networks,2,17,75,8,61,250,2,11,Intermediate,Object-Oriented Programming,Medium
3027,Inactive Student,Machine Learning,1,0,2,1,14,28,0,1,Beginner,Programming Fundamentals,High
3028,Consistent Learner,Computer Networks,4,38,86,10,83,539,5,21,Intermediate,Machine Learning,Low
3029,Consistent Learner,DSA,4,36,88,11,83,606,6,28,Intermediate,Machine Learning,Low
3030,High Achiever,Computer Networks,5,78,93,18,99,1136,7,119,Advanced,Advanced Algorithms,Low
3031,High Achiever,Machine Learning,4,77,98,17,94,927,6,104,Advanced,Deep Learning,Low
3032,Struggling Student,DSA,1,10,30,3,57,91,1,8,Beginner,Introduction to C++,High
3033,Consistent Learner,Database,3,37,80,11,80,613,5,33,Intermediate,Operating Systems,Low
3034,Consistent Learner,Web Development,4,44,87,8,89,687,6,21,Intermediate,Machine Learning,Low
3035,Struggling Student,Programming,1,14,36,2,54,121,2,6,Beginner,Programming Basics,High
3036,Consistent Learner,Computer Networks,4,44,78,14,84,484,5,33,Intermediate,Operating Systems,Low
3037,High Achiever,Database,4,71,100,15,96,1099,7,113,Advanced,Deep Learning,Low
3038,Consistent Learner,Web Development,4,46,87,14,85,698,4,50,Intermediate,Algorithms,Low
3039,Consistent Learner,Database,4,55,81,13,84,513,5,54,Intermediate,Machine Learning,Low
3040,Casual Learner,Programming,3,28,75,8,65,216,4,5,Intermediate,Web Development,Medium
3041,Consistent Learner,Machine Learning,3,50,87,13,82,552,4,42,Intermediate,Algorithms,Low
3042,Consistent Learner,Web Development,4,38,76,13,76,456,4,41,Intermediate,Computer Networks,Low
3043,Consistent Learner,Web Development,3,44,83,9,77,534,6,54,Intermediate,Database Systems,Low
3044,High Achiever,Database,5,69,98,17,94,830,6,68,Advanced,Deep Learning,Low
3045,Consistent Learner,Computer Networks,4,44,78,11,85,591,5,33,Intermediate,Operating Systems,Low
3046,Casual Learner,DSA,2,19,67,6,71,269,4,5,Intermediate,Computer Networks,Medium
3047,Struggling Student,Operating Systems,2,12,43,6,49,166,2,6,Beginner,Programming Fundamentals,High
3048,High Achiever,Web Development,5,56,92,20,100,1165,7,120,Advanced,Advanced Algorithms,Low
3049,High Achiever,DSA,5,60,93,15,99,1076,7,96,Advanced,Machine Learning,Low
3050,Consistent Learner,Web Development,3,43,87,14,89,449,5,51,Intermediate,Operating Systems,Low
3051,Casual Learner,Computer Networks,2,24,53,8,71,362,3,23,Intermediate,Database Systems,Medium
3052,Inactive Student,Machine Learning,1,5,6,1,18,23,1,0,Beginner,Programming Basics,High
3053,Casual Learner,DSA,3,18,50,4,74,269,4,5,Intermediate,Computer Networks,Medium
3054,Struggling Student,Operating Systems,1,12,43,2,52,118,2,1,Beginner,Introduction to C++,High
3055,Casual Learner,Computer Networks,2,31,60,6,63,281,4,9,Intermediate,Object-Oriented Programming,Medium
3056,Struggling Student,Database,1,15,37,6,53,116,2,4,Beginner,Introduction to C++,High
3057,Inactive Student,Operating Systems,1,3,15,0,23,56,1,2,Beginner,Programming Fundamentals,High
3058,Casual Learner,Programming,3,16,64,5,64,316,4,11,Intermediate,Database Systems,Medium
3059,Struggling Student,DSA,1,17,31,2,46,138,1,2,Beginner,Introduction to C++,High
3060,Consistent Learner,Machine Learning,4,44,80,11,84,516,5,45,Intermediate,Operating Systems,Low
3061,Inactive Student,Database,1,3,18,1,28,49,0,2,Beginner,Introduction to C++,High
3062,Casual Learner,Programming,2,15,71,4,74,352,4,12,Intermediate,Database Systems,Medium
3063,Struggling Student,Web Development,2,13,46,3,52,165,1,3,Beginner,Introduction to C++,High
3064,Consistent Learner,Computer Networks,4,42,90,14,83,434,4,52,Intermediate,Operating Systems,Low
3065,Consistent Learner,Machine Learning,3,37,79,13,79,500,4,24,Intermediate,Database Systems,Low
3066,Casual Learner,DSA,3,20,75,7,62,207,4,20,Intermediate,Web Development,Medium
3067,Casual Learner,Operating Systems,2,25,75,8,69,280,3,19,Intermediate,Database Systems,Medium
3068,Casual Learner,Database,3,26,72,5,65,275,4,15,Intermediate,Database Systems,Medium
3069,Consistent Learner,Programming,3,51,78,14,85,443,4,44,Intermediate,Machine Learning,Low
3070,Consistent Learner,Programming,4,39,76,9,78,510,5,47,Intermediate,Computer Networks,Low
3071,Consistent Learner,Programming,4,50,77,10,87,468,4,21,Intermediate,Algorithms,Low
3072,Consistent Learner,Machine Learning,3,41,82,10,83,430,4,27,Intermediate,Algorithms,Low
3073,Casual Learner,Machine Learning,2,27,50,5,60,310,3,17,Intermediate,Database Systems,Medium
3074,Casual Learner,Web Development,2,33,50,7,75,291,2,22,Intermediate,Data Structures,Medium
3075,Struggling Student,Web Development,1,16,39,4,40,121,2,8,Beginner,Programming Fundamentals,High
3076,Struggling Student,Computer Networks,2,7,50,2,55,78,1,5,Beginner,Programming Fundamentals,High
3077,Casual Learner,Machine Learning,3,32,51,6,63,308,3,23,Intermediate,Object-Oriented Programming,Medium
3078,High Achiever,Operating Systems,4,67,94,17,100,905,7,118,Advanced,Deep Learning,Low
3079,Casual Learner,Programming,2,27,51,6,67,335,4,5,Intermediate,Database Systems,Medium
3080,Struggling Student,Database,1,14,43,5,60,61,1,5,Beginner,Object-Oriented Programming,High
3081,Consistent Learner,Computer Networks,3,54,89,13,76,463,6,24,Intermediate,Computer Networks,Low
3082,Struggling Student,Machine Learning,1,8,32,6,44,134,2,8,Beginner,Programming Basics,High
3083,Casual Learner,DSA,2,25,57,4,67,343,3,9,Intermediate,Database Systems,Medium
3084,Inactive Student,Web Development,1,0,4,0,7,27,0,2,Beginner,Programming Fundamentals,High
3085,Casual Learner,Database,3,31,50,5,67,230,3,22,Intermediate,Object-Oriented Programming,Medium
3086,Struggling Student,Operating Systems,2,8,41,6,60,70,1,7,Beginner,Database Systems,High
3087,Casual Learner,Operating Systems,3,17,65,6,70,244,3,23,Intermediate,Data Structures,Medium
3088,Struggling Student,Computer Networks,2,6,20,3,42,98,1,2,Beginner,Programming Basics,High
3089,Inactive Student,DSA,1,1,2,2,21,23,1,2,Beginner,Programming Fundamentals,High
3090,High Achiever,DSA,5,80,99,19,89,952,7,50,Advanced,Machine Learning,Low
3091,Casual Learner,DSA,2,26,63,8,74,194,4,14,Intermediate,Data Structures,Medium
3092,High Achiever,Computer Networks,5,55,95,13,94,829,6,120,Advanced,Advanced Algorithms,Low
3093,Casual Learner,DSA,2,29,62,8,68,209,4,19,Intermediate,Database Systems,Medium
3094,Casual Learner,Operating Systems,3,16,50,7,68,237,3,15,Intermediate,Web Development,Medium
3095,Struggling Student,Machine Learning,2,15,40,3,42,141,2,4,Beginner,Programming Basics,High
3096,Consistent Learner,DSA,4,53,88,13,89,570,5,36,Intermediate,Machine Learning,Low
3097,High Achiever,Programming,5,72,94,20,88,1000,7,96,Advanced,Operating Systems,Low
3098,Struggling Student,Operating Systems,1,13,22,4,52,62,2,5,Beginner,Programming Basics,High
3099,Casual Learner,Web Development,3,33,72,6,75,285,2,8,Intermediate,Data Structures,Medium
3100,High Achiever,Machine Learning,5,67,94,19,93,848,7,93,Advanced,Deep Learning,Low
3101,Casual Learner,Machine Learning,3,19,55,7,66,255,4,15,Intermediate,Database Systems,Medium
3102,Inactive Student,Computer Networks,1,0,6,2,0,38,1,2,Beginner,Introduction to C++,High
3103,Casual Learner,Database,3,15,63,7,65,346,4,18,Intermediate,Object-Oriented Programming,Medium
3104,Consistent Learner,DSA,4,52,90,8,89,625,5,48,Intermediate,Operating Systems,Low
3105,Consistent Learner,Programming,3,53,88,9,87,514,5,49,Intermediate,Operating Systems,Low
3106,Consistent Learner,Computer Networks,4,37,77,8,89,522,5,27,Intermediate,Algorithms,Low
3107,Casual Learner,Web Development,2,20,71,4,73,318,4,10,Intermediate,Database Systems,Medium
3108,Consistent Learner,DSA,3,42,76,14,79,510,6,57,Intermediate,Data Structures,Low
3109,Consistent Learner,Web Development,3,47,75,14,87,689,5,34,Intermediate,Operating Systems,Low
3110,Inactive Student,Web Development,1,4,11,2,8,12,1,1,Beginner,Programming Fundamentals,High
3111,Struggling Student,Database,1,14,29,2,44,124,2,4,Beginner,Introduction to C++,High
3112,Struggling Student,Programming,1,17,32,4,48,127,2,5,Beginner,Programming Fundamentals,High
3113,Casual Learner,Database,2,18,53,8,60,245,2,16,Intermediate,Database Systems,Medium
3114,Inactive Student,DSA,1,4,0,1,15,28,1,1,Beginner,Programming Basics,High
3115,Consistent Learner,Operating Systems,3,50,88,12,89,678,5,21,Intermediate,Operating Systems,Low
3116,Consistent Learner,DSA,3,40,78,9,77,646,4,25,Intermediate,Computer Networks,Low
3117,Inactive Student,Database,1,4,12,1,13,60,0,2,Beginner,Introduction to C++,High
3118,Casual Learner,Operating Systems,3,20,66,7,66,391,4,7,Intermediate,Database Systems,Medium
3119,Struggling Student,Operating Systems,2,14,31,5,45,133,1,8,Beginner,Programming Fundamentals,High
3120,Casual Learner,Database,3,18,63,4,67,229,2,22,Intermediate,Web Development,Medium
3121,Casual Learner,Web Development,2,15,60,4,61,225,4,20,Intermediate,Database Systems,Medium
3122,Consistent Learner,Programming,3,35,79,13,80,401,4,51,Intermediate,Machine Learning,Low
3123,Consistent Learner,Database,3,47,83,12,90,470,6,24,Intermediate,Machine Learning,Low
3124,Struggling Student,Database,2,11,24,5,50,143,1,2,Beginner,Introduction to C++,High
3125,Consistent Learner,Computer Networks,4,43,83,9,76,517,6,45,Intermediate,Data Structures,Low
3126,Casual Learner,Operating Systems,3,24,73,8,66,231,2,23,Intermediate,Database Systems,Medium
3127,Casual Learner,Web Development,2,22,72,8,66,281,4,25,Intermediate,Object-Oriented Programming,Medium
3128,Casual Learner,Operating Systems,2,23,60,7,64,238,2,17,Intermediate,Database Systems,Medium
3129,High Achiever,Computer Networks,5,71,91,19,88,748,7,45,Advanced,Operating Systems,Low
3130,High Achiever,Web Development,5,74,97,14,88,1016,6,84,Advanced,Algorithms,Low
3131,Casual Learner,Programming,2,32,54,8,71,212,2,12,Intermediate,Computer Networks,Medium
3132,High Achiever,Machine Learning,5,55,94,15,100,944,7,104,Advanced,Machine Learning,Low
3133,Casual Learner,Programming,3,32,70,6,70,387,2,7,Intermediate,Database Systems,Medium
3134,Struggling Student,Operating Systems,2,6,29,6,45,62,2,6,Beginner,Introduction to C++,High
3135,Consistent Learner,Operating Systems,3,44,80,10,89,521,6,46,Intermediate,Algorithms,Low
3136,Consistent Learner,Database,3,51,82,13,77,491,5,56,Intermediate,Database Systems,Low
3137,Struggling Student,DSA,2,16,45,5,55,81,2,5,Beginner,Programming Basics,High
3138,Casual Learner,DSA,3,24,69,7,75,222,4,17,Intermediate,Database Systems,Medium
3139,Casual Learner,Database,3,24,57,8,61,393,2,24,Intermediate,Web Development,Medium
3140,High Achiever,Operating Systems,4,63,98,12,98,851,6,77,Advanced,Deep Learning,Low
3141,Casual Learner,Web Development,2,35,50,4,69,182,4,7,Intermediate,Database Systems,Medium
3142,Casual Learner,Web Development,2,30,63,5,69,222,3,17,Intermediate,Web Development,Medium
3143,Struggling Student,Computer Networks,1,7,31,4,59,79,1,4,Beginner,Introduction to C++,High
3144,Struggling Student,DSA,1,14,44,2,48,178,1,2,Beginner,Programming Fundamentals,High
3145,Consistent Learner,Web Development,3,38,78,14,89,494,4,45,Intermediate,Machine Learning,Low
3146,Inactive Student,Database,1,3,10,1,36,50,0,0,Beginner,Programming Fundamentals,High
3147,High Achiever,Database,4,74,93,15,93,1012,7,97,Advanced,Deep Learning,Low
3148,Consistent Learner,Machine Learning,3,55,85,12,88,612,6,50,Intermediate,Machine Learning,Low
3149,Struggling Student,Programming,2,8,47,6,40,161,1,3,Beginner,Introduction to C++,High
3150,Struggling Student,DSA,2,12,43,3,52,101,1,1,Beginner,Programming Fundamentals,High
3151,Consistent Learner,Machine Learning,3,53,76,13,76,621,5,49,Intermediate,Database Systems,Low
3152,High Achiever,Operating Systems,5,64,92,19,96,950,6,81,Advanced,Deep Learning,Low
3153,Consistent Learner,Programming,4,40,82,8,87,652,6,29,Intermediate,Operating Systems,Low
3154,Struggling Student,Programming,2,12,50,4,48,133,1,4,Beginner,Introduction to C++,High
3155,Inactive Student,Computer Networks,1,4,12,2,1,17,1,0,Beginner,Programming Fundamentals,High
3156,Struggling Student,Machine Learning,1,17,42,4,45,125,2,4,Beginner,Introduction to C++,High
3157,Casual Learner,DSA,2,22,57,4,75,239,3,15,Intermediate,Data Structures,Medium
3158,Casual Learner,Operating Systems,2,16,55,5,73,259,2,10,Intermediate,Data Structures,Medium
3159,Consistent Learner,Web Development,4,35,86,9,89,480,4,35,Intermediate,Algorithms,Low
3160,Consistent Learner,Database,3,47,76,9,82,467,5,26,Intermediate,Algorithms,Low
3161,Casual Learner,Programming,3,26,60,8,75,193,4,13,Intermediate,Computer Networks,Medium
3162,Inactive Student,Programming,1,2,4,0,19,60,1,1,Beginner,Introduction to C++,High
3163,High Achiever,Machine Learning,4,66,95,13,90,864,6,105,Advanced,Machine Learning,Low
3164,Inactive Student,Operating Systems,1,4,2,2,5,54,0,2,Beginner,Introduction to C++,High
3165,Inactive Student,Database,1,5,7,2,19,39,1,0,Beginner,Programming Fundamentals,High
3166,Struggling Student,Web Development,1,10,42,5,50,105,2,2,Beginner,Introduction to C++,High
3167,Casual Learner,DSA,2,31,70,5,68,284,2,5,Intermediate,Database Systems,Medium
3168,High Achiever,Web Development,4,57,100,20,98,886,7,70,Advanced,Deep Learning,Low
3169,High Achiever,Operating Systems,4,69,96,13,93,721,7,59,Advanced,Machine Learning,Low
3170,Consistent Learner,Machine Learning,4,51,86,13,88,628,5,24,Intermediate,Machine Learning,Low
3171,Consistent Learner,DSA,4,35,76,13,76,455,4,25,Intermediate,Database Systems,Low
3172,Struggling Student,Web Development,1,18,21,3,59,79,2,2,Beginner,Programming Fundamentals,High
3173,Casual Learner,Programming,3,27,71,4,72,242,4,21,Intermediate,Data Structures,Medium
3174,Casual Learner,Machine Learning,3,32,73,6,62,315,4,16,Intermediate,Database Systems,Medium
3175,Inactive Student,Programming,1,2,20,0,37,24,1,1,Beginner,Programming Fundamentals,High
3176,Casual Learner,DSA,3,30,55,8,61,183,3,9,Intermediate,Web Development,Medium
3177,Casual Learner,Operating Systems,2,35,67,4,69,294,2,25,Intermediate,Object-Oriented Programming,Medium
3178,Casual Learner,Database,3,24,50,7,67,366,4,5,Intermediate,Web Development,Medium
3179,Consistent Learner,Operating Systems,4,54,89,12,86,452,6,36,Intermediate,Machine Learning,Low
3180,Inactive Student,Machine Learning,1,4,6,1,29,57,0,1,Beginner,Introduction to C++,High
3181,Casual Learner,Machine Learning,2,28,62,8,73,295,3,7,Intermediate,Computer Networks,Medium
3182,Consistent Learner,Web Development,3,37,88,10,86,620,4,42,Intermediate,Operating Systems,Low
3183,Casual Learner,Database,3,21,59,5,62,308,2,25,Intermediate,Web Development,Medium
3184,Casual Learner,Machine Learning,2,15,73,4,64,269,4,16,Intermediate,Database Systems,Medium
3185,Consistent Learner,Operating Systems,3,42,90,13,90,646,4,21,Intermediate,Advanced Algorithms,Low
3186,Consistent Learner,Web Development,4,52,90,8,80,612,4,43,Intermediate,Machine Learning,Low
3187,Casual Learner,Computer Networks,2,15,53,5,68,350,2,9,Intermediate,Database Systems,Medium
3188,Inactive Student,Database,1,2,10,0,3,21,1,2,Beginner,Programming Basics,High
3189,Casual Learner,Computer Networks,2,33,68,8,66,325,3,17,Intermediate,Web Development,Medium
3190,Casual Learner,Machine Learning,3,19,59,7,63,280,2,5,Intermediate,Object-Oriented Programming,Medium
3191,Struggling Student,Operating Systems,2,8,36,3,41,63,1,2,Beginner,Introduction to C++,High
3192,Consistent Learner,DSA,4,54,82,8,90,542,4,48,Intermediate,Advanced Algorithms,Low
3193,Casual Learner,Computer Networks,3,25,58,7,72,219,4,24,Intermediate,Database Systems,Medium
3194,Casual Learner,Database,2,31,69,7,65,217,3,9,Intermediate,Database Systems,Medium
3195,Struggling Student,Computer Networks,2,5,20,3,44,91,1,3,Beginner,Programming Basics,High
3196,Struggling Student,Database,1,10,32,5,54,169,1,3,Beginner,Introduction to C++,High
3197,High Achiever,Database,4,63,91,20,98,784,6,83,Advanced,Machine Learning,Low
3198,Casual Learner,Web Development,2,32,75,4,65,235,4,9,Intermediate,Database Systems,Medium
3199,Casual Learner,Database,3,30,70,8,61,329,4,17,Intermediate,Object-Oriented Programming,Medium
3200,Casual Learner,Database,2,30,62,8,70,392,4,14,Intermediate,Database Systems,Medium
3201,Consistent Learner,Programming,3,40,83,13,79,528,6,54,Intermediate,Database Systems,Low
3202,Consistent Learner,Programming,3,49,82,11,77,553,5,22,Intermediate,Data Structures,Low
3203,Inactive Student,Operating Systems,1,0,17,0,9,24,1,2,Beginner,Programming Fundamentals,High
3204,Struggling Student,Database,1,14,44,3,58,112,1,7,Beginner,Programming Basics,High
3205,High Achiever,Web Development,4,71,99,13,89,1117,6,80,Advanced,Machine Learning,Low
3206,Inactive Student,Computer Networks,1,4,4,1,31,26,0,1,Beginner,Programming Basics,High
3207,Inactive Student,DSA,1,2,2,1,5,12,0,2,Beginner,Programming Basics,High
3208,High Achiever,Operating Systems,4,64,90,17,89,1057,6,60,Advanced,Machine Learning,Low
3209,Casual Learner,Web Development,2,24,59,7,61,308,3,18,Intermediate,Object-Oriented Programming,Medium
3210,Casual Learner,Database,2,27,64,4,69,349,4,19,Intermediate,Web Development,Medium
3211,Consistent Learner,Programming,3,38,83,14,86,599,5,40,Intermediate,Machine Learning,Low
3212,High Achiever,Operating Systems,4,69,95,19,97,837,6,98,Advanced,Advanced Algorithms,Low
3213,Consistent Learner,DSA,3,49,83,10,89,401,6,34,Intermediate,Algorithms,Low
3214,Casual Learner,Computer Networks,2,27,73,8,69,202,2,25,Intermediate,Database Systems,Medium
3215,Inactive Student,Programming,1,0,12,0,14,10,1,1,Beginner,Introduction to C++,High
3216,Consistent Learner,Programming,3,46,90,11,82,444,6,22,Intermediate,Algorithms,Low
3217,High Achiever,Machine Learning,5,75,95,16,94,1102,6,61,Advanced,Deep Learning,Low
3218,Consistent Learner,Programming,4,44,75,8,83,625,5,53,Intermediate,Machine Learning,Low
3219,Casual Learner,Database,3,35,70,8,68,310,3,21,Intermediate,Object-Oriented Programming,Medium
3220,Casual Learner,Computer Networks,2,27,75,4,60,193,3,19,Intermediate,Object-Oriented Programming,Medium
3221,Struggling Student,Web Development,2,17,47,3,60,121,2,5,Beginner,Web Development,High
3222,Consistent Learner,DSA,3,49,78,8,77,626,4,56,Intermediate,Computer Networks,Low
3223,Struggling Student,Operating Systems,1,5,28,6,40,81,1,5,Beginner,Introduction to C++,High
3224,Consistent Learner,Operating Systems,4,45,88,11,83,516,4,34,Intermediate,Operating Systems,Low
3225,Casual Learner,Database,3,25,61,5,67,325,2,20,Intermediate,Web Development,Medium
3226,High Achiever,DSA,4,66,93,12,100,728,7,119,Advanced,Advanced Algorithms,Low
3227,Struggling Student,Machine Learning,1,11,40,5,51,87,2,2,Beginner,Programming Fundamentals,High
3228,Casual Learner,Computer Networks,3,22,53,7,66,325,3,18,Intermediate,Web Development,Medium
3229,Inactive Student,Database,1,4,15,2,9,59,0,2,Beginner,Programming Fundamentals,High
3230,Struggling Student,Operating Systems,2,18,30,3,59,79,2,7,Beginner,Programming Fundamentals,High
3231,Casual Learner,Programming,3,17,57,6,66,382,2,20,Intermediate,Web Development,Medium
3232,Consistent Learner,Programming,4,35,86,10,78,644,4,40,Intermediate,Database Systems,Low
3233,Casual Learner,Programming,2,27,54,6,60,280,4,23,Intermediate,Web Development,Medium
3234,Casual Learner,Database,3,27,59,7,66,389,4,22,Intermediate,Web Development,Medium
3235,Casual Learner,Programming,2,24,71,6,71,304,2,12,Intermediate,Computer Networks,Medium
3236,Struggling Student,Database,1,12,42,2,57,110,2,3,Beginner,Introduction to C++,High
3237,Consistent Learner,Machine Learning,3,45,75,12,80,599,4,20,Intermediate,Algorithms,Low
3238,Casual Learner,Operating Systems,2,16,52,6,73,198,3,7,Intermediate,Computer Networks,Medium
3239,Casual Learner,Machine Learning,3,23,74,8,62,215,2,12,Intermediate,Object-Oriented Programming,Medium
3240,High Achiever,Computer Networks,4,75,93,20,92,1040,7,113,Advanced,Advanced Algorithms,Low
3241,High Achiever,Computer Networks,5,70,92,15,98,1177,6,49,Advanced,Machine Learning,Low
3242,Consistent Learner,Database,3,50,89,13,82,611,5,40,Intermediate,Operating Systems,Low
3243,Casual Learner,Machine Learning,2,19,52,8,64,215,2,18,Intermediate,Object-Oriented Programming,Medium
3244,Struggling Student,Machine Learning,2,18,29,2,55,109,1,4,Beginner,Programming Basics,High
3245,Consistent Learner,Web Development,4,38,88,12,82,616,6,32,Intermediate,Machine Learning,Low
3246,Inactive Student,Machine Learning,1,4,2,1,29,27,1,0,Beginner,Programming Basics,High
3247,High Achiever,Operating Systems,4,77,99,15,98,791,7,57,Advanced,Advanced Algorithms,Low
3248,High Achiever,Computer Networks,5,80,97,13,90,894,6,99,Advanced,Advanced Algorithms,Low
3249,Consistent Learner,Operating Systems,4,40,80,10,80,612,5,36,Intermediate,Machine Learning,Low
3250,Casual Learner,Database,2,35,63,8,73,309,2,8,Intermediate,Data Structures,Medium
3251,Consistent Learner,DSA,3,36,88,10,75,666,4,40,Intermediate,Computer Networks,Low
3252,Casual Learner,Programming,3,25,72,6,61,377,4,17,Intermediate,Web Development,Medium
3253,Struggling Student,Operating Systems,2,13,35,6,41,81,2,2,Beginner,Programming Fundamentals,High
3254,Consistent Learner,Computer Networks,4,47,82,11,80,459,5,31,Intermediate,Operating Systems,Low
3255,Inactive Student,Web Development,1,5,0,0,9,12,1,2,Beginner,Introduction to C++,High
3256,High Achiever,Operating Systems,4,60,99,17,93,1036,7,99,Advanced,Machine Learning,Low
3257,Struggling Student,Operating Systems,1,14,46,4,55,169,2,6,Beginner,Programming Basics,High
3258,Casual Learner,Computer Networks,2,23,73,7,68,354,2,7,Intermediate,Object-Oriented Programming,Medium
3259,Casual Learner,DSA,3,29,50,5,73,217,3,17,Intermediate,Computer Networks,Medium
3260,Casual Learner,Web Development,2,18,55,6,69,366,2,11,Intermediate,Object-Oriented Programming,Medium
3261,High Achiever,Programming,4,66,96,15,88,1080,6,113,Advanced,Algorithms,Low
3262,Casual Learner,Computer Networks,2,31,64,5,65,384,2,6,Intermediate,Database Systems,Medium
3263,Casual Learner,Machine Learning,2,17,55,7,67,363,3,16,Intermediate,Database Systems,Medium
3264,Casual Learner,DSA,2,15,65,5,60,196,4,19,Intermediate,Object-Oriented Programming,Medium
3265,Casual Learner,DSA,3,23,71,4,73,354,4,10,Intermediate,Database Systems,Medium
3266,Casual Learner,Web Development,2,35,62,6,62,220,4,15,Intermediate,Database Systems,Medium
3267,Consistent Learner,Computer Networks,3,35,86,8,76,662,4,59,Intermediate,Database Systems,Low
3268,Casual Learner,Operating Systems,3,19,54,7,65,233,4,6,Intermediate,Object-Oriented Programming,Medium
3269,Consistent Learner,Programming,4,39,79,9,85,419,4,53,Intermediate,Algorithms,Low
3270,High Achiever,DSA,5,76,92,16,91,933,7,66,Advanced,Advanced Algorithms,Low
3271,High Achiever,Web Development,4,72,90,13,94,1063,7,68,Advanced,Machine Learning,Low
3272,Casual Learner,Operating Systems,3,34,62,8,75,366,4,14,Intermediate,Data Structures,Medium
3273,Consistent Learner,Operating Systems,3,43,86,10,83,432,4,44,Intermediate,Algorithms,Low
3274,Casual Learner,Database,3,15,50,8,69,254,4,15,Intermediate,Web Development,Medium
3275,High Achiever,Database,4,70,96,16,90,997,7,61,Advanced,Advanced Algorithms,Low
3276,High Achiever,DSA,5,58,91,17,88,862,6,118,Advanced,Machine Learning,Low
3277,Casual Learner,Computer Networks,3,18,73,5,63,264,2,15,Intermediate,Database Systems,Medium
3278,Consistent Learner,DSA,3,39,76,10,81,633,6,48,Intermediate,Operating Systems,Low
3279,Consistent Learner,Database,4,36,84,11,87,489,5,32,Intermediate,Operating Systems,Low
3280,Consistent Learner,Operating Systems,3,37,78,10,80,566,5,52,Intermediate,Operating Systems,Low
3281,Casual Learner,DSA,3,29,72,8,65,282,2,12,Intermediate,Object-Oriented Programming,Medium
3282,Inactive Student,Database,1,4,18,0,15,1,1,1,Beginner,Programming Fundamentals,High
3283,Struggling Student,Machine Learning,1,16,44,6,55,75,2,2,Beginner,Introduction to C++,High
3284,Struggling Student,DSA,1,14,48,3,51,149,2,5,Beginner,Programming Fundamentals,High
3285,Struggling Student,Machine Learning,1,5,30,4,58,112,2,6,Beginner,Introduction to C++,High
3286,Casual Learner,Machine Learning,2,18,71,5,74,331,4,12,Intermediate,Data Structures,Medium
3287,Struggling Student,Operating Systems,2,12,33,3,54,171,2,6,Beginner,Programming Fundamentals,High
3288,High Achiever,Web Development,4,72,99,17,96,992,7,44,Advanced,Machine Learning,Low
3289,Struggling Student,Computer Networks,1,7,23,3,46,108,2,1,Beginner,Programming Basics,High
3290,Inactive Student,DSA,1,2,14,1,4,8,0,0,Beginner,Programming Fundamentals,High
3291,Inactive Student,Web Development,1,2,12,0,7,47,0,2,Beginner,Programming Fundamentals,High
3292,Casual Learner,Computer Networks,3,33,69,5,74,206,4,15,Intermediate,Computer Networks,Medium
3293,Consistent Learner,Programming,3,41,90,13,86,474,6,43,Intermediate,Operating Systems,Low
3294,Casual Learner,Machine Learning,3,31,70,4,68,378,2,23,Intermediate,Database Systems,Medium
3295,Consistent Learner,DSA,3,53,75,13,75,640,4,51,Intermediate,Computer Networks,Low
3296,Consistent Learner,Machine Learning,4,43,85,11,83,558,5,27,Intermediate,Algorithms,Low
3297,Casual Learner,Machine Learning,2,28,54,7,70,252,4,12,Intermediate,Database Systems,Medium
3298,Struggling Student,Operating Systems,2,14,23,5,40,179,2,4,Beginner,Introduction to C++,High
3299,Casual Learner,Machine Learning,2,34,66,6,61,298,4,23,Intermediate,Database Systems,Medium
3300,Consistent Learner,Operating Systems,4,49,82,13,90,568,5,55,Intermediate,Machine Learning,Low
3301,Consistent Learner,Machine Learning,4,41,84,13,76,650,6,33,Intermediate,Data Structures,Low
3302,Inactive Student,Computer Networks,1,5,3,2,29,29,1,0,Beginner,Programming Fundamentals,High
3303,Casual Learner,DSA,3,15,70,4,75,310,4,11,Intermediate,Database Systems,Medium
3304,Casual Learner,DSA,2,21,72,8,70,252,2,12,Intermediate,Data Structures,Medium
3305,Casual Learner,Machine Learning,3,19,67,6,61,366,2,12,Intermediate,Object-Oriented Programming,Medium
3306,Struggling Student,DSA,2,10,26,3,54,90,2,6,Beginner,Programming Basics,High
3307,Consistent Learner,Web Development,3,43,76,9,79,465,4,37,Intermediate,Database Systems,Low
3308,Casual Learner,Database,3,34,60,4,67,361,3,15,Intermediate,Database Systems,Medium
3309,Consistent Learner,Web Development,3,39,76,8,88,458,5,36,Intermediate,Algorithms,Low
3310,Consistent Learner,Database,4,46,83,14,90,600,4,30,Intermediate,Machine Learning,Low
3311,Casual Learner,DSA,2,35,54,7,60,395,3,15,Intermediate,Object-Oriented Programming,Medium
3312,Casual Learner,Web Development,2,19,55,5,67,347,4,25,Intermediate,Object-Oriented Programming,Medium
3313,Consistent Learner,Database,4,48,86,9,75,531,5,43,Intermediate,Database Systems,Low
3314,Struggling Student,Database,2,5,24,5,46,150,2,7,Beginner,Programming Basics,High
3315,Casual Learner,Web Development,3,21,57,5,75,284,2,23,Intermediate,Computer Networks,Medium
3316,Casual Learner,Database,3,16,50,8,65,357,4,12,Intermediate,Database Systems,Medium
3317,Casual Learner,Computer Networks,2,28,68,4,65,355,2,9,Intermediate,Object-Oriented Programming,Medium
3318,Casual Learner,Database,3,15,62,4,74,377,4,6,Intermediate,Database Systems,Medium
3319,Casual Learner,Web Development,2,17,60,4,65,189,2,11,Intermediate,Web Development,Medium
3320,Struggling Student,Database,2,14,21,5,53,136,2,3,Beginner,Programming Basics,High
3321,Consistent Learner,Computer Networks,3,52,81,13,82,518,6,60,Intermediate,Algorithms,Low
3322,Struggling Student,DSA,2,17,40,6,44,74,1,6,Beginner,Programming Basics,High
3323,High Achiever,Programming,4,60,96,12,88,1159,6,58,Advanced,Operating Systems,Low
3324,Consistent Learner,Web Development,4,43,80,11,76,561,5,59,Intermediate,Computer Networks,Low
3325,Consistent Learner,Computer Networks,4,40,79,8,87,499,4,30,Intermediate,Operating Systems,Low
3326,Casual Learner,Operating Systems,2,17,55,7,61,254,3,18,Intermediate,Web Development,Medium
3327,Casual Learner,Machine Learning,3,19,73,6,75,284,2,23,Intermediate,Database Systems,Medium
3328,Struggling Student,Operating Systems,1,15,33,4,54,79,2,6,Beginner,Programming Basics,High
3329,Consistent Learner,DSA,4,52,89,13,83,640,5,55,Intermediate,Operating Systems,Low
3330,Consistent Learner,Web Development,3,54,83,11,85,645,5,49,Intermediate,Algorithms,Low
3331,Inactive Student,Programming,1,1,19,2,32,38,1,0,Beginner,Programming Fundamentals,High
3332,Consistent Learner,Web Development,3,54,79,12,79,605,6,24,Intermediate,Computer Networks,Low
3333,Casual Learner,Web Development,3,18,64,4,60,267,2,20,Intermediate,Object-Oriented Programming,Medium
3334,Casual Learner,Web Development,2,25,62,7,60,383,2,7,Intermediate,Web Development,Medium
3335,Struggling Student,Computer Networks,2,11,29,5,58,167,2,2,Beginner,Programming Basics,High
3336,Casual Learner,Machine Learning,2,18,55,6,64,322,4,16,Intermediate,Object-Oriented Programming,Medium
3337,Inactive Student,Computer Networks,1,5,8,0,25,50,0,0,Beginner,Programming Fundamentals,High
3338,Casual Learner,Machine Learning,3,32,50,8,74,180,4,8,Intermediate,Database Systems,Medium
3339,High Achiever,Machine Learning,5,70,91,17,90,720,7,99,Advanced,Advanced Algorithms,Low
3340,High Achiever,Programming,5,64,90,16,91,815,7,110,Advanced,Advanced Algorithms,Low
3341,Consistent Learner,Web Development,4,49,79,13,84,611,4,23,Intermediate,Machine Learning,Low
3342,Inactive Student,Programming,1,0,18,0,3,43,1,0,Beginner,Programming Basics,High
3343,Casual Learner,Computer Networks,3,15,73,5,60,275,2,9,Intermediate,Database Systems,Medium
3344,Casual Learner,Machine Learning,3,20,71,5,65,188,2,5,Intermediate,Web Development,Medium
3345,Consistent Learner,Web Development,4,54,90,10,89,570,6,34,Intermediate,Operating Systems,Low
3346,Casual Learner,Machine Learning,3,24,58,5,71,218,3,24,Intermediate,Computer Networks,Medium
3347,Consistent Learner,Computer Networks,3,36,84,8,87,545,4,42,Intermediate,Operating Systems,Low
3348,Consistent Learner,Database,3,46,77,9,82,634,6,34,Intermediate,Machine Learning,Low
3349,Struggling Student,Operating Systems,2,16,38,6,54,108,1,7,Beginner,Programming Basics,High
3350,Struggling Student,Database,2,12,44,2,54,98,1,6,Beginner,Programming Fundamentals,High
3351,Consistent Learner,Computer Networks,4,51,77,10,83,417,6,23,Intermediate,Algorithms,Low
3352,Inactive Student,Operating Systems,1,2,16,1,10,18,0,2,Beginner,Introduction to C++,High
3353,Casual Learner,Database,3,15,68,8,73,233,2,13,Intermediate,Database Systems,Medium
3354,Struggling Student,Database,1,12,43,6,43,72,1,2,Beginner,Programming Fundamentals,High
3355,Inactive Student,Computer Networks,1,4,11,2,4,34,1,1,Beginner,Programming Fundamentals,High
3356,Casual Learner,Machine Learning,3,34,57,5,62,242,3,23,Intermediate,Database Systems,Medium
3357,High Achiever,Computer Networks,4,56,100,19,99,1055,6,75,Advanced,Advanced Algorithms,Low
3358,Inactive Student,Machine Learning,1,0,1,0,9,42,1,1,Beginner,Programming Basics,High
3359,Consistent Learner,Web Development,3,35,85,14,85,551,6,30,Intermediate,Operating Systems,Low
3360,Casual Learner,Web Development,2,34,54,4,69,300,4,13,Intermediate,Web Development,Medium
3361,Struggling Student,Database,2,9,32,2,49,82,1,8,Beginner,Programming Basics,High
3362,Casual Learner,Machine Learning,3,30,75,5,62,247,3,7,Intermediate,Database Systems,Medium
3363,Consistent Learner,Database,3,43,86,14,79,492,5,48,Intermediate,Database Systems,Low
3364,Casual Learner,Machine Learning,3,33,67,8,74,300,3,14,Intermediate,Database Systems,Medium
3365,Consistent Learner,Database,4,44,77,9,83,402,4,59,Intermediate,Algorithms,Low
3366,Struggling Student,Machine Learning,1,11,48,2,50,137,2,3,Beginner,Programming Fundamentals,High
3367,Casual Learner,Computer Networks,2,33,56,6,72,243,4,24,Intermediate,Data Structures,Medium
3368,High Achiever,Operating Systems,5,71,94,16,95,1009,6,94,Advanced,Advanced Algorithms,Low
3369,Struggling Student,Database,2,6,49,2,51,112,2,3,Beginner,Programming Fundamentals,High
3370,High Achiever,DSA,4,80,97,12,98,914,7,118,Advanced,Deep Learning,Low
3371,Casual Learner,Operating Systems,3,22,53,7,61,213,4,9,Intermediate,Database Systems,Medium
3372,Casual Learner,Database,2,22,51,5,74,352,2,25,Intermediate,Computer Networks,Medium
3373,Struggling Student,Web Development,1,13,33,3,49,98,2,6,Beginner,Introduction to C++,High
3374,Consistent Learner,Programming,3,39,77,9,75,651,6,31,Intermediate,Computer Networks,Low
3375,Inactive Student,Machine Learning,1,0,12,1,4,20,1,1,Beginner,Programming Fundamentals,High
3376,Struggling Student,Database,2,11,27,4,53,101,2,2,Beginner,Programming Fundamentals,High
3377,Inactive Student,DSA,1,5,17,2,33,11,1,0,Beginner,Programming Basics,High
3378,Inactive Student,Computer Networks,1,4,17,1,27,37,0,1,Beginner,Programming Fundamentals,High
3379,Consistent Learner,Machine Learning,4,40,80,13,84,629,4,41,Intermediate,Algorithms,Low
3380,High Achiever,Programming,4,76,92,20,96,1143,7,51,Advanced,Advanced Algorithms,Low
3381,Struggling Student,DSA,1,16,25,2,46,171,2,7,Beginner,Programming Fundamentals,High
3382,Casual Learner,Database,2,29,73,7,72,214,3,22,Intermediate,Computer Networks,Medium
3383,Casual Learner,Database,2,30,54,8,74,369,3,5,Intermediate,Computer Networks,Medium
3384,Consistent Learner,Programming,4,49,82,14,83,624,4,20,Intermediate,Machine Learning,Low
3385,Consistent Learner,Machine Learning,3,42,83,13,86,588,5,35,Intermediate,Machine Learning,Low
3386,Struggling Student,DSA,1,15,24,5,55,142,1,1,Beginner,Introduction to C++,High
3387,Consistent Learner,Database,4,53,90,9,76,464,5,34,Intermediate,Computer Networks,Low
3388,Casual Learner,Operating Systems,2,20,67,6,74,185,3,10,Intermediate,Database Systems,Medium
3389,High Achiever,Computer Networks,4,65,95,17,92,1165,7,106,Advanced,Advanced Algorithms,Low
3390,Struggling Student,Computer Networks,1,14,45,5,54,143,1,5,Beginner,Programming Basics,High
3391,High Achiever,Web Development,4,66,99,18,98,1101,7,91,Advanced,Advanced Algorithms,Low
3392,Casual Learner,Machine Learning,3,25,62,8,60,256,3,21,Intermediate,Web Development,Medium
3393,Inactive Student,Database,1,5,13,1,14,13,0,2,Beginner,Programming Basics,High
3394,Casual Learner,Programming,2,24,67,8,70,270,4,19,Intermediate,Computer Networks,Medium
3395,Casual Learner,Programming,3,20,57,8,68,260,4,23,Intermediate,Web Development,Medium
3396,Struggling Student,DSA,2,9,21,5,53,63,2,4,Beginner,Programming Basics,High
3397,High Achiever,Computer Networks,4,62,93,20,88,1055,6,70,Advanced,Operating Systems,Low
3398,Inactive Student,Web Development,1,0,12,0,34,14,0,1,Beginner,Introduction to C++,High
3399,Casual Learner,Programming,3,32,74,4,61,318,4,5,Intermediate,Object-Oriented Programming,Medium
3400,Consistent Learner,DSA,3,49,83,14,81,566,5,49,Intermediate,Algorithms,Low
3401,High Achiever,Computer Networks,5,70,92,20,100,935,6,80,Advanced,Deep Learning,Low
3402,Consistent Learner,Web Development,4,49,84,10,90,574,6,41,Intermediate,Advanced Algorithms,Low
3403,Casual Learner,Database,2,25,60,5,72,214,4,25,Intermediate,Data Structures,Medium
3404,Casual Learner,Database,3,24,52,8,67,339,3,10,Intermediate,Web Development,Medium
3405,Consistent Learner,Computer Networks,4,39,76,11,80,438,5,40,Intermediate,Algorithms,Low
3406,Struggling Student,Machine Learning,1,6,29,4,55,97,2,6,Beginner,Programming Basics,High
3407,High Achiever,DSA,4,80,100,14,95,1022,7,119,Advanced,Deep Learning,Low
3408,Casual Learner,Programming,2,24,51,5,71,354,2,10,Intermediate,Computer Networks,Medium
3409,Inactive Student,Operating Systems,1,1,9,1,0,47,0,2,Beginner,Programming Basics,High
3410,Inactive Student,Web Development,1,1,9,2,1,36,1,0,Beginner,Programming Basics,High
3411,Struggling Student,Programming,1,10,42,3,51,121,2,1,Beginner,Programming Fundamentals,High
3412,High Achiever,Operating Systems,5,74,94,13,90,1109,6,59,Advanced,Deep Learning,Low
3413,Consistent Learner,Programming,3,52,77,14,78,504,5,34,Intermediate,Database Systems,Low
3414,Struggling Student,Computer Networks,2,12,22,3,46,136,2,3,Beginner,Introduction to C++,High
3415,Casual Learner,Web Development,2,20,65,5,69,389,2,8,Intermediate,Object-Oriented Programming,Medium
3416,Consistent Learner,Operating Systems,3,54,77,13,81,657,4,34,Intermediate,Algorithms,Low
3417,High Achiever,Machine Learning,5,72,90,14,97,969,6,111,Advanced,Advanced Algorithms,Low
3418,Casual Learner,Computer Networks,2,33,62,7,69,387,3,10,Intermediate,Object-Oriented Programming,Medium
3419,High Achiever,Machine Learning,4,76,99,12,96,778,6,67,Advanced,Machine Learning,Low
3420,Consistent Learner,Machine Learning,3,38,89,9,82,620,6,45,Intermediate,Machine Learning,Low
3421,High Achiever,Database,4,70,91,12,98,811,6,119,Advanced,Machine Learning,Low
3422,Struggling Student,Operating Systems,2,9,21,4,40,74,1,4,Beginner,Programming Basics,High
3423,High Achiever,DSA,5,80,94,17,94,714,7,49,Advanced,Deep Learning,Low
3424,Struggling Student,Web Development,2,10,21,5,54,104,1,6,Beginner,Programming Fundamentals,High
3425,Struggling Student,Web Development,1,8,22,5,46,75,2,1,Beginner,Programming Basics,High
3426,Casual Learner,Computer Networks,2,17,70,4,70,377,4,19,Intermediate,Data Structures,Medium
3427,Inactive Student,Operating Systems,1,4,19,1,13,3,1,1,Beginner,Introduction to C++,High
3428,High Achiever,Database,5,67,99,18,94,1051,6,57,Advanced,Machine Learning,Low
3429,Consistent Learner,Web Development,3,35,90,8,85,667,4,21,Intermediate,Operating Systems,Low
3430,Casual Learner,Programming,3,35,51,8,73,230,2,10,Intermediate,Data Structures,Medium
3431,Consistent Learner,Operating Systems,3,47,85,12,90,550,5,54,Intermediate,Advanced Algorithms,Low
3432,Casual Learner,DSA,2,22,64,6,60,395,4,20,Intermediate,Object-Oriented Programming,Medium
3433,High Achiever,Operating Systems,5,72,92,17,96,1184,7,75,Advanced,Deep Learning,Low
3434,Consistent Learner,Operating Systems,3,41,78,12,88,412,4,39,Intermediate,Operating Systems,Low
3435,Struggling Student,Operating Systems,1,11,35,6,57,176,1,8,Beginner,Programming Basics,High
3436,Consistent Learner,Machine Learning,3,39,82,12,75,416,5,35,Intermediate,Database Systems,Low
3437,Consistent Learner,Database,4,48,88,14,83,664,5,50,Intermediate,Operating Systems,Low
3438,Consistent Learner,Web Development,3,50,77,9,76,604,4,26,Intermediate,Database Systems,Low
3439,Consistent Learner,DSA,4,50,87,8,78,533,5,52,Intermediate,Database Systems,Low
3440,High Achiever,Programming,4,78,94,16,100,740,7,96,Advanced,Machine Learning,Low
3441,Casual Learner,Computer Networks,3,21,72,7,62,198,3,22,Intermediate,Database Systems,Medium
3442,High Achiever,Database,5,55,93,18,89,745,6,91,Advanced,Operating Systems,Low
3443,Struggling Student,Operating Systems,2,10,30,4,52,104,2,3,Beginner,Programming Fundamentals,High
3444,Consistent Learner,DSA,4,51,83,14,82,655,5,25,Intermediate,Machine Learning,Low
3445,Struggling Student,DSA,2,17,41,4,60,147,2,5,Beginner,Database Systems,High
3446,Struggling Student,Database,2,17,33,2,40,89,1,2,Beginner,Programming Basics,High
3447,Casual Learner,Web Development,2,19,65,5,67,313,3,23,Intermediate,Database Systems,Medium
3448,Inactive Student,Computer Networks,1,1,3,2,28,47,0,1,Beginner,Programming Fundamentals,High
3449,Consistent Learner,Database,3,53,85,14,89,410,6,32,Intermediate,Machine Learning,Low
3450,High Achiever,Computer Networks,4,68,100,17,88,978,6,48,Advanced,Algorithms,Low
3451,Casual Learner,Computer Networks,3,15,57,6,68,323,3,11,Intermediate,Web Development,Medium
3452,Inactive Student,Operating Systems,1,3,1,0,26,11,1,2,Beginner,Introduction to C++,High
3453,Struggling Student,Machine Learning,2,16,23,4,45,136,2,5,Beginner,Introduction to C++,High
3454,Casual Learner,Web Development,3,33,60,6,64,393,2,20,Intermediate,Web Development,Medium
3455,Casual Learner,Database,3,19,65,6,65,308,2,5,Intermediate,Object-Oriented Programming,Medium
3456,Casual Learner,Computer Networks,2,35,64,5,68,258,3,23,Intermediate,Web Development,Medium
3457,Struggling Student,Computer Networks,2,14,25,3,50,146,1,7,Beginner,Programming Fundamentals,High
3458,Consistent Learner,DSA,3,48,83,13,90,446,6,22,Intermediate,Machine Learning,Low
3459,High Achiever,Programming,5,72,91,14,98,1064,7,83,Advanced,Deep Learning,Low
3460,Casual Learner,Programming,2,16,58,8,69,323,3,7,Intermediate,Web Development,Medium
3461,Inactive Student,Database,1,1,20,2,40,54,0,1,Beginner,Programming Fundamentals,High
3462,Consistent Learner,DSA,3,55,81,11,80,673,5,42,Intermediate,Machine Learning,Low
3463,Casual Learner,Machine Learning,2,21,51,5,73,263,3,13,Intermediate,Computer Networks,Medium
3464,Casual Learner,Computer Networks,3,18,52,6,64,366,4,7,Intermediate,Web Development,Medium
3465,Struggling Student,Web Development,1,15,48,6,59,95,1,1,Beginner,Introduction to C++,High
3466,Struggling Student,Programming,1,11,23,2,49,179,2,5,Beginner,Introduction to C++,High
3467,Consistent Learner,Computer Networks,3,38,82,8,89,585,5,31,Intermediate,Operating Systems,Low
3468,Struggling Student,Operating Systems,2,8,50,6,57,169,2,3,Beginner,Programming Basics,High
3469,Casual Learner,Computer Networks,3,24,67,7,74,181,2,20,Intermediate,Computer Networks,Medium
3470,Casual Learner,Programming,2,25,57,5,70,204,2,7,Intermediate,Computer Networks,Medium
3471,Struggling Student,Machine Learning,1,13,25,3,52,121,1,7,Beginner,Programming Fundamentals,High
3472,Casual Learner,Computer Networks,2,19,67,7,71,364,2,22,Intermediate,Data Structures,Medium
3473,Struggling Student,Computer Networks,2,12,22,5,49,111,1,2,Beginner,Programming Fundamentals,High
3474,High Achiever,Programming,4,76,97,12,100,1083,6,97,Advanced,Machine Learning,Low
3475,Struggling Student,Web Development,1,13,40,6,53,177,2,4,Beginner,Programming Basics,High
3476,High Achiever,Operating Systems,4,73,98,15,92,958,7,116,Advanced,Machine Learning,Low
3477,Casual Learner,Computer Networks,3,30,73,6,74,284,4,10,Intermediate,Computer Networks,Medium
3478,Casual Learner,Programming,3,24,71,6,70,281,3,19,Intermediate,Data Structures,Medium
3479,Casual Learner,Web Development,3,23,52,8,65,308,2,19,Intermediate,Web Development,Medium
3480,Consistent Learner,Web Development,4,35,76,9,84,570,4,29,Intermediate,Algorithms,Low
3481,Consistent Learner,DSA,4,54,82,8,81,464,6,44,Intermediate,Operating Systems,Low
3482,Inactive Student,Database,1,2,5,1,28,14,0,0,Beginner,Programming Fundamentals,High
3483,Inactive Student,Operating Systems,1,0,14,1,2,46,1,0,Beginner,Introduction to C++,High
3484,High Achiever,Machine Learning,5,59,100,14,92,938,7,101,Advanced,Deep Learning,Low
3485,High Achiever,Database,4,70,100,12,88,1068,7,66,Advanced,Machine Learning,Low
3486,Struggling Student,Operating Systems,2,14,49,3,46,77,2,7,Beginner,Programming Basics,High
3487,Consistent Learner,Database,3,39,86,13,87,481,6,34,Intermediate,Machine Learning,Low
3488,High Achiever,Operating Systems,4,70,100,14,90,872,6,53,Advanced,Machine Learning,Low
3489,Consistent Learner,DSA,4,36,75,12,84,472,6,33,Intermediate,Machine Learning,Low
3490,Inactive Student,Programming,1,1,14,0,17,12,0,0,Beginner,Programming Basics,High
3491,Casual Learner,Computer Networks,2,32,58,6,72,342,2,9,Intermediate,Database Systems,Medium
3492,Casual Learner,Machine Learning,2,23,64,5,74,205,4,21,Intermediate,Computer Networks,Medium
3493,Casual Learner,Database,2,30,63,8,72,318,2,25,Intermediate,Computer Networks,Medium
3494,Consistent Learner,Database,4,44,84,13,79,449,5,51,Intermediate,Computer Networks,Low
3495,Casual Learner,Operating Systems,2,29,69,5,73,254,2,15,Intermediate,Data Structures,Medium
3496,Struggling Student,Computer Networks,2,8,40,6,53,126,2,4,Beginner,Introduction to C++,High
3497,Struggling Student,DSA,1,15,45,6,41,88,2,8,Beginner,Programming Fundamentals,High
3498,Casual Learner,Operating Systems,2,21,52,6,60,240,2,8,Intermediate,Web Development,Medium
3499,Casual Learner,Operating Systems,3,26,75,6,62,354,4,5,Intermediate,Object-Oriented Programming,Medium
3500,Consistent Learner,Web Development,4,48,87,13,76,606,6,49,Intermediate,Data Structures,Low
3501,Inactive Student,Web Development,1,3,15,0,19,53,1,0,Beginner,Programming Basics,High
3502,Casual Learner,Database,2,15,57,8,70,227,3,9,Intermediate,Database Systems,Medium
3503,Consistent Learner,DSA,3,45,86,12,87,523,6,48,Intermediate,Machine Learning,Low
3504,Consistent Learner,Computer Networks,4,42,83,12,85,547,4,32,Intermediate,Operating Systems,Low
3505,Casual Learner,Database,3,28,61,7,71,230,2,20,Intermediate,Data Structures,Medium
3506,Casual Learner,DSA,2,16,54,4,60,349,2,19,Intermediate,Object-Oriented Programming,Medium
3507,Consistent Learner,Web Development,3,40,86,13,87,636,4,31,Intermediate,Algorithms,Low
3508,Inactive Student,DSA,1,2,16,1,17,36,0,2,Beginner,Programming Basics,High
3509,Casual Learner,Web Development,2,18,68,4,61,334,2,14,Intermediate,Web Development,Medium
3510,Casual Learner,Web Development,2,29,56,5,73,259,3,19,Intermediate,Computer Networks,Medium
3511,Struggling Student,Computer Networks,1,15,35,6,51,138,2,5,Beginner,Programming Basics,High
3512,Casual Learner,Web Development,2,34,71,4,66,306,2,18,Intermediate,Database Systems,Medium
3513,Inactive Student,Operating Systems,1,5,11,2,35,6,0,1,Beginner,Introduction to C++,High
3514,Struggling Student,Operating Systems,1,16,28,5,53,133,2,5,Beginner,Introduction to C++,High
3515,Struggling Student,Computer Networks,1,13,34,6,41,155,2,3,Beginner,Programming Fundamentals,High
3516,Inactive Student,Programming,1,5,10,1,27,22,0,2,Beginner,Programming Basics,High
3517,Casual Learner,Operating Systems,3,29,64,4,67,293,3,12,Intermediate,Database Systems,Medium
3518,Consistent Learner,Machine Learning,4,51,85,12,81,657,4,45,Intermediate,Algorithms,Low
3519,Struggling Student,Programming,1,8,21,6,58,142,2,5,Beginner,Introduction to C++,High
3520,Struggling Student,Computer Networks,1,9,49,3,49,159,1,6,Beginner,Introduction to C++,High
3521,Casual Learner,Machine Learning,3,20,53,5,63,355,3,17,Intermediate,Object-Oriented Programming,Medium
3522,Struggling Student,Machine Learning,2,6,20,6,57,65,1,6,Beginner,Introduction to C++,High
3523,Casual Learner,Database,3,28,50,6,61,234,3,17,Intermediate,Database Systems,Medium
3524,Casual Learner,Web Development,3,33,53,4,73,200,2,10,Intermediate,Data Structures,Medium
3525,Struggling Student,Programming,1,16,38,5,50,104,2,2,Beginner,Programming Fundamentals,High
3526,Casual Learner,Computer Networks,2,16,75,6,63,260,4,24,Intermediate,Object-Oriented Programming,Medium
3527,Consistent Learner,Database,3,52,88,13,87,400,4,34,Intermediate,Operating Systems,Low
3528,Consistent Learner,Computer Networks,3,35,80,12,85,646,4,53,Intermediate,Algorithms,Low
3529,High Achiever,Programming,4,60,94,17,95,748,6,87,Advanced,Advanced Algorithms,Low
3530,High Achiever,Computer Networks,4,74,94,13,91,1167,7,120,Advanced,Advanced Algorithms,Low
3531,Consistent Learner,Database,4,38,78,13,82,695,5,54,Intermediate,Machine Learning,Low
3532,High Achiever,Web Development,5,57,97,12,96,705,7,118,Advanced,Machine Learning,Low
3533,Casual Learner,DSA,2,32,72,6,60,305,4,8,Intermediate,Web Development,Medium
3534,Casual Learner,DSA,2,21,54,4,66,251,4,16,Intermediate,Object-Oriented Programming,Medium
3535,Inactive Student,Programming,1,4,8,0,3,60,0,1,Beginner,Programming Fundamentals,High
3536,High Achiever,Web Development,5,66,98,20,93,897,6,97,Advanced,Deep Learning,Low
3537,Casual Learner,Web Development,3,18,52,5,73,381,4,9,Intermediate,Computer Networks,Medium
3538,High Achiever,DSA,4,67,99,17,89,919,7,102,Advanced,Operating Systems,Low
3539,High Achiever,Programming,4,72,96,12,98,732,6,55,Advanced,Advanced Algorithms,Low
3540,Struggling Student,Operating Systems,1,18,41,6,59,178,1,4,Beginner,Programming Basics,High
3541,Consistent Learner,Database,4,53,79,8,88,477,4,27,Intermediate,Machine Learning,Low
3542,Struggling Student,Database,2,13,41,6,59,168,1,1,Beginner,Programming Fundamentals,High
3543,Struggling Student,Computer Networks,1,14,44,5,57,66,2,6,Beginner,Programming Basics,High
3544,Consistent Learner,Programming,3,39,76,14,81,616,4,53,Intermediate,Algorithms,Low
3545,Casual Learner,Database,2,32,74,4,68,245,4,18,Intermediate,Object-Oriented Programming,Medium
3546,Struggling Student,Computer Networks,1,16,39,5,43,92,1,4,Beginner,Introduction to C++,High
3547,Casual Learner,Database,3,23,68,6,60,389,3,5,Intermediate,Web Development,Medium
3548,Casual Learner,Operating Systems,3,31,51,7,64,357,3,13,Intermediate,Database Systems,Medium
3549,Consistent Learner,Machine Learning,3,54,86,12,76,649,5,29,Intermediate,Computer Networks,Low
3550,Inactive Student,Programming,1,2,4,2,39,42,0,1,Beginner,Programming Fundamentals,High
3551,Consistent Learner,Operating Systems,4,48,80,10,81,673,5,49,Intermediate,Machine Learning,Low
3552,Struggling Student,Machine Learning,1,14,45,4,46,65,1,7,Beginner,Introduction to C++,High
3553,Casual Learner,Machine Learning,3,18,65,6,72,312,3,23,Intermediate,Data Structures,Medium
3554,High Achiever,Operating Systems,5,59,99,19,94,743,6,89,Advanced,Deep Learning,Low
3555,High Achiever,Computer Networks,5,68,90,15,92,1005,6,74,Advanced,Deep Learning,Low
3556,Struggling Student,Machine Learning,2,12,40,2,43,110,2,7,Beginner,Programming Basics,High
3557,Struggling Student,Computer Networks,2,18,41,4,41,80,1,6,Beginner,Introduction to C++,High
3558,Inactive Student,DSA,1,0,4,1,9,17,0,0,Beginner,Introduction to C++,High
3559,Consistent Learner,Operating Systems,4,36,75,12,85,667,6,39,Intermediate,Operating Systems,Low
3560,Consistent Learner,Programming,4,40,78,10,76,573,4,20,Intermediate,Computer Networks,Low
3561,Consistent Learner,Computer Networks,3,45,81,14,77,496,6,27,Intermediate,Computer Networks,Low
3562,Consistent Learner,Web Development,3,45,82,10,79,524,4,28,Intermediate,Computer Networks,Low
3563,Struggling Student,Programming,1,14,22,3,58,94,2,4,Beginner,Programming Fundamentals,High
3564,High Achiever,Operating Systems,5,77,100,13,92,1141,6,108,Advanced,Deep Learning,Low
3565,Casual Learner,Database,2,35,64,7,64,356,3,6,Intermediate,Object-Oriented Programming,Medium
3566,High Achiever,Programming,5,71,92,15,89,811,7,119,Advanced,Operating Systems,Low
3567,Struggling Student,Computer Networks,1,13,23,2,41,162,2,3,Beginner,Introduction to C++,High
3568,Consistent Learner,Web Development,4,49,88,14,81,570,5,52,Intermediate,Machine Learning,Low
3569,Casual Learner,Database,3,19,63,5,69,308,4,22,Intermediate,Object-Oriented Programming,Medium
3570,Consistent Learner,Operating Systems,4,55,79,10,84,551,6,31,Intermediate,Algorithms,Low
3571,Casual Learner,DSA,3,18,52,7,65,321,2,15,Intermediate,Object-Oriented Programming,Medium
3572,Inactive Student,Database,1,2,11,0,35,47,0,2,Beginner,Introduction to C++,High
3573,Consistent Learner,Database,4,47,90,11,87,593,6,22,Intermediate,Operating Systems,Low
3574,High Achiever,Machine Learning,5,64,95,20,95,740,6,47,Advanced,Advanced Algorithms,Low
3575,Casual Learner,DSA,2,21,72,7,71,334,2,8,Intermediate,Database Systems,Medium
3576,Struggling Student,Computer Networks,1,11,24,2,60,64,2,5,Beginner,Web Development,High
3577,Struggling Student,Programming,2,17,50,4,47,60,1,1,Beginner,Introduction to C++,High
3578,High Achiever,Database,5,59,99,18,92,880,7,79,Advanced,Deep Learning,Low
3579,Inactive Student,DSA,1,0,19,2,30,6,0,2,Beginner,Introduction to C++,High
3580,Consistent Learner,Operating Systems,3,43,89,9,88,639,4,25,Intermediate,Algorithms,Low
3581,Struggling Student,Computer Networks,1,17,40,4,47,97,2,8,Beginner,Introduction to C++,High
3582,Struggling Student,Machine Learning,2,18,37,5,60,68,1,8,Beginner,Web Development,High
3583,Casual Learner,Computer Networks,2,18,61,8,64,307,4,13,Intermediate,Object-Oriented Programming,Medium
3584,Casual Learner,DSA,2,30,59,8,61,233,2,8,Intermediate,Object-Oriented Programming,Medium
3585,Consistent Learner,DSA,4,43,76,11,75,548,5,33,Intermediate,Computer Networks,Low
3586,High Achiever,Database,4,80,96,20,95,858,7,100,Advanced,Advanced Algorithms,Low
3587,Struggling Student,Database,1,12,20,3,52,109,2,6,Beginner,Introduction to C++,High
3588,High Achiever,Computer Networks,5,67,92,14,96,1136,6,55,Advanced,Machine Learning,Low
3589,Struggling Student,Computer Networks,1,6,38,3,56,113,1,8,Beginner,Programming Fundamentals,High
3590,Struggling Student,Operating Systems,2,7,33,4,46,136,1,4,Beginner,Programming Basics,High
3591,Inactive Student,Computer Networks,1,2,20,2,27,36,0,2,Beginner,Programming Basics,High
3592,Inactive Student,Web Development,1,5,12,0,17,34,1,0,Beginner,Programming Basics,High
3593,Consistent Learner,Database,4,41,85,12,83,696,6,25,Intermediate,Algorithms,Low
3594,Inactive Student,Computer Networks,1,2,13,1,6,9,1,0,Beginner,Programming Basics,High
3595,High Achiever,Web Development,4,69,98,13,95,1087,6,79,Advanced,Advanced Algorithms,Low
3596,Struggling Student,DSA,2,9,40,6,43,70,2,6,Beginner,Programming Fundamentals,High
3597,Consistent Learner,Database,4,53,83,9,77,526,5,56,Intermediate,Data Structures,Low
3598,Inactive Student,DSA,1,3,6,2,25,21,1,0,Beginner,Introduction to C++,High
3599,Consistent Learner,Web Development,4,50,90,10,81,584,6,47,Intermediate,Algorithms,Low
3600,Consistent Learner,Operating Systems,4,37,90,10,77,699,5,34,Intermediate,Computer Networks,Low
3601,High Achiever,Machine Learning,5,60,96,19,90,798,6,117,Advanced,Advanced Algorithms,Low
3602,High Achiever,Operating Systems,5,67,91,17,88,716,6,49,Advanced,Algorithms,Low
3603,Consistent Learner,Programming,4,44,75,10,84,493,6,32,Intermediate,Machine Learning,Low
3604,Inactive Student,Web Development,1,4,5,0,16,37,0,0,Beginner,Programming Basics,High
3605,Struggling Student,Machine Learning,2,6,45,5,48,165,2,1,Beginner,Introduction to C++,High
3606,Struggling Student,Operating Systems,1,10,48,5,47,127,1,7,Beginner,Introduction to C++,High
3607,Casual Learner,Machine Learning,3,29,71,5,72,295,2,6,Intermediate,Computer Networks,Medium
3608,Casual Learner,Programming,2,20,74,5,74,226,3,14,Intermediate,Data Structures,Medium
3609,Casual Learner,Programming,3,31,75,7,74,220,3,16,Intermediate,Computer Networks,Medium
3610,Inactive Student,Programming,1,5,20,1,23,58,1,2,Beginner,Programming Basics,High
3611,Consistent Learner,Web Development,4,35,78,8,85,557,6,59,Intermediate,Algorithms,Low
3612,Struggling Student,Web Development,2,8,40,3,53,60,2,6,Beginner,Introduction to C++,High
3613,Casual Learner,Computer Networks,3,17,51,8,70,352,4,20,Intermediate,Data Structures,Medium
3614,Inactive Student,Machine Learning,1,3,15,2,18,53,0,2,Beginner,Programming Basics,High
3615,Inactive Student,Web Development,1,2,8,1,3,10,1,0,Beginner,Programming Basics,High
3616,Casual Learner,Operating Systems,3,28,75,6,72,386,3,15,Intermediate,Computer Networks,Medium
3617,Casual Learner,Computer Networks,3,27,69,6,68,293,4,7,Intermediate,Database Systems,Medium
3618,Consistent Learner,Computer Networks,3,43,89,10,85,418,6,60,Intermediate,Algorithms,Low
3619,Consistent Learner,Operating Systems,4,42,89,11,80,402,6,37,Intermediate,Operating Systems,Low
3620,Struggling Student,Machine Learning,2,10,48,3,60,139,2,6,Beginner,Object-Oriented Programming,High
3621,Consistent Learner,Operating Systems,4,43,76,14,90,668,4,43,Intermediate,Machine Learning,Low
3622,Casual Learner,DSA,3,27,68,5,65,364,4,8,Intermediate,Object-Oriented Programming,Medium
3623,Casual Learner,Web Development,3,31,51,6,60,301,2,19,Intermediate,Object-Oriented Programming,Medium
3624,High Achiever,Operating Systems,5,57,95,12,99,1150,7,67,Advanced,Machine Learning,Low
3625,Struggling Student,Computer Networks,2,18,20,4,43,65,1,7,Beginner,Introduction to C++,High
3626,Casual Learner,Operating Systems,3,35,68,7,66,231,3,17,Intermediate,Database Systems,Medium
3627,Consistent Learner,Web Development,4,47,88,13,76,526,4,28,Intermediate,Database Systems,Low
3628,Consistent Learner,Operating Systems,4,43,78,10,79,427,6,56,Intermediate,Database Systems,Low
3629,Struggling Student,Programming,1,6,20,3,60,122,2,1,Beginner,Database Systems,High
3630,Struggling Student,Programming,2,6,32,4,56,93,2,8,Beginner,Programming Fundamentals,High
3631,Casual Learner,DSA,2,22,50,7,62,247,3,11,Intermediate,Database Systems,Medium
3632,Casual Learner,Computer Networks,3,23,72,7,66,398,3,5,Intermediate,Database Systems,Medium
3633,Casual Learner,Operating Systems,2,28,51,5,74,187,4,17,Intermediate,Computer Networks,Medium
3634,Casual Learner,Web Development,3,16,65,4,63,220,4,10,Intermediate,Object-Oriented Programming,Medium
3635,Struggling Student,Web Development,1,18,26,6,43,76,1,8,Beginner,Introduction to C++,High
3636,Consistent Learner,Machine Learning,4,38,81,9,90,610,6,48,Intermediate,Machine Learning,Low
3637,Consistent Learner,Computer Networks,3,50,77,14,76,607,6,43,Intermediate,Data Structures,Low
3638,Struggling Student,Operating Systems,2,9,21,5,41,118,1,5,Beginner,Introduction to C++,High
3639,Casual Learner,Database,2,15,57,6,71,298,2,18,Intermediate,Database Systems,Medium
3640,Casual Learner,Computer Networks,2,24,58,8,64,302,2,21,Intermediate,Object-Oriented Programming,Medium
3641,Casual Learner,DSA,2,29,67,8,67,382,4,17,Intermediate,Database Systems,Medium
3642,Consistent Learner,Programming,4,50,85,13,83,533,5,22,Intermediate,Operating Systems,Low
3643,Casual Learner,Machine Learning,3,33,56,4,66,227,4,6,Intermediate,Database Systems,Medium
3644,Casual Learner,Database,3,15,72,6,64,288,4,24,Intermediate,Object-Oriented Programming,Medium
3645,High Achiever,Database,4,61,100,12,90,1010,7,88,Advanced,Machine Learning,Low
3646,Consistent Learner,Machine Learning,3,42,86,14,87,580,5,20,Intermediate,Algorithms,Low
3647,High Achiever,Machine Learning,4,80,95,16,100,1106,6,63,Advanced,Advanced Algorithms,Low
3648,Casual Learner,DSA,2,18,54,8,71,235,2,22,Intermediate,Database Systems,Medium
3649,High Achiever,Database,4,61,91,20,90,1058,6,89,Advanced,Advanced Algorithms,Low
3650,High Achiever,Programming,5,71,91,12,97,821,6,84,Advanced,Deep Learning,Low
3651,Casual Learner,Computer Networks,3,21,66,6,74,373,3,24,Intermediate,Database Systems,Medium
3652,Struggling Student,Machine Learning,1,9,46,4,60,147,2,4,Beginner,Web Development,High
3653,Struggling Student,Database,1,13,25,5,44,170,1,3,Beginner,Introduction to C++,High
3654,Inactive Student,Operating Systems,1,1,18,1,6,32,1,0,Beginner,Introduction to C++,High
3655,Consistent Learner,Web Development,4,51,77,10,85,421,4,23,Intermediate,Operating Systems,Low
3656,High Achiever,Web Development,5,64,94,20,95,898,6,83,Advanced,Machine Learning,Low
3657,Struggling Student,Operating Systems,2,13,37,4,58,154,1,6,Beginner,Programming Fundamentals,High
3658,High Achiever,Machine Learning,4,75,94,16,94,1064,7,45,Advanced,Machine Learning,Low
3659,Inactive Student,Programming,1,3,13,2,23,22,1,2,Beginner,Programming Fundamentals,High
3660,Struggling Student,DSA,2,18,30,6,56,69,1,3,Beginner,Programming Fundamentals,High
3661,Consistent Learner,Web Development,4,44,89,14,89,654,5,37,Intermediate,Machine Learning,Low
3662,Casual Learner,DSA,3,24,72,4,64,235,4,19,Intermediate,Object-Oriented Programming,Medium
3663,Struggling Student,Computer Networks,1,12,39,5,59,64,1,8,Beginner,Programming Basics,High
3664,Struggling Student,Operating Systems,2,10,39,4,57,166,2,7,Beginner,Introduction to C++,High
3665,Struggling Student,Computer Networks,1,11,33,3,46,146,2,7,Beginner,Programming Fundamentals,High
3666,Struggling Student,Programming,1,10,31,6,47,103,1,3,Beginner,Introduction to C++,High
3667,Casual Learner,Database,2,27,59,4,64,378,2,20,Intermediate,Object-Oriented Programming,Medium
3668,Casual Learner,Web Development,3,21,75,4,69,389,3,8,Intermediate,Web Development,Medium
3669,Casual Learner,Database,2,30,70,4,61,266,3,16,Intermediate,Database Systems,Medium
3670,Casual Learner,Operating Systems,3,26,61,8,70,392,3,18,Intermediate,Data Structures,Medium
3671,Inactive Student,Web Development,1,4,6,0,23,50,1,2,Beginner,Introduction to C++,High
3672,Casual Learner,Programming,3,15,59,8,62,187,4,18,Intermediate,Web Development,Medium
3673,High Achiever,DSA,4,70,91,17,93,1048,7,111,Advanced,Deep Learning,Low
3674,Struggling Student,Programming,2,14,27,3,52,131,2,1,Beginner,Programming Fundamentals,High
3675,Casual Learner,DSA,2,28,51,8,71,345,4,5,Intermediate,Data Structures,Medium
3676,High Achiever,Database,4,74,91,13,89,889,6,62,Advanced,Algorithms,Low
3677,Consistent Learner,Database,3,36,81,13,82,511,6,47,Intermediate,Algorithms,Low
3678,Casual Learner,Programming,2,15,71,5,74,312,2,25,Intermediate,Data Structures,Medium
3679,Casual Learner,Machine Learning,2,31,59,6,74,313,2,18,Intermediate,Database Systems,Medium
3680,Casual Learner,DSA,3,19,73,4,67,256,4,7,Intermediate,Object-Oriented Programming,Medium
3681,Consistent Learner,Computer Networks,4,48,84,11,83,476,6,46,Intermediate,Machine Learning,Low
3682,Consistent Learner,Programming,4,49,81,14,80,653,6,47,Intermediate,Machine Learning,Low
3683,Consistent Learner,Machine Learning,4,51,77,13,90,627,5,37,Intermediate,Advanced Algorithms,Low
3684,Casual Learner,Database,3,31,64,4,69,245,3,24,Intermediate,Object-Oriented Programming,Medium
3685,Inactive Student,Machine Learning,1,4,10,0,5,51,1,1,Beginner,Introduction to C++,High
3686,Casual Learner,Computer Networks,2,21,69,6,60,219,4,17,Intermediate,Web Development,Medium
3687,Struggling Student,Operating Systems,2,9,44,6,52,109,2,2,Beginner,Programming Basics,High
3688,Casual Learner,Machine Learning,2,19,68,5,67,350,4,25,Intermediate,Web Development,Medium
3689,High Achiever,Web Development,5,59,92,12,91,939,6,69,Advanced,Deep Learning,Low
3690,Struggling Student,Operating Systems,2,5,32,2,46,125,2,8,Beginner,Introduction to C++,High
3691,Struggling Student,Machine Learning,2,12,36,3,41,178,2,6,Beginner,Introduction to C++,High
3692,Casual Learner,Computer Networks,3,29,71,7,71,391,3,21,Intermediate,Database Systems,Medium
3693,Casual Learner,Programming,2,26,60,4,64,281,4,20,Intermediate,Web Development,Medium
3694,Casual Learner,Computer Networks,3,34,58,5,73,237,2,19,Intermediate,Data Structures,Medium
3695,Consistent Learner,Programming,4,48,86,9,83,529,4,22,Intermediate,Algorithms,Low
3696,Consistent Learner,Programming,4,49,83,11,78,588,4,23,Intermediate,Data Structures,Low
3697,Consistent Learner,Computer Networks,3,53,86,13,75,574,5,43,Intermediate,Computer Networks,Low
3698,High Achiever,DSA,5,72,95,12,96,744,7,64,Advanced,Machine Learning,Low
3699,Struggling Student,Computer Networks,2,11,33,3,45,169,2,1,Beginner,Introduction to C++,High
3700,High Achiever,DSA,4,55,96,12,99,1109,6,102,Advanced,Machine Learning,Low
3701,High Achiever,DSA,4,74,91,20,92,878,7,77,Advanced,Advanced Algorithms,Low
3702,Struggling Student,Web Development,2,14,39,2,50,168,1,8,Beginner,Programming Basics,High
3703,Struggling Student,Database,2,6,50,2,49,87,2,4,Beginner,Programming Basics,High
3704,Consistent Learner,Operating Systems,3,55,90,11,86,463,4,22,Intermediate,Machine Learning,Low
3705,High Achiever,Machine Learning,4,59,91,18,96,1000,7,76,Advanced,Deep Learning,Low
3706,Struggling Student,DSA,2,6,29,5,47,166,1,1,Beginner,Introduction to C++,High
3707,Consistent Learner,Machine Learning,3,49,84,9,77,491,5,47,Intermediate,Database Systems,Low
3708,Consistent Learner,Operating Systems,3,40,82,9,87,444,5,42,Intermediate,Machine Learning,Low
3709,Casual Learner,Web Development,2,23,64,6,70,266,2,18,Intermediate,Database Systems,Medium
3710,Inactive Student,Programming,1,5,7,1,40,57,1,2,Beginner,Programming Basics,High
3711,High Achiever,Computer Networks,5,58,90,12,93,1162,7,110,Advanced,Deep Learning,Low
3712,High Achiever,Machine Learning,4,65,97,13,100,736,6,50,Advanced,Advanced Algorithms,Low
3713,Casual Learner,Operating Systems,3,29,72,8,66,387,2,12,Intermediate,Database Systems,Medium
3714,Struggling Student,DSA,1,17,42,3,40,140,2,5,Beginner,Programming Fundamentals,High
3715,Consistent Learner,Machine Learning,4,37,88,10,90,428,5,57,Intermediate,Deep Learning,Low
3716,Consistent Learner,Operating Systems,3,51,82,8,79,538,4,45,Intermediate,Computer Networks,Low
3717,Consistent Learner,Computer Networks,4,55,85,13,78,693,4,29,Intermediate,Computer Networks,Low
3718,High Achiever,Programming,4,65,94,20,96,716,7,52,Advanced,Machine Learning,Low
3719,Casual Learner,DSA,3,27,74,6,67,237,3,11,Intermediate,Object-Oriented Programming,Medium
3720,High Achiever,Web Development,5,77,94,15,95,1058,6,40,Advanced,Advanced Algorithms,Low
3721,Struggling Student,Database,1,11,44,4,47,117,2,1,Beginner,Programming Fundamentals,High
3722,Casual Learner,Programming,3,15,73,6,74,195,2,10,Intermediate,Database Systems,Medium
3723,Struggling Student,Operating Systems,1,13,48,3,46,177,2,2,Beginner,Introduction to C++,High
3724,Casual Learner,Operating Systems,3,27,66,4,74,276,4,19,Intermediate,Database Systems,Medium
3725,High Achiever,Machine Learning,4,70,93,15,88,1090,6,47,Advanced,Operating Systems,Low
3726,Consistent Learner,Database,3,47,81,9,77,649,6,33,Intermediate,Database Systems,Low
3727,Consistent Learner,Web Development,3,51,83,13,84,422,5,42,Intermediate,Operating Systems,Low
3728,Struggling Student,Computer Networks,2,18,31,3,50,133,1,6,Beginner,Introduction to C++,High
3729,High Achiever,Web Development,5,66,90,16,94,792,6,100,Advanced,Advanced Algorithms,Low
3730,Struggling Student,Database,2,7,40,3,54,74,1,7,Beginner,Programming Basics,High
3731,Struggling Student,Operating Systems,2,17,43,2,43,131,2,1,Beginner,Programming Fundamentals,High
3732,High Achiever,Machine Learning,4,68,90,13,97,842,6,111,Advanced,Machine Learning,Low
3733,Casual Learner,Programming,2,21,54,7,72,350,2,21,Intermediate,Data Structures,Medium
3734,Consistent Learner,Operating Systems,4,49,90,14,90,425,4,37,Intermediate,Advanced Algorithms,Low
3735,Casual Learner,DSA,3,31,54,4,63,324,3,18,Intermediate,Web Development,Medium
3736,Casual Learner,Computer Networks,3,24,63,4,75,295,2,25,Intermediate,Database Systems,Medium
3737,Inactive Student,Database,1,3,18,2,7,37,0,0,Beginner,Programming Basics,High
3738,Consistent Learner,Operating Systems,3,41,86,11,82,691,6,49,Intermediate,Machine Learning,Low
3739,Struggling Student,Operating Systems,1,10,21,2,55,105,1,7,Beginner,Introduction to C++,High
3740,Struggling Student,Operating Systems,2,15,35,3,51,129,1,3,Beginner,Programming Fundamentals,High
3741,High Achiever,Computer Networks,5,63,98,19,92,955,7,117,Advanced,Machine Learning,Low
3742,Consistent Learner,Machine Learning,4,55,84,9,82,590,5,58,Intermediate,Operating Systems,Low
3743,Casual Learner,Operating Systems,2,20,61,5,61,395,2,24,Intermediate,Object-Oriented Programming,Medium
3744,High Achiever,Web Development,5,68,100,13,90,895,7,54,Advanced,Advanced Algorithms,Low
3745,High Achiever,Web Development,4,61,95,15,98,719,6,120,Advanced,Machine Learning,Low
3746,Consistent Learner,Machine Learning,4,52,81,8,85,601,6,28,Intermediate,Operating Systems,Low
3747,Struggling Student,Computer Networks,2,10,27,3,50,167,2,3,Beginner,Introduction to C++,High
3748,Casual Learner,Programming,2,34,71,6,75,244,3,21,Intermediate,Data Structures,Medium
3749,High Achiever,Machine Learning,4,67,99,15,92,1081,7,55,Advanced,Deep Learning,Low
3750,Consistent Learner,DSA,3,39,82,8,89,635,6,47,Intermediate,Machine Learning,Low
3751,Inactive Student,Programming,1,1,18,2,17,43,1,1,Beginner,Programming Fundamentals,High
3752,Casual Learner,Database,3,30,72,7,75,379,4,7,Intermediate,Database Systems,Medium
3753,Consistent Learner,Programming,3,44,81,10,85,505,5,35,Intermediate,Operating Systems,Low
3754,Inactive Student,Programming,1,0,10,1,22,2,0,1,Beginner,Programming Basics,High
3755,High Achiever,Database,4,78,93,18,97,1059,7,97,Advanced,Advanced Algorithms,Low
3756,Consistent Learner,Web Development,3,54,83,9,81,695,4,46,Intermediate,Operating Systems,Low
3757,Consistent Learner,Operating Systems,4,35,85,10,75,604,6,37,Intermediate,Data Structures,Low
3758,Struggling Student,Machine Learning,2,9,45,2,41,160,1,1,Beginner,Introduction to C++,High
3759,High Achiever,Web Development,5,63,99,15,93,842,6,54,Advanced,Machine Learning,Low
3760,High Achiever,Machine Learning,4,71,98,18,97,1157,6,67,Advanced,Machine Learning,Low
3761,Struggling Student,Operating Systems,1,10,34,4,46,127,2,2,Beginner,Programming Basics,High
3762,High Achiever,Computer Networks,5,56,93,16,95,889,7,46,Advanced,Advanced Algorithms,Low
3763,High Achiever,Operating Systems,5,64,100,14,94,795,7,82,Advanced,Deep Learning,Low
3764,Consistent Learner,DSA,3,40,78,14,82,574,6,36,Intermediate,Machine Learning,Low
3765,Casual Learner,Computer Networks,2,19,71,5,69,181,3,7,Intermediate,Database Systems,Medium
3766,Consistent Learner,Database,3,43,87,11,76,574,5,50,Intermediate,Computer Networks,Low
3767,High Achiever,Computer Networks,4,68,90,15,97,969,6,46,Advanced,Deep Learning,Low
3768,Casual Learner,Operating Systems,3,18,62,5,70,214,2,13,Intermediate,Computer Networks,Medium
3769,Struggling Student,Programming,1,5,49,3,45,97,1,8,Beginner,Introduction to C++,High
3770,Consistent Learner,Web Development,3,54,85,11,83,443,6,41,Intermediate,Machine Learning,Low
3771,High Achiever,DSA,4,68,96,17,99,1111,6,57,Advanced,Advanced Algorithms,Low
3772,Consistent Learner,Machine Learning,3,45,88,13,85,682,4,48,Intermediate,Operating Systems,Low
3773,Casual Learner,Computer Networks,3,30,67,5,61,360,3,10,Intermediate,Web Development,Medium
3774,Struggling Student,Machine Learning,1,7,22,6,43,142,1,5,Beginner,Programming Basics,High
3775,Casual Learner,Machine Learning,3,31,53,6,63,252,2,7,Intermediate,Object-Oriented Programming,Medium
3776,Struggling Student,Database,2,14,38,3,58,75,2,3,Beginner,Introduction to C++,High
3777,Consistent Learner,Programming,3,40,75,8,89,554,4,29,Intermediate,Algorithms,Low
3778,Casual Learner,Machine Learning,3,24,63,8,72,283,3,24,Intermediate,Database Systems,Medium
3779,Casual Learner,Computer Networks,2,29,55,8,63,243,4,17,Intermediate,Database Systems,Medium
3780,Struggling Student,Database,1,11,29,4,60,133,1,6,Beginner,Object-Oriented Programming,High
3781,Struggling Student,Computer Networks,1,13,40,2,43,72,1,1,Beginner,Programming Fundamentals,High
3782,Consistent Learner,DSA,3,38,86,11,80,520,5,31,Intermediate,Operating Systems,Low
3783,Consistent Learner,Computer Networks,3,39,79,13,83,602,4,45,Intermediate,Machine Learning,Low
3784,Struggling Student,Computer Networks,1,17,25,2,44,100,1,5,Beginner,Programming Basics,High
3785,Consistent Learner,Web Development,4,36,89,11,87,415,5,28,Intermediate,Operating Systems,Low
3786,Inactive Student,DSA,1,5,20,2,37,48,1,2,Beginner,Programming Fundamentals,High
3787,Inactive Student,Web Development,1,5,12,1,19,3,1,1,Beginner,Programming Basics,High
3788,High Achiever,Web Development,5,60,94,12,88,823,6,44,Advanced,Machine Learning,Low
3789,Struggling Student,Programming,2,7,29,5,44,104,2,3,Beginner,Introduction to C++,High
3790,Consistent Learner,Programming,4,52,81,12,80,648,5,34,Intermediate,Operating Systems,Low
3791,Casual Learner,Computer Networks,2,22,67,4,65,383,4,23,Intermediate,Object-Oriented Programming,Medium
3792,Inactive Student,Computer Networks,1,1,20,0,29,35,1,2,Beginner,Programming Basics,High
3793,Casual Learner,Computer Networks,2,23,55,5,71,296,4,12,Intermediate,Data Structures,Medium
3794,Casual Learner,Machine Learning,3,33,57,4,62,365,3,23,Intermediate,Web Development,Medium
3795,Consistent Learner,Programming,3,45,82,10,89,429,5,20,Intermediate,Machine Learning,Low
3796,Inactive Student,Computer Networks,1,0,15,1,23,0,1,2,Beginner,Introduction to C++,High
3797,Casual Learner,Machine Learning,3,21,75,6,74,276,4,18,Intermediate,Computer Networks,Medium
3798,Inactive Student,DSA,1,0,7,2,0,51,1,2,Beginner,Introduction to C++,High
3799,High Achiever,Operating Systems,5,72,94,17,92,1083,6,60,Advanced,Deep Learning,Low
3800,Casual Learner,Database,2,21,56,4,70,336,2,16,Intermediate,Database Systems,Medium
3801,High Achiever,Web Development,4,76,95,13,99,1060,6,43,Advanced,Advanced Algorithms,Low
3802,Casual Learner,Database,3,18,71,5,73,238,3,16,Intermediate,Computer Networks,Medium
3803,Casual Learner,Operating Systems,3,15,58,4,75,240,3,9,Intermediate,Data Structures,Medium
3804,Consistent Learner,DSA,4,50,89,14,76,501,6,31,Intermediate,Data Structures,Low
3805,Casual Learner,Machine Learning,2,19,66,4,74,196,4,24,Intermediate,Computer Networks,Medium
3806,Struggling Student,Operating Systems,1,10,50,4,54,154,2,3,Beginner,Programming Basics,High
3807,High Achiever,DSA,5,78,95,18,91,1087,7,67,Advanced,Machine Learning,Low
3808,High Achiever,Machine Learning,4,62,91,12,96,957,7,60,Advanced,Machine Learning,Low
3809,High Achiever,Web Development,5,80,99,16,98,1125,6,43,Advanced,Machine Learning,Low
3810,Struggling Student,Machine Learning,1,13,45,2,47,150,2,5,Beginner,Programming Fundamentals,High
3811,Inactive Student,Computer Networks,1,0,1,0,8,4,0,1,Beginner,Programming Basics,High
3812,Struggling Student,Programming,1,12,21,3,56,93,2,2,Beginner,Introduction to C++,High
3813,Casual Learner,Web Development,3,35,75,5,65,374,2,14,Intermediate,Web Development,Medium
3814,Casual Learner,Web Development,2,21,71,5,60,251,2,25,Intermediate,Database Systems,Medium
3815,Casual Learner,Database,2,21,59,6,64,206,2,18,Intermediate,Database Systems,Medium
3816,High Achiever,Programming,4,64,96,12,89,706,7,54,Advanced,Algorithms,Low
3817,High Achiever,Database,5,65,97,16,90,724,7,58,Advanced,Advanced Algorithms,Low
3818,Casual Learner,Computer Networks,2,34,61,7,74,213,4,7,Intermediate,Database Systems,Medium
3819,Consistent Learner,Operating Systems,3,51,90,13,89,651,5,50,Intermediate,Operating Systems,Low
3820,Casual Learner,Database,2,21,66,7,74,348,2,9,Intermediate,Data Structures,Medium
3821,Casual Learner,Programming,2,34,64,5,61,251,4,20,Intermediate,Object-Oriented Programming,Medium
3822,High Achiever,Database,4,73,94,17,93,1078,7,105,Advanced,Machine Learning,Low
3823,Casual Learner,Operating Systems,3,22,58,4,60,307,4,17,Intermediate,Database Systems,Medium
3824,Struggling Student,Programming,1,15,40,2,51,172,2,6,Beginner,Programming Fundamentals,High
3825,Consistent Learner,DSA,3,52,85,9,87,471,4,43,Intermediate,Machine Learning,Low
3826,Struggling Student,Machine Learning,1,17,27,6,45,117,1,6,Beginner,Introduction to C++,High
3827,High Achiever,Web Development,4,71,95,18,95,704,6,46,Advanced,Advanced Algorithms,Low
3828,Casual Learner,Computer Networks,2,26,56,7,68,227,2,16,Intermediate,Database Systems,Medium
3829,Casual Learner,Database,3,22,71,6,68,252,2,19,Intermediate,Web Development,Medium
3830,Struggling Student,Computer Networks,2,12,34,6,56,128,1,3,Beginner,Programming Basics,High
3831,Struggling Student,Programming,1,12,44,3,40,178,2,1,Beginner,Programming Fundamentals,High
3832,Consistent Learner,Operating Systems,3,38,80,10,87,454,6,48,Intermediate,Machine Learning,Low
3833,Casual Learner,Machine Learning,2,23,53,4,69,321,3,18,Intermediate,Database Systems,Medium
3834,High Achiever,Web Development,5,63,92,18,90,1094,7,78,Advanced,Deep Learning,Low
3835,High Achiever,Database,5,70,91,13,100,708,6,104,Advanced,Deep Learning,Low
3836,Casual Learner,Programming,2,22,55,6,74,378,2,14,Intermediate,Computer Networks,Medium
3837,Consistent Learner,Operating Systems,3,49,82,9,84,592,6,47,Intermediate,Operating Systems,Low
3838,Casual Learner,Machine Learning,3,23,69,4,66,343,2,13,Intermediate,Object-Oriented Programming,Medium
3839,Casual Learner,Programming,3,29,69,8,64,246,3,23,Intermediate,Object-Oriented Programming,Medium
3840,Consistent Learner,Programming,4,51,78,8,81,430,4,52,Intermediate,Machine Learning,Low
3841,Struggling Student,Database,1,7,27,2,48,178,2,7,Beginner,Introduction to C++,High
3842,High Achiever,Operating Systems,4,60,97,17,97,741,7,47,Advanced,Machine Learning,Low
3843,Consistent Learner,DSA,4,43,81,13,79,581,5,50,Intermediate,Database Systems,Low
3844,High Achiever,Operating Systems,5,61,96,14,93,746,6,66,Advanced,Machine Learning,Low
3845,High Achiever,Database,5,58,100,13,89,1003,6,57,Advanced,Algorithms,Low
3846,Consistent Learner,Web Development,3,42,87,13,81,427,4,43,Intermediate,Algorithms,Low
3847,Consistent Learner,Computer Networks,4,43,80,13,88,624,6,35,Intermediate,Operating Systems,Low
3848,Struggling Student,Operating Systems,1,13,28,3,50,159,2,2,Beginner,Programming Basics,High
3849,Struggling Student,Programming,2,15,44,6,58,151,2,5,Beginner,Programming Fundamentals,High
3850,High Achiever,Operating Systems,4,72,94,17,93,807,7,80,Advanced,Advanced Algorithms,Low
3851,Inactive Student,Web Development,1,4,4,2,39,23,0,2,Beginner,Programming Basics,High
3852,Consistent Learner,Machine Learning,4,36,80,14,81,468,4,42,Intermediate,Operating Systems,Low
3853,Consistent Learner,DSA,4,51,76,13,81,570,6,30,Intermediate,Operating Systems,Low
3854,Casual Learner,Database,2,30,60,4,75,363,4,21,Intermediate,Data Structures,Medium
3855,Casual Learner,Computer Networks,3,21,61,6,69,213,3,10,Intermediate,Database Systems,Medium
3856,Struggling Student,Web Development,2,12,35,4,49,159,2,7,Beginner,Introduction to C++,High
3857,Struggling Student,DSA,1,9,33,4,41,66,2,1,Beginner,Introduction to C++,High
3858,Casual Learner,Operating Systems,2,27,59,8,73,212,4,19,Intermediate,Database Systems,Medium
3859,Struggling Student,Operating Systems,1,12,34,6,47,160,2,5,Beginner,Programming Fundamentals,High
3860,Struggling Student,Programming,1,7,23,2,48,63,2,3,Beginner,Introduction to C++,High
3861,Consistent Learner,Database,3,54,88,8,77,622,4,56,Intermediate,Computer Networks,Low
3862,Struggling Student,Operating Systems,1,7,46,4,54,63,2,3,Beginner,Introduction to C++,High
3863,Inactive Student,Database,1,5,3,2,30,18,0,0,Beginner,Programming Fundamentals,High
3864,Consistent Learner,Programming,3,39,86,8,82,699,5,35,Intermediate,Operating Systems,Low
3865,Casual Learner,Machine Learning,3,23,54,7,71,219,4,12,Intermediate,Database Systems,Medium
3866,High Achiever,Operating Systems,5,73,94,18,99,834,7,79,Advanced,Advanced Algorithms,Low
3867,Casual Learner,Database,3,29,73,8,63,224,3,11,Intermediate,Web Development,Medium
3868,High Achiever,Computer Networks,5,76,100,14,95,1073,6,107,Advanced,Machine Learning,Low
3869,High Achiever,DSA,5,55,92,15,97,1194,6,90,Advanced,Advanced Algorithms,Low
3870,Inactive Student,Web Development,1,3,3,1,26,58,1,2,Beginner,Programming Basics,High
3871,Struggling Student,Database,1,9,43,5,50,144,2,2,Beginner,Programming Basics,High
3872,Consistent Learner,Web Development,3,51,77,8,75,579,4,28,Intermediate,Computer Networks,Low
3873,Struggling Student,DSA,1,5,35,4,60,103,2,3,Beginner,Web Development,High
3874,Inactive Student,DSA,1,3,13,1,30,50,1,0,Beginner,Programming Basics,High
3875,Casual Learner,Database,3,21,74,5,74,229,4,9,Intermediate,Computer Networks,Medium
3876,Casual Learner,DSA,3,33,55,4,71,210,2,5,Intermediate,Data Structures,Medium
3877,Consistent Learner,Web Development,4,40,77,10,81,528,6,53,Intermediate,Machine Learning,Low
3878,Inactive Student,Machine Learning,1,5,12,1,13,55,1,0,Beginner,Introduction to C++,High
3879,Inactive Student,Web Development,1,1,3,0,22,11,0,2,Beginner,Programming Fundamentals,High
3880,Casual Learner,Programming,3,22,50,8,71,193,3,24,Intermediate,Data Structures,Medium
3881,Struggling Student,Web Development,2,18,46,3,43,76,2,4,Beginner,Introduction to C++,High
3882,Inactive Student,Computer Networks,1,2,16,1,3,57,0,2,Beginner,Programming Fundamentals,High
3883,Casual Learner,Database,2,31,54,7,60,180,4,6,Intermediate,Database Systems,Medium
3884,Consistent Learner,Programming,4,37,80,14,78,667,6,37,Intermediate,Database Systems,Low
3885,Consistent Learner,Machine Learning,4,53,88,14,76,467,4,33,Intermediate,Data Structures,Low
3886,Struggling Student,Operating Systems,2,10,23,5,51,117,1,4,Beginner,Programming Basics,High
3887,Consistent Learner,Operating Systems,3,48,75,12,84,434,5,41,Intermediate,Algorithms,Low
3888,Consistent Learner,Operating Systems,4,38,82,8,76,627,6,60,Intermediate,Computer Networks,Low
3889,Casual Learner,Computer Networks,3,31,72,7,70,267,4,22,Intermediate,Database Systems,Medium
3890,Inactive Student,Programming,1,4,10,2,6,19,1,0,Beginner,Introduction to C++,High
3891,Casual Learner,Web Development,2,22,62,7,69,353,3,9,Intermediate,Database Systems,Medium
3892,Consistent Learner,Web Development,4,38,78,10,79,420,5,34,Intermediate,Computer Networks,Low
3893,Casual Learner,Operating Systems,3,16,71,6,72,217,2,20,Intermediate,Database Systems,Medium
3894,Consistent Learner,DSA,4,54,81,14,84,454,5,44,Intermediate,Machine Learning,Low
3895,Consistent Learner,Programming,4,52,88,12,86,672,5,48,Intermediate,Machine Learning,Low
3896,Casual Learner,Operating Systems,2,16,62,7,74,344,2,18,Intermediate,Database Systems,Medium
3897,Inactive Student,Machine Learning,1,3,19,0,37,28,1,0,Beginner,Introduction to C++,High
3898,Casual Learner,Programming,2,23,68,5,63,290,4,13,Intermediate,Database Systems,Medium
3899,Casual Learner,Machine Learning,2,23,57,7,60,249,3,5,Intermediate,Database Systems,Medium
3900,High Achiever,Computer Networks,4,67,95,13,100,960,7,87,Advanced,Deep Learning,Low
3901,Struggling Student,DSA,2,16,48,6,44,156,1,4,Beginner,Programming Fundamentals,High
3902,Inactive Student,Computer Networks,1,1,15,0,21,49,1,0,Beginner,Programming Basics,High
3903,Consistent Learner,Web Development,3,37,79,14,82,402,4,55,Intermediate,Machine Learning,Low
3904,Casual Learner,Machine Learning,3,33,53,6,67,216,4,14,Intermediate,Object-Oriented Programming,Medium
3905,Consistent Learner,Web Development,4,35,75,12,75,570,5,54,Intermediate,Data Structures,Low
3906,Casual Learner,Machine Learning,2,21,50,5,68,198,2,25,Intermediate,Database Systems,Medium
3907,Consistent Learner,DSA,3,53,85,11,83,627,6,48,Intermediate,Algorithms,Low
3908,Struggling Student,Operating Systems,1,11,21,2,55,94,2,2,Beginner,Introduction to C++,High
3909,Struggling Student,DSA,2,5,21,4,58,70,2,5,Beginner,Introduction to C++,High
3910,Consistent Learner,Machine Learning,4,37,87,9,89,623,4,25,Intermediate,Machine Learning,Low
3911,Struggling Student,Computer Networks,2,17,29,2,50,92,2,7,Beginner,Introduction to C++,High
3912,High Achiever,DSA,5,79,98,19,92,734,7,61,Advanced,Deep Learning,Low
3913,Casual Learner,DSA,2,23,53,8,75,224,3,11,Intermediate,Computer Networks,Medium
3914,Consistent Learner,Machine Learning,3,37,80,9,81,512,6,57,Intermediate,Operating Systems,Low
3915,Struggling Student,Operating Systems,1,6,30,6,40,61,2,2,Beginner,Programming Basics,High
3916,Struggling Student,DSA,1,9,42,4,56,93,2,7,Beginner,Introduction to C++,High
3917,Inactive Student,Web Development,1,0,11,2,17,7,1,2,Beginner,Programming Fundamentals,High
3918,Consistent Learner,Programming,4,45,88,12,82,695,4,26,Intermediate,Machine Learning,Low
3919,Casual Learner,Computer Networks,3,26,64,7,75,381,4,19,Intermediate,Database Systems,Medium
3920,Inactive Student,Operating Systems,1,3,13,1,25,55,1,1,Beginner,Introduction to C++,High
3921,High Achiever,Database,4,55,98,17,98,771,7,79,Advanced,Deep Learning,Low
3922,Struggling Student,DSA,1,12,31,2,49,133,2,3,Beginner,Programming Fundamentals,High
3923,Casual Learner,Web Development,2,29,61,6,68,216,2,5,Intermediate,Database Systems,Medium
3924,High Achiever,Computer Networks,5,77,90,18,97,787,7,69,Advanced,Advanced Algorithms,Low
3925,Casual Learner,Operating Systems,3,16,51,7,75,215,3,18,Intermediate,Database Systems,Medium
3926,Consistent Learner,Programming,3,40,77,10,82,428,4,25,Intermediate,Operating Systems,Low
3927,Casual Learner,Machine Learning,2,22,50,4,63,208,4,13,Intermediate,Web Development,Medium
3928,High Achiever,Database,5,71,98,17,93,967,7,80,Advanced,Deep Learning,Low
3929,High Achiever,Database,5,59,99,18,89,875,6,75,Advanced,Algorithms,Low
3930,Casual Learner,Web Development,3,26,64,8,66,261,2,19,Intermediate,Web Development,Medium
3931,Struggling Student,DSA,2,16,49,2,47,102,2,7,Beginner,Introduction to C++,High
3932,Inactive Student,Web Development,1,1,6,2,36,22,1,2,Beginner,Introduction to C++,High
3933,High Achiever,Computer Networks,4,65,100,18,88,1054,6,116,Advanced,Operating Systems,Low
3934,Struggling Student,Programming,2,7,28,5,59,99,2,7,Beginner,Programming Fundamentals,High
3935,Inactive Student,Machine Learning,1,1,12,2,34,18,0,1,Beginner,Programming Fundamentals,High
3936,Struggling Student,Operating Systems,1,12,50,6,54,84,2,8,Beginner,Programming Fundamentals,High
3937,Struggling Student,Machine Learning,1,6,46,2,44,143,2,2,Beginner,Programming Fundamentals,High
3938,Struggling Student,Computer Networks,2,18,43,3,40,84,2,3,Beginner,Programming Basics,High
3939,Inactive Student,Programming,1,2,20,0,36,2,1,1,Beginner,Programming Fundamentals,High
3940,Struggling Student,DSA,2,18,43,4,53,148,1,3,Beginner,Programming Basics,High
3941,High Achiever,Database,5,68,93,15,97,808,7,44,Advanced,Advanced Algorithms,Low
3942,Consistent Learner,DSA,3,47,79,10,82,675,4,37,Intermediate,Algorithms,Low
3943,Consistent Learner,Computer Networks,4,45,85,14,84,433,6,37,Intermediate,Algorithms,Low
3944,High Achiever,Database,5,61,95,12,95,843,7,41,Advanced,Advanced Algorithms,Low
3945,Casual Learner,Computer Networks,2,20,66,4,74,186,2,13,Intermediate,Database Systems,Medium
3946,High Achiever,Operating Systems,4,57,90,12,95,947,6,111,Advanced,Machine Learning,Low
3947,Consistent Learner,Database,3,39,90,11,82,650,5,42,Intermediate,Machine Learning,Low
3948,Consistent Learner,Web Development,3,49,79,11,86,643,4,41,Intermediate,Machine Learning,Low
3949,Consistent Learner,Programming,4,49,78,9,87,608,5,26,Intermediate,Machine Learning,Low
3950,Struggling Student,DSA,1,17,44,6,44,137,2,3,Beginner,Introduction to C++,High
3951,Struggling Student,Operating Systems,1,6,31,2,60,72,1,5,Beginner,Object-Oriented Programming,High
3952,Casual Learner,Machine Learning,2,28,55,7,70,309,2,14,Intermediate,Database Systems,Medium
3953,Casual Learner,DSA,2,19,69,8,61,236,3,8,Intermediate,Web Development,Medium
3954,Casual Learner,DSA,3,26,69,5,71,260,3,7,Intermediate,Database Systems,Medium
3955,Struggling Student,Programming,1,11,50,3,45,64,2,6,Beginner,Programming Fundamentals,High
3956,High Achiever,Programming,5,63,93,18,92,1148,6,90,Advanced,Deep Learning,Low
3957,Consistent Learner,DSA,3,53,88,12,77,529,4,30,Intermediate,Computer Networks,Low
3958,Struggling Student,Computer Networks,1,15,21,5,60,79,1,8,Beginner,Database Systems,High
3959,Struggling Student,DSA,2,7,34,6,41,168,2,6,Beginner,Programming Fundamentals,High
3960,Casual Learner,Programming,2,21,67,6,66,190,2,6,Intermediate,Web Development,Medium
3961,High Achiever,Programming,5,61,100,14,93,963,7,100,Advanced,Deep Learning,Low
3962,Struggling Student,Database,2,10,37,5,43,121,1,5,Beginner,Introduction to C++,High
3963,Casual Learner,DSA,3,23,75,7,66,236,2,14,Intermediate,Database Systems,Medium
3964,Consistent Learner,Operating Systems,4,51,84,14,77,571,5,46,Intermediate,Computer Networks,Low
3965,Consistent Learner,Programming,4,45,90,9,85,434,6,43,Intermediate,Algorithms,Low
3966,Struggling Student,Operating Systems,2,11,38,5,51,150,2,7,Beginner,Introduction to C++,High
3967,Struggling Student,Programming,1,17,49,3,47,117,2,3,Beginner,Programming Basics,High
3968,Casual Learner,Web Development,3,31,58,5,62,182,4,10,Intermediate,Object-Oriented Programming,Medium
3969,Inactive Student,DSA,1,2,2,2,16,21,1,1,Beginner,Programming Fundamentals,High
3970,Casual Learner,Operating Systems,2,29,70,5,67,304,3,18,Intermediate,Object-Oriented Programming,Medium
3971,Consistent Learner,Database,3,48,84,9,76,494,6,50,Intermediate,Data Structures,Low
3972,Casual Learner,DSA,3,19,55,8,64,211,2,24,Intermediate,Object-Oriented Programming,Medium
3973,Consistent Learner,Operating Systems,3,44,81,12,79,485,6,60,Intermediate,Database Systems,Low
3974,High Achiever,Computer Networks,5,73,96,14,96,833,6,98,Advanced,Deep Learning,Low
3975,Casual Learner,Computer Networks,3,21,69,4,74,317,2,14,Intermediate,Database Systems,Medium
3976,Casual Learner,Computer Networks,2,16,64,8,64,259,3,17,Intermediate,Database Systems,Medium
3977,Inactive Student,Web Development,1,4,9,2,35,14,1,2,Beginner,Programming Basics,High
3978,Casual Learner,Machine Learning,3,21,66,7,65,354,4,16,Intermediate,Web Development,Medium
3979,High Achiever,Database,5,73,92,17,100,1024,7,61,Advanced,Advanced Algorithms,Low
3980,Casual Learner,DSA,3,27,68,5,66,386,2,15,Intermediate,Database Systems,Medium
3981,Struggling Student,DSA,2,8,40,4,53,177,1,8,Beginner,Programming Basics,High
3982,Struggling Student,Database,2,7,26,3,48,141,2,7,Beginner,Introduction to C++,High
3983,Consistent Learner,Programming,4,38,84,12,87,444,6,23,Intermediate,Machine Learning,Low
3984,Struggling Student,Web Development,1,13,46,6,52,156,2,3,Beginner,Introduction to C++,High
3985,Inactive Student,Machine Learning,1,2,0,0,39,23,0,2,Beginner,Introduction to C++,High
3986,Casual Learner,Database,3,17,57,6,68,192,4,22,Intermediate,Object-Oriented Programming,Medium
3987,Casual Learner,DSA,2,32,57,8,60,211,3,23,Intermediate,Web Development,Medium
3988,Consistent Learner,Web Development,4,53,77,14,79,504,5,51,Intermediate,Computer Networks,Low
3989,Inactive Student,DSA,1,5,19,2,0,5,0,0,Beginner,Programming Basics,High
3990,High Achiever,DSA,4,71,95,14,88,703,6,70,Advanced,Operating Systems,Low
3991,High Achiever,DSA,4,57,93,15,94,1026,6,48,Advanced,Deep Learning,Low
3992,Struggling Student,Machine Learning,1,6,25,5,41,83,1,2,Beginner,Programming Fundamentals,High
3993,Casual Learner,Web Development,3,20,51,4,65,339,3,24,Intermediate,Object-Oriented Programming,Medium
3994,Struggling Student,DSA,1,15,44,5,55,141,2,7,Beginner,Programming Fundamentals,High
3995,Casual Learner,Programming,2,15,72,4,62,298,3,15,Intermediate,Object-Oriented Programming,Medium
3996,Struggling Student,DSA,2,18,29,6,47,92,1,8,Beginner,Programming Basics,High
3997,Consistent Learner,Programming,4,44,90,10,88,459,4,49,Intermediate,Operating Systems,Low
3998,High Achiever,Computer Networks,5,55,92,19,90,972,6,44,Advanced,Deep Learning,Low
3999,High Achiever,Machine Learning,4,76,98,12,96,1177,6,76,Advanced,Advanced Algorithms,Low
4000,Struggling Student,Computer Networks,1,7,46,3,45,74,2,1,Beginner,Programming Basics,High
4001,Consistent Learner,Machine Learning,3,40,83,13,77,679,4,28,Intermediate,Computer Networks,Low
4002,Struggling Student,Database,1,16,34,5,45,106,1,1,Beginner,Programming Basics,High
4003,High Achiever,Programming,4,68,97,17,99,848,6,107,Advanced,Advanced Algorithms,Low
4004,Consistent Learner,Web Development,4,35,78,13,77,605,5,52,Intermediate,Data Structures,Low
4005,High Achiever,Web Development,5,80,98,18,99,769,6,62,Advanced,Deep Learning,Low
4006,High Achiever,DSA,5,63,92,18,95,819,6,61,Advanced,Machine Learning,Low
4007,High Achiever,Machine Learning,5,57,97,17,91,1028,6,76,Advanced,Advanced Algorithms,Low
4008,High Achiever,Operating Systems,4,57,99,20,92,1099,6,47,Advanced,Advanced Algorithms,Low
4009,Consistent Learner,Web Development,4,45,75,12,83,656,5,30,Intermediate,Operating Systems,Low
4010,Consistent Learner,Web Development,4,36,82,14,90,658,5,47,Intermediate,Deep Learning,Low
4011,Casual Learner,Programming,2,32,70,5,60,346,3,17,Intermediate,Database Systems,Medium
4012,Casual Learner,Operating Systems,2,25,66,5,70,263,4,5,Intermediate,Data Structures,Medium
4013,Casual Learner,DSA,3,20,64,8,74,242,4,9,Intermediate,Computer Networks,Medium
4014,Consistent Learner,Programming,3,52,82,9,75,584,4,25,Intermediate,Data Structures,Low
4015,High Achiever,DSA,5,55,96,15,94,973,6,49,Advanced,Advanced Algorithms,Low
4016,Casual Learner,Database,2,20,59,4,72,260,2,7,Intermediate,Computer Networks,Medium
4017,Casual Learner,Computer Networks,3,30,75,4,62,297,2,17,Intermediate,Database Systems,Medium
4018,Casual Learner,Operating Systems,3,33,63,8,72,229,4,7,Intermediate,Data Structures,Medium
4019,Struggling Student,Operating Systems,2,18,21,5,59,63,2,5,Beginner,Programming Fundamentals,High
4020,Casual Learner,DSA,2,33,51,4,63,372,3,15,Intermediate,Web Development,Medium
4021,Casual Learner,Operating Systems,3,29,64,7,62,329,3,9,Intermediate,Database Systems,Medium
4022,Casual Learner,Computer Networks,2,18,65,4,64,382,2,19,Intermediate,Database Systems,Medium
4023,Consistent Learner,Programming,4,49,76,9,79,505,6,20,Intermediate,Database Systems,Low
4024,Struggling Student,Database,1,9,34,6,45,116,2,3,Beginner,Introduction to C++,High
4025,Struggling Student,Computer Networks,1,5,39,4,60,135,1,5,Beginner,Web Development,High
4026,Casual Learner,Web Development,2,26,72,8,75,224,3,10,Intermediate,Computer Networks,Medium
4027,Casual Learner,DSA,2,35,73,6,75,355,4,5,Intermediate,Data Structures,Medium
4028,Struggling Student,Database,1,18,39,3,58,124,2,7,Beginner,Programming Basics,High
4029,Struggling Student,Operating Systems,2,17,32,4,57,96,2,3,Beginner,Programming Fundamentals,High
4030,Casual Learner,Machine Learning,2,25,73,7,71,213,4,12,Intermediate,Computer Networks,Medium
4031,High Achiever,Computer Networks,5,76,97,18,90,1103,6,100,Advanced,Machine Learning,Low
4032,Consistent Learner,Operating Systems,3,42,84,8,87,480,4,26,Intermediate,Machine Learning,Low
4033,Casual Learner,DSA,3,16,53,6,64,203,3,17,Intermediate,Web Development,Medium
4034,Consistent Learner,Computer Networks,4,40,88,9,87,487,6,55,Intermediate,Machine Learning,Low
4035,Consistent Learner,DSA,3,46,89,8,84,541,5,43,Intermediate,Machine Learning,Low
4036,Struggling Student,Programming,2,8,28,4,44,70,1,2,Beginner,Introduction to C++,High
4037,Consistent Learner,Machine Learning,4,44,85,11,84,485,4,60,Intermediate,Operating Systems,Low
4038,Casual Learner,Database,2,35,74,6,72,240,4,8,Intermediate,Database Systems,Medium
4039,High Achiever,Machine Learning,4,58,96,16,100,951,6,72,Advanced,Advanced Algorithms,Low
4040,Consistent Learner,DSA,4,40,83,11,81,565,4,59,Intermediate,Operating Systems,Low
4041,Casual Learner,Web Development,3,35,68,4,71,241,2,6,Intermediate,Database Systems,Medium
4042,Consistent Learner,Programming,4,46,77,14,82,542,5,56,Intermediate,Algorithms,Low
4043,Inactive Student,DSA,1,0,10,1,35,10,1,1,Beginner,Programming Fundamentals,High
4044,Consistent Learner,Programming,3,51,77,9,83,607,5,35,Intermediate,Operating Systems,Low
4045,Casual Learner,Computer Networks,3,20,59,5,61,389,4,7,Intermediate,Database Systems,Medium
4046,Casual Learner,Programming,3,28,73,8,72,209,4,5,Intermediate,Database Systems,Medium
4047,Struggling Student,Machine Learning,2,8,43,5,49,137,1,3,Beginner,Programming Basics,High
4048,Casual Learner,Web Development,2,27,60,4,73,199,3,19,Intermediate,Data Structures,Medium
4049,Consistent Learner,Programming,3,38,80,10,75,471,6,32,Intermediate,Data Structures,Low
4050,Casual Learner,Programming,3,16,55,7,65,322,4,22,Intermediate,Database Systems,Medium
4051,Struggling Student,Operating Systems,1,15,24,2,45,67,2,2,Beginner,Introduction to C++,High
4052,Struggling Student,Machine Learning,2,7,31,2,54,139,2,7,Beginner,Programming Fundamentals,High
4053,Casual Learner,Computer Networks,3,31,58,5,61,195,4,7,Intermediate,Database Systems,Medium
4054,High Achiever,Operating Systems,5,59,94,18,88,1028,7,68,Advanced,Machine Learning,Low
4055,Consistent Learner,Computer Networks,4,37,86,12,86,486,6,40,Intermediate,Operating Systems,Low
4056,Casual Learner,Operating Systems,3,29,60,7,73,234,3,24,Intermediate,Computer Networks,Medium
4057,Consistent Learner,DSA,3,45,85,11,90,694,5,58,Intermediate,Advanced Algorithms,Low
4058,Casual Learner,Operating Systems,2,27,64,7,60,300,3,25,Intermediate,Object-Oriented Programming,Medium
4059,High Achiever,Machine Learning,4,74,94,20,89,862,6,75,Advanced,Algorithms,Low
4060,Casual Learner,DSA,3,28,73,4,64,315,3,22,Intermediate,Web Development,Medium
4061,Casual Learner,Computer Networks,3,28,72,4,73,234,3,14,Intermediate,Computer Networks,Medium
4062,Casual Learner,Web Development,2,30,60,4,65,202,2,7,Intermediate,Web Development,Medium
4063,Consistent Learner,Web Development,3,39,87,10,84,453,6,21,Intermediate,Algorithms,Low
4064,Struggling Student,Database,2,5,36,4,59,141,1,6,Beginner,Introduction to C++,High
4065,Consistent Learner,Database,3,43,82,11,89,569,4,48,Intermediate,Operating Systems,Low
4066,Struggling Student,Computer Networks,2,17,44,4,54,174,1,8,Beginner,Introduction to C++,High
4067,Casual Learner,Computer Networks,3,19,60,4,65,223,3,22,Intermediate,Database Systems,Medium
4068,Casual Learner,Operating Systems,2,17,71,7,70,377,2,10,Intermediate,Database Systems,Medium
4069,Casual Learner,Computer Networks,2,34,58,8,73,263,2,11,Intermediate,Computer Networks,Medium
4070,Consistent Learner,Database,3,39,76,14,82,664,5,37,Intermediate,Algorithms,Low
4071,Casual Learner,Programming,3,17,60,8,62,212,3,9,Intermediate,Database Systems,Medium
4072,Casual Learner,Database,3,25,57,8,70,197,4,11,Intermediate,Computer Networks,Medium
4073,Inactive Student,Operating Systems,1,3,12,2,15,21,0,2,Beginner,Introduction to C++,High
4074,Casual Learner,Database,2,28,73,5,60,249,2,21,Intermediate,Database Systems,Medium
4075,High Achiever,Web Development,4,61,94,18,89,735,7,107,Advanced,Machine Learning,Low
4076,Consistent Learner,DSA,3,55,87,10,81,511,6,52,Intermediate,Algorithms,Low
4077,Consistent Learner,Computer Networks,3,50,77,14,87,424,4,32,Intermediate,Operating Systems,Low
4078,Struggling Student,DSA,1,13,46,4,49,96,1,5,Beginner,Programming Basics,High
4079,Casual Learner,Operating Systems,3,16,71,5,60,341,4,11,Intermediate,Object-Oriented Programming,Medium
4080,Consistent Learner,Machine Learning,3,40,77,8,82,612,5,46,Intermediate,Machine Learning,Low
4081,Inactive Student,Operating Systems,1,3,14,0,26,21,1,1,Beginner,Introduction to C++,High
4082,Consistent Learner,Database,4,54,76,9,83,658,4,59,Intermediate,Machine Learning,Low
4083,Struggling Student,Computer Networks,2,8,31,2,43,175,1,3,Beginner,Introduction to C++,High
4084,Casual Learner,Machine Learning,3,26,56,5,61,317,4,9,Intermediate,Object-Oriented Programming,Medium
4085,Casual Learner,DSA,2,21,61,4,69,347,4,15,Intermediate,Database Systems,Medium
4086,Struggling Student,Programming,2,5,24,5,48,62,2,3,Beginner,Introduction to C++,High
4087,High Achiever,Web Development,5,77,91,17,98,763,7,79,Advanced,Advanced Algorithms,Low
4088,Casual Learner,DSA,2,28,59,8,67,368,3,9,Intermediate,Database Systems,Medium
4089,Casual Learner,Operating Systems,3,22,51,5,69,193,3,23,Intermediate,Database Systems,Medium
4090,Struggling Student,DSA,2,7,41,2,45,89,2,4,Beginner,Introduction to C++,High
4091,Casual Learner,Programming,2,26,67,5,68,315,4,24,Intermediate,Object-Oriented Programming,Medium
4092,Casual Learner,Operating Systems,3,34,61,4,72,353,4,15,Intermediate,Computer Networks,Medium
4093,Casual Learner,Computer Networks,3,25,62,6,69,290,3,15,Intermediate,Object-Oriented Programming,Medium
4094,Consistent Learner,Machine Learning,3,35,83,8,86,486,5,29,Intermediate,Operating Systems,Low
4095,Casual Learner,Web Development,3,25,58,7,60,381,2,21,Intermediate,Web Development,Medium
4096,Casual Learner,Web Development,3,16,53,6,72,295,2,24,Intermediate,Computer Networks,Medium
4097,Struggling Student,Web Development,2,7,44,4,41,155,1,1,Beginner,Programming Basics,High
4098,Struggling Student,Database,1,12,35,2,60,123,1,5,Beginner,Web Development,High
4099,Struggling Student,Programming,1,6,33,2,47,144,2,1,Beginner,Programming Fundamentals,High
4100,Casual Learner,Machine Learning,2,17,62,6,71,303,3,10,Intermediate,Database Systems,Medium
4101,Consistent Learner,Computer Networks,3,51,81,14,79,687,5,51,Intermediate,Computer Networks,Low
4102,Struggling Student,Database,1,10,41,2,53,176,2,2,Beginner,Introduction to C++,High
4103,Consistent Learner,Web Development,3,45,86,14,88,613,4,46,Intermediate,Machine Learning,Low
4104,Casual Learner,Machine Learning,3,16,68,5,73,371,2,17,Intermediate,Database Systems,Medium
4105,Casual Learner,Programming,3,33,61,6,63,358,3,8,Intermediate,Object-Oriented Programming,Medium
4106,Consistent Learner,Machine Learning,4,48,81,9,79,533,5,24,Intermediate,Computer Networks,Low
4107,High Achiever,Web Development,5,57,99,14,89,1185,6,94,Advanced,Operating Systems,Low
4108,Casual Learner,Computer Networks,3,32,74,7,75,321,3,21,Intermediate,Database Systems,Medium
4109,Casual Learner,Operating Systems,3,21,52,8,73,237,2,16,Intermediate,Data Structures,Medium
4110,Casual Learner,Programming,3,21,62,8,65,226,3,23,Intermediate,Web Development,Medium
4111,High Achiever,Database,4,62,90,13,90,947,7,91,Advanced,Advanced Algorithms,Low
4112,Inactive Student,Operating Systems,1,0,3,1,24,13,0,2,Beginner,Programming Basics,High
4113,Casual Learner,Machine Learning,3,22,64,4,71,350,3,12,Intermediate,Database Systems,Medium
4114,High Achiever,Operating Systems,4,60,93,12,94,796,7,93,Advanced,Deep Learning,Low
4115,Consistent Learner,Computer Networks,4,50,89,10,87,548,4,58,Intermediate,Operating Systems,Low
4116,Consistent Learner,Programming,3,44,75,14,76,511,6,30,Intermediate,Database Systems,Low
4117,Consistent Learner,DSA,3,44,80,13,89,555,6,44,Intermediate,Algorithms,Low
4118,Struggling Student,Database,1,15,43,3,50,167,2,2,Beginner,Programming Basics,High
4119,Casual Learner,Computer Networks,2,15,57,8,60,355,3,23,Intermediate,Database Systems,Medium
4120,Casual Learner,Web Development,2,17,67,6,66,346,4,7,Intermediate,Web Development,Medium
4121,High Achiever,Computer Networks,4,71,91,19,95,1107,6,66,Advanced,Advanced Algorithms,Low
4122,Consistent Learner,Web Development,4,42,87,13,84,645,4,52,Intermediate,Algorithms,Low
4123,Casual Learner,DSA,3,25,68,8,68,266,2,11,Intermediate,Object-Oriented Programming,Medium
4124,Inactive Student,Web Development,1,4,1,2,11,42,1,0,Beginner,Programming Basics,High
4125,Casual Learner,DSA,3,35,72,5,63,348,2,9,Intermediate,Web Development,Medium
4126,Consistent Learner,Database,3,49,85,11,89,450,6,60,Intermediate,Machine Learning,Low
4127,High Achiever,Operating Systems,4,56,95,18,96,932,6,98,Advanced,Machine Learning,Low
4128,High Achiever,Operating Systems,5,65,92,16,97,849,6,104,Advanced,Deep Learning,Low
4129,Consistent Learner,Computer Networks,3,51,80,8,77,567,4,37,Intermediate,Computer Networks,Low
4130,Casual Learner,Web Development,3,23,68,4,67,282,4,7,Intermediate,Database Systems,Medium
4131,Struggling Student,Web Development,2,18,31,3,56,175,1,3,Beginner,Programming Fundamentals,High
4132,Inactive Student,Operating Systems,1,3,3,2,20,42,1,2,Beginner,Programming Fundamentals,High
4133,Casual Learner,Programming,2,33,59,8,68,328,3,11,Intermediate,Web Development,Medium
4134,Struggling Student,Operating Systems,2,16,47,4,54,121,2,7,Beginner,Programming Basics,High
4135,Struggling Student,DSA,2,10,40,4,40,159,1,2,Beginner,Programming Fundamentals,High
4136,Consistent Learner,Database,4,49,81,9,81,688,6,43,Intermediate,Operating Systems,Low
4137,Struggling Student,Web Development,1,6,38,4,42,79,2,1,Beginner,Introduction to C++,High
4138,Consistent Learner,Machine Learning,4,42,88,8,90,673,4,48,Intermediate,Machine Learning,Low
4139,High Achiever,DSA,4,62,100,15,96,1181,6,48,Advanced,Machine Learning,Low
4140,High Achiever,Machine Learning,5,67,97,18,91,926,6,42,Advanced,Machine Learning,Low
4141,Casual Learner,DSA,3,23,66,5,72,272,3,20,Intermediate,Data Structures,Medium
4142,Casual Learner,Programming,2,26,62,6,75,386,3,11,Intermediate,Computer Networks,Medium
4143,Casual Learner,Web Development,2,25,58,7,74,231,4,12,Intermediate,Data Structures,Medium
4144,Consistent Learner,Computer Networks,3,53,85,10,88,681,6,54,Intermediate,Machine Learning,Low
4145,Struggling Student,DSA,1,17,31,6,56,114,1,1,Beginner,Programming Basics,High
4146,Consistent Learner,Programming,3,53,80,11,88,465,5,37,Intermediate,Machine Learning,Low
4147,Struggling Student,Programming,1,14,30,6,41,99,1,2,Beginner,Introduction to C++,High
4148,Consistent Learner,Operating Systems,4,54,89,14,75,420,4,24,Intermediate,Computer Networks,Low
4149,Casual Learner,Programming,3,21,66,8,70,245,3,19,Intermediate,Computer Networks,Medium
4150,Consistent Learner,Database,4,44,82,14,87,693,4,56,Intermediate,Operating Systems,Low
4151,Inactive Student,Machine Learning,1,4,8,0,13,6,1,2,Beginner,Introduction to C++,High
4152,Casual Learner,Machine Learning,2,19,53,5,60,269,3,9,Intermediate,Web Development,Medium
4153,Casual Learner,Database,2,26,70,4,63,202,4,25,Intermediate,Object-Oriented Programming,Medium
4154,Consistent Learner,Database,4,35,84,9,84,432,4,40,Intermediate,Operating Systems,Low
4155,Casual Learner,Machine Learning,2,22,74,5,67,322,4,19,Intermediate,Web Development,Medium
4156,Casual Learner,Web Development,3,28,51,7,65,395,4,21,Intermediate,Web Development,Medium
4157,Inactive Student,Operating Systems,1,0,6,1,1,41,0,2,Beginner,Programming Fundamentals,High
4158,Struggling Student,Web Development,1,13,34,4,49,145,1,1,Beginner,Programming Fundamentals,High
4159,High Achiever,DSA,5,62,92,15,98,1019,7,41,Advanced,Machine Learning,Low
4160,Consistent Learner,Web Development,3,51,80,8,90,462,5,39,Intermediate,Advanced Algorithms,Low
4161,High Achiever,Database,4,62,93,13,89,1116,7,105,Advanced,Machine Learning,Low
4162,High Achiever,Web Development,5,67,97,19,89,1003,6,111,Advanced,Operating Systems,Low
4163,Casual Learner,Operating Systems,2,22,51,5,74,261,3,13,Intermediate,Data Structures,Medium
4164,Consistent Learner,Machine Learning,3,42,75,9,88,406,5,48,Intermediate,Machine Learning,Low
4165,Casual Learner,Programming,2,23,74,8,75,349,2,17,Intermediate,Database Systems,Medium
4166,Consistent Learner,Web Development,3,41,87,10,88,644,5,43,Intermediate,Algorithms,Low
4167,Casual Learner,Database,3,22,64,6,65,270,3,14,Intermediate,Database Systems,Medium
4168,Casual Learner,Operating Systems,2,25,54,7,61,361,2,21,Intermediate,Database Systems,Medium
4169,Inactive Student,Operating Systems,1,0,3,1,27,30,0,0,Beginner,Programming Fundamentals,High
4170,Struggling Student,Programming,2,12,33,4,53,123,1,6,Beginner,Programming Basics,High
4171,Casual Learner,Operating Systems,2,34,67,5,66,197,4,12,Intermediate,Database Systems,Medium
4172,Casual Learner,Computer Networks,2,20,74,7,70,310,3,6,Intermediate,Data Structures,Medium
4173,Inactive Student,Database,1,5,11,1,12,44,0,0,Beginner,Programming Fundamentals,High
4174,Casual Learner,DSA,3,34,61,5,68,376,3,19,Intermediate,Object-Oriented Programming,Medium
4175,Consistent Learner,Database,4,50,79,11,81,674,6,20,Intermediate,Operating Systems,Low
4176,Consistent Learner,DSA,4,39,89,8,87,456,6,53,Intermediate,Operating Systems,Low
4177,Casual Learner,Operating Systems,2,31,70,7,74,368,3,20,Intermediate,Database Systems,Medium
4178,Struggling Student,DSA,1,15,35,2,46,147,2,5,Beginner,Introduction to C++,High
4179,Casual Learner,Web Development,2,28,66,4,66,211,4,9,Intermediate,Object-Oriented Programming,Medium
4180,Struggling Student,Database,1,17,45,3,47,77,1,7,Beginner,Programming Basics,High
4181,Consistent Learner,Computer Networks,4,38,86,10,85,588,5,24,Intermediate,Operating Systems,Low
4182,Casual Learner,Database,2,17,58,4,61,239,3,17,Intermediate,Object-Oriented Programming,Medium
4183,High Achiever,DSA,4,68,97,15,93,1041,7,118,Advanced,Machine Learning,Low
4184,Consistent Learner,Web Development,4,46,89,8,88,657,6,47,Intermediate,Operating Systems,Low
4185,High Achiever,DSA,4,79,95,12,96,913,6,109,Advanced,Deep Learning,Low
4186,Inactive Student,Database,1,3,9,2,13,19,1,1,Beginner,Programming Basics,High
4187,Casual Learner,Machine Learning,2,21,50,8,65,397,3,22,Intermediate,Database Systems,Medium
4188,Consistent Learner,Machine Learning,4,47,89,13,81,601,4,24,Intermediate,Machine Learning,Low
4189,Consistent Learner,Programming,4,47,76,8,90,480,6,45,Intermediate,Machine Learning,Low
4190,Casual Learner,Programming,2,21,72,7,69,335,2,21,Intermediate,Database Systems,Medium
4191,Struggling Student,Computer Networks,2,9,38,2,60,71,2,4,Beginner,Database Systems,High
4192,Struggling Student,Computer Networks,1,18,41,2,47,180,1,1,Beginner,Programming Fundamentals,High
4193,Inactive Student,Programming,1,3,13,0,24,27,0,0,Beginner,Programming Fundamentals,High
4194,Consistent Learner,Operating Systems,4,44,77,10,75,673,6,41,Intermediate,Database Systems,Low
4195,Casual Learner,Operating Systems,3,19,55,8,71,199,2,25,Intermediate,Data Structures,Medium
4196,Casual Learner,Machine Learning,3,17,51,7,73,371,2,6,Intermediate,Data Structures,Medium
4197,Struggling Student,Programming,2,11,38,2,60,73,2,5,Beginner,Web Development,High
4198,Casual Learner,DSA,2,27,54,6,68,198,2,18,Intermediate,Database Systems,Medium
4199,Casual Learner,Machine Learning,3,25,65,5,64,199,3,16,Intermediate,Object-Oriented Programming,Medium
4200,Struggling Student,Computer Networks,2,7,48,3,56,133,1,6,Beginner,Introduction to C++,High
4201,Struggling Student,Operating Systems,1,12,22,2,60,178,1,8,Beginner,Object-Oriented Programming,High
4202,Casual Learner,Database,2,20,57,4,71,343,4,5,Intermediate,Database Systems,Medium
4203,Casual Learner,Programming,3,32,60,5,67,348,2,8,Intermediate,Database Systems,Medium
4204,Struggling Student,Database,2,14,44,4,51,92,1,3,Beginner,Programming Fundamentals,High
4205,Inactive Student,Operating Systems,1,4,5,1,37,11,0,0,Beginner,Programming Basics,High
4206,Casual Learner,Computer Networks,2,26,75,5,61,310,4,16,Intermediate,Object-Oriented Programming,Medium
4207,High Achiever,Web Development,5,72,90,13,90,913,7,61,Advanced,Deep Learning,Low
4208,Inactive Student,Operating Systems,1,2,1,1,14,45,0,1,Beginner,Programming Fundamentals,High
4209,Inactive Student,Programming,1,1,19,1,15,3,0,2,Beginner,Programming Basics,High
4210,Consistent Learner,Computer Networks,3,50,83,12,87,477,4,55,Intermediate,Algorithms,Low
4211,Casual Learner,Database,3,16,74,5,75,344,3,16,Intermediate,Database Systems,Medium
4212,Consistent Learner,Machine Learning,4,39,86,13,75,497,4,21,Intermediate,Computer Networks,Low
4213,Casual Learner,Database,2,24,67,7,67,392,2,23,Intermediate,Web Development,Medium
4214,High Achiever,Database,4,65,90,16,98,961,7,53,Advanced,Deep Learning,Low
4215,Casual Learner,Operating Systems,3,18,67,5,66,299,3,10,Intermediate,Object-Oriented Programming,Medium
4216,High Achiever,Programming,5,63,94,16,95,993,6,112,Advanced,Machine Learning,Low
4217,Casual Learner,Web Development,2,30,58,4,60,231,4,13,Intermediate,Database Systems,Medium
4218,Consistent Learner,Computer Networks,4,51,87,10,90,506,5,38,Intermediate,Deep Learning,Low
4219,Casual Learner,Web Development,3,15,64,5,67,280,3,6,Intermediate,Database Systems,Medium
4220,Struggling Student,Operating Systems,2,9,23,3,40,131,1,1,Beginner,Programming Basics,High
4221,Casual Learner,Machine Learning,2,31,70,5,71,395,2,22,Intermediate,Computer Networks,Medium
4222,Inactive Student,Computer Networks,1,2,0,1,13,37,0,1,Beginner,Programming Basics,High
4223,Casual Learner,DSA,3,34,74,6,75,292,3,9,Intermediate,Computer Networks,Medium
4224,Inactive Student,Web Development,1,4,9,2,3,13,0,1,Beginner,Programming Basics,High
4225,Casual Learner,Machine Learning,2,29,60,5,68,393,4,22,Intermediate,Object-Oriented Programming,Medium
4226,Consistent Learner,DSA,4,47,83,9,82,512,4,33,Intermediate,Operating Systems,Low
4227,Struggling Student,Database,1,14,31,3,52,65,2,4,Beginner,Programming Basics,High
4228,Casual Learner,Machine Learning,3,22,59,4,62,201,3,24,Intermediate,Web Development,Medium
4229,Casual Learner,Computer Networks,3,29,60,6,75,231,4,25,Intermediate,Database Systems,Medium
4230,Struggling Student,Programming,2,17,38,6,41,133,2,8,Beginner,Programming Fundamentals,High
4231,High Achiever,Database,5,80,96,17,97,945,7,69,Advanced,Advanced Algorithms,Low
4232,Consistent Learner,Operating Systems,3,41,83,8,85,640,4,45,Intermediate,Operating Systems,Low
4233,Inactive Student,Computer Networks,1,4,3,0,33,55,0,1,Beginner,Programming Basics,High
4234,Struggling Student,Web Development,2,11,39,4,46,64,2,3,Beginner,Programming Basics,High
4235,Struggling Student,Machine Learning,2,15,34,2,53,178,1,7,Beginner,Introduction to C++,High
4236,Casual Learner,DSA,2,28,57,6,62,210,2,13,Intermediate,Web Development,Medium
4237,Struggling Student,Web Development,2,12,49,2,44,109,2,8,Beginner,Programming Fundamentals,High
4238,Consistent Learner,Operating Systems,3,52,79,14,78,485,5,55,Intermediate,Computer Networks,Low
4239,Casual Learner,Machine Learning,3,35,55,6,62,339,3,5,Intermediate,Web Development,Medium
4240,Casual Learner,Programming,3,32,74,6,71,229,3,12,Intermediate,Data Structures,Medium
4241,Struggling Student,Database,1,12,48,5,46,75,2,6,Beginner,Programming Fundamentals,High
4242,Casual Learner,Web Development,2,30,53,7,68,245,4,8,Intermediate,Database Systems,Medium
4243,Struggling Student,Programming,1,5,43,4,41,160,2,6,Beginner,Introduction to C++,High
4244,High Achiever,DSA,4,56,96,16,100,720,7,117,Advanced,Deep Learning,Low
4245,Consistent Learner,Web Development,3,40,85,13,84,478,5,33,Intermediate,Operating Systems,Low
4246,Consistent Learner,Machine Learning,4,53,79,14,86,458,6,58,Intermediate,Machine Learning,Low
4247,Casual Learner,Operating Systems,3,28,70,6,68,294,4,16,Intermediate,Web Development,Medium
4248,Inactive Student,Web Development,1,4,7,2,30,58,0,0,Beginner,Programming Fundamentals,High
4249,Consistent Learner,Machine Learning,3,46,76,14,88,653,5,27,Intermediate,Operating Systems,Low
4250,Consistent Learner,Computer Networks,4,35,78,11,84,514,6,21,Intermediate,Machine Learning,Low
4251,High Achiever,DSA,5,67,90,12,92,761,6,52,Advanced,Deep Learning,Low
4252,Casual Learner,Operating Systems,3,29,61,5,75,378,2,19,Intermediate,Data Structures,Medium
4253,Inactive Student,Web Development,1,4,14,0,28,27,0,2,Beginner,Introduction to C++,High
4254,High Achiever,Operating Systems,5,60,97,14,97,1068,6,77,Advanced,Machine Learning,Low
4255,Casual Learner,Computer Networks,2,30,73,7,74,281,2,10,Intermediate,Database Systems,Medium
4256,High Achiever,Computer Networks,5,64,93,13,94,1027,6,113,Advanced,Machine Learning,Low
4257,Consistent Learner,Database,4,43,90,9,85,614,4,38,Intermediate,Machine Learning,Low
4258,Struggling Student,Machine Learning,1,15,21,3,53,139,1,7,Beginner,Programming Fundamentals,High
4259,Inactive Student,Database,1,5,11,0,11,25,0,0,Beginner,Introduction to C++,High
4260,High Achiever,Machine Learning,5,62,91,14,90,1105,6,95,Advanced,Deep Learning,Low
4261,Casual Learner,Web Development,3,24,70,4,70,239,4,25,Intermediate,Data Structures,Medium
4262,Consistent Learner,Computer Networks,3,48,83,9,85,514,6,30,Intermediate,Operating Systems,Low
4263,Struggling Student,Programming,2,13,41,2,51,130,1,4,Beginner,Programming Fundamentals,High
4264,High Achiever,Database,5,62,92,13,91,893,7,111,Advanced,Advanced Algorithms,Low
4265,Casual Learner,Database,3,25,61,5,73,208,3,8,Intermediate,Data Structures,Medium
4266,Casual Learner,Computer Networks,3,26,65,4,71,220,4,16,Intermediate,Data Structures,Medium
4267,Casual Learner,Machine Learning,3,23,59,4,64,377,2,15,Intermediate,Web Development,Medium
4268,Casual Learner,Operating Systems,3,35,55,6,72,332,2,17,Intermediate,Data Structures,Medium
4269,Consistent Learner,Programming,3,47,80,10,86,432,5,25,Intermediate,Machine Learning,Low
4270,Struggling Student,Machine Learning,2,16,50,4,42,170,1,8,Beginner,Programming Fundamentals,High
4271,Consistent Learner,Database,3,37,80,11,81,536,5,41,Intermediate,Operating Systems,Low
4272,Casual Learner,Computer Networks,2,34,65,7,65,208,2,13,Intermediate,Database Systems,Medium
4273,Struggling Student,Web Development,2,15,32,2,50,79,2,6,Beginner,Programming Basics,High
4274,Consistent Learner,DSA,3,43,89,8,78,401,4,37,Intermediate,Computer Networks,Low
4275,Casual Learner,DSA,3,17,69,8,68,191,4,24,Intermediate,Web Development,Medium
4276,Consistent Learner,Web Development,4,52,78,14,79,605,6,27,Intermediate,Database Systems,Low
4277,Struggling Student,Machine Learning,1,5,43,2,56,169,1,6,Beginner,Programming Fundamentals,High
4278,Casual Learner,Machine Learning,2,25,70,8,61,319,2,13,Intermediate,Object-Oriented Programming,Medium
4279,Consistent Learner,Database,3,45,76,12,78,424,5,44,Intermediate,Computer Networks,Low
4280,Consistent Learner,Computer Networks,4,53,76,13,80,454,4,24,Intermediate,Algorithms,Low
4281,Casual Learner,Web Development,3,28,50,5,62,221,3,18,Intermediate,Database Systems,Medium
4282,Struggling Student,Operating Systems,2,7,36,2,44,150,2,4,Beginner,Introduction to C++,High
4283,Struggling Student,Programming,2,18,45,4,59,125,2,6,Beginner,Programming Fundamentals,High
4284,High Achiever,DSA,5,55,99,14,88,825,6,50,Advanced,Operating Systems,Low
4285,Struggling Student,Computer Networks,2,10,33,4,55,151,1,7,Beginner,Introduction to C++,High
4286,Consistent Learner,Operating Systems,3,41,75,10,86,429,5,35,Intermediate,Operating Systems,Low
4287,Casual Learner,Operating Systems,3,24,70,4,72,249,3,6,Intermediate,Computer Networks,Medium
4288,Consistent Learner,Computer Networks,4,41,79,14,79,515,4,50,Intermediate,Data Structures,Low
4289,Inactive Student,Computer Networks,1,4,15,1,16,6,0,1,Beginner,Programming Basics,High
4290,Struggling Student,Computer Networks,2,18,46,4,55,92,2,7,Beginner,Programming Basics,High
4291,Casual Learner,Programming,3,31,56,8,67,259,2,21,Intermediate,Object-Oriented Programming,Medium
4292,Consistent Learner,Computer Networks,4,39,90,12,86,689,6,52,Intermediate,Algorithms,Low
4293,Casual Learner,Programming,3,34,62,6,72,336,2,10,Intermediate,Database Systems,Medium
4294,Casual Learner,Machine Learning,3,19,64,7,65,215,2,18,Intermediate,Web Development,Medium
4295,Consistent Learner,Operating Systems,3,50,85,9,83,462,6,33,Intermediate,Operating Systems,Low
4296,Struggling Student,Computer Networks,2,10,40,5,57,165,1,3,Beginner,Programming Basics,High
4297,Struggling Student,Programming,1,18,34,5,42,146,1,7,Beginner,Programming Basics,High
4298,Casual Learner,Database,2,19,73,7,69,248,3,12,Intermediate,Database Systems,Medium
4299,Casual Learner,Database,2,35,59,5,62,187,4,11,Intermediate,Object-Oriented Programming,Medium
4300,Inactive Student,Computer Networks,1,5,3,2,27,53,1,1,Beginner,Programming Fundamentals,High
4301,Casual Learner,Web Development,3,35,65,6,75,303,4,25,Intermediate,Data Structures,Medium
4302,Struggling Student,Computer Networks,1,6,41,2,49,60,1,5,Beginner,Programming Basics,High
4303,Struggling Student,Operating Systems,1,11,20,2,60,129,2,8,Beginner,Web Development,High
4304,Casual Learner,Machine Learning,3,35,57,5,69,216,2,15,Intermediate,Object-Oriented Programming,Medium
4305,Casual Learner,Machine Learning,2,19,58,5,71,375,3,20,Intermediate,Database Systems,Medium
4306,Struggling Student,Web Development,2,9,31,5,50,66,1,2,Beginner,Programming Fundamentals,High
4307,Struggling Student,Machine Learning,2,7,22,2,49,127,2,7,Beginner,Programming Basics,High
4308,Consistent Learner,Web Development,3,51,82,12,87,673,5,54,Intermediate,Operating Systems,Low
4309,Struggling Student,DSA,1,17,43,4,54,102,1,6,Beginner,Programming Fundamentals,High
4310,Casual Learner,Machine Learning,3,29,74,7,61,278,4,12,Intermediate,Web Development,Medium
4311,Casual Learner,Machine Learning,3,22,54,4,64,261,3,18,Intermediate,Object-Oriented Programming,Medium
4312,Struggling Student,Computer Networks,2,14,50,4,53,155,2,8,Beginner,Programming Fundamentals,High
4313,Casual Learner,Programming,3,21,72,7,62,237,4,15,Intermediate,Web Development,Medium
4314,Struggling Student,Operating Systems,2,17,38,3,42,74,2,8,Beginner,Programming Basics,High
4315,Consistent Learner,Computer Networks,4,55,76,8,83,635,4,51,Intermediate,Machine Learning,Low
4316,Casual Learner,DSA,3,21,66,8,72,392,3,14,Intermediate,Computer Networks,Medium
4317,Inactive Student,Web Development,1,5,14,2,5,45,1,2,Beginner,Programming Fundamentals,High
4318,Casual Learner,Operating Systems,2,15,51,8,63,185,2,8,Intermediate,Web Development,Medium
4319,Consistent Learner,Machine Learning,4,48,76,11,80,563,4,40,Intermediate,Machine Learning,Low
4320,Consistent Learner,Database,3,43,76,12,87,627,4,60,Intermediate,Operating Systems,Low
4321,Struggling Student,Operating Systems,1,15,36,2,40,151,2,6,Beginner,Programming Fundamentals,High
4322,Casual Learner,DSA,3,20,71,5,75,399,4,25,Intermediate,Database Systems,Medium
4323,Struggling Student,Computer Networks,2,11,31,3,59,98,1,1,Beginner,Introduction to C++,High
4324,High Achiever,Programming,5,59,95,13,90,1034,6,72,Advanced,Machine Learning,Low
4325,Struggling Student,DSA,2,8,50,5,54,107,2,8,Beginner,Introduction to C++,High
4326,Casual Learner,Database,2,27,75,6,75,262,2,11,Intermediate,Computer Networks,Medium
4327,High Achiever,Database,5,74,91,16,88,940,7,49,Advanced,Operating Systems,Low
4328,Struggling Student,Computer Networks,1,18,36,2,53,70,1,8,Beginner,Introduction to C++,High
4329,Inactive Student,Web Development,1,5,13,2,31,53,1,1,Beginner,Programming Basics,High
4330,Struggling Student,Computer Networks,1,12,23,3,49,158,1,6,Beginner,Introduction to C++,High
4331,Casual Learner,Computer Networks,2,16,56,5,71,373,2,17,Intermediate,Computer Networks,Medium
4332,Consistent Learner,DSA,4,45,89,13,87,650,4,40,Intermediate,Operating Systems,Low
4333,High Achiever,Machine Learning,4,78,90,19,90,967,6,116,Advanced,Deep Learning,Low
4334,Struggling Student,Operating Systems,2,9,50,5,42,83,2,2,Beginner,Introduction to C++,High
4335,Casual Learner,Computer Networks,2,27,71,5,63,377,4,17,Intermediate,Object-Oriented Programming,Medium
4336,Struggling Student,Web Development,2,11,42,4,48,88,1,6,Beginner,Programming Basics,High
4337,Casual Learner,Operating Systems,3,27,62,5,60,195,4,17,Intermediate,Object-Oriented Programming,Medium
4338,Consistent Learner,Computer Networks,3,36,86,13,77,599,5,23,Intermediate,Database Systems,Low
4339,Casual Learner,Operating Systems,2,24,66,4,62,232,4,25,Intermediate,Database Systems,Medium
4340,Struggling Student,Operating Systems,1,18,49,5,60,145,1,7,Beginner,Database Systems,High
4341,Inactive Student,Web Development,1,5,5,2,20,37,1,1,Beginner,Introduction to C++,High
4342,Casual Learner,Programming,3,26,59,8,61,301,2,10,Intermediate,Web Development,Medium
4343,Casual Learner,Machine Learning,3,34,74,8,63,263,3,22,Intermediate,Object-Oriented Programming,Medium
4344,Inactive Student,Web Development,1,0,1,2,8,36,0,0,Beginner,Programming Fundamentals,High
4345,Struggling Student,DSA,1,11,36,6,46,120,2,7,Beginner,Programming Basics,High
4346,Consistent Learner,DSA,4,52,84,8,86,655,5,25,Intermediate,Operating Systems,Low
4347,High Achiever,Machine Learning,4,71,94,14,99,1020,7,48,Advanced,Advanced Algorithms,Low
4348,Casual Learner,Operating Systems,3,17,65,7,71,266,4,24,Intermediate,Data Structures,Medium
4349,Consistent Learner,Computer Networks,4,46,79,13,85,684,5,21,Intermediate,Machine Learning,Low
4350,Consistent Learner,Operating Systems,3,39,80,12,82,520,5,29,Intermediate,Operating Systems,Low
4351,Struggling Student,Machine Learning,2,6,31,3,51,162,2,5,Beginner,Introduction to C++,High
4352,Inactive Student,Web Development,1,4,9,2,31,17,1,1,Beginner,Programming Fundamentals,High
4353,Consistent Learner,Programming,4,39,82,8,75,462,6,42,Intermediate,Computer Networks,Low
4354,Casual Learner,Machine Learning,2,32,65,6,72,369,3,16,Intermediate,Data Structures,Medium
4355,Struggling Student,Database,1,15,20,4,56,61,1,1,Beginner,Programming Fundamentals,High
4356,Inactive Student,Machine Learning,1,5,13,1,38,31,1,1,Beginner,Introduction to C++,High
4357,Casual Learner,Machine Learning,2,29,67,8,73,276,2,17,Intermediate,Computer Networks,Medium
4358,Consistent Learner,Operating Systems,4,42,82,9,84,627,5,37,Intermediate,Operating Systems,Low
4359,Casual Learner,DSA,2,30,68,5,64,383,4,18,Intermediate,Object-Oriented Programming,Medium
4360,Casual Learner,Machine Learning,2,26,50,5,66,304,3,11,Intermediate,Web Development,Medium
4361,Struggling Student,Web Development,1,9,30,2,50,81,1,5,Beginner,Programming Basics,High
4362,Consistent Learner,Computer Networks,3,43,90,9,88,413,6,50,Intermediate,Operating Systems,Low
4363,Casual Learner,DSA,2,23,61,8,75,295,2,18,Intermediate,Database Systems,Medium
4364,High Achiever,Machine Learning,5,73,91,20,89,924,7,102,Advanced,Operating Systems,Low
4365,Consistent Learner,Web Development,4,41,89,13,86,668,5,39,Intermediate,Operating Systems,Low
4366,Struggling Student,Computer Networks,2,15,47,4,54,74,1,2,Beginner,Programming Fundamentals,High
4367,Casual Learner,Database,3,23,75,8,72,196,3,12,Intermediate,Computer Networks,Medium
4368,Consistent Learner,Database,4,43,90,11,90,542,4,48,Intermediate,Advanced Algorithms,Low
4369,Consistent Learner,DSA,3,51,83,12,89,627,5,44,Intermediate,Algorithms,Low
4370,Struggling Student,Machine Learning,1,13,44,6,56,120,2,6,Beginner,Introduction to C++,High
4371,Casual Learner,Computer Networks,2,19,73,5,61,343,2,6,Intermediate,Database Systems,Medium
4372,Casual Learner,Database,3,26,73,4,74,238,3,15,Intermediate,Computer Networks,Medium
4373,Consistent Learner,Programming,4,53,77,12,82,541,5,31,Intermediate,Machine Learning,Low
4374,Casual Learner,Operating Systems,3,18,54,5,67,243,2,18,Intermediate,Database Systems,Medium
4375,Consistent Learner,Database,3,46,90,10,75,692,5,30,Intermediate,Computer Networks,Low
4376,Consistent Learner,Computer Networks,3,54,87,8,90,686,5,60,Intermediate,Deep Learning,Low
4377,Casual Learner,Machine Learning,2,30,56,7,73,243,2,23,Intermediate,Database Systems,Medium
4378,Casual Learner,Machine Learning,2,28,62,7,60,325,3,23,Intermediate,Database Systems,Medium
4379,Casual Learner,Database,3,15,75,4,69,251,3,6,Intermediate,Database Systems,Medium
4380,Struggling Student,Machine Learning,2,7,50,6,40,147,1,1,Beginner,Introduction to C++,High
4381,Casual Learner,Computer Networks,2,19,62,6,64,294,4,10,Intermediate,Database Systems,Medium
4382,Consistent Learner,DSA,3,45,84,13,77,579,5,51,Intermediate,Data Structures,Low
4383,High Achiever,Web Development,5,61,99,20,100,1190,7,61,Advanced,Deep Learning,Low
4384,Struggling Student,Database,1,16,48,6,57,118,1,5,Beginner,Programming Basics,High
4385,Casual Learner,Computer Networks,3,21,72,8,60,273,2,17,Intermediate,Database Systems,Medium
4386,Casual Learner,Web Development,2,28,66,5,71,188,3,5,Intermediate,Database Systems,Medium
4387,High Achiever,DSA,4,68,99,18,95,793,6,56,Advanced,Advanced Algorithms,Low
4388,High Achiever,Web Development,4,72,97,12,90,947,7,68,Advanced,Deep Learning,Low
4389,Casual Learner,Operating Systems,2,18,59,8,65,259,2,12,Intermediate,Database Systems,Medium
4390,High Achiever,DSA,4,68,93,12,96,890,6,44,Advanced,Deep Learning,Low
4391,Casual Learner,Computer Networks,2,28,74,8,63,288,3,10,Intermediate,Object-Oriented Programming,Medium
4392,Casual Learner,Web Development,3,28,51,7,75,303,3,16,Intermediate,Computer Networks,Medium
4393,Consistent Learner,Operating Systems,3,45,84,8,75,563,6,60,Intermediate,Computer Networks,Low
4394,Struggling Student,Web Development,1,10,20,4,41,82,2,2,Beginner,Programming Basics,High
4395,Casual Learner,Database,3,31,64,5,66,267,3,21,Intermediate,Database Systems,Medium
4396,Struggling Student,Operating Systems,2,15,24,2,56,62,1,5,Beginner,Programming Basics,High
4397,High Achiever,Database,4,66,90,19,99,1186,7,114,Advanced,Machine Learning,Low
4398,High Achiever,Web Development,4,71,100,13,94,1092,6,51,Advanced,Deep Learning,Low
4399,Casual Learner,Computer Networks,3,28,52,5,69,184,4,13,Intermediate,Database Systems,Medium
4400,Casual Learner,Database,2,16,51,6,70,321,3,6,Intermediate,Computer Networks,Medium
4401,Casual Learner,DSA,2,35,65,4,72,326,4,6,Intermediate,Computer Networks,Medium
4402,Consistent Learner,Machine Learning,4,54,82,10,88,578,6,52,Intermediate,Algorithms,Low
4403,Inactive Student,DSA,1,5,12,0,35,13,1,1,Beginner,Introduction to C++,High
4404,High Achiever,DSA,5,66,95,20,99,749,7,44,Advanced,Advanced Algorithms,Low
4405,Struggling Student,DSA,2,6,45,4,60,145,1,5,Beginner,Database Systems,High
4406,Casual Learner,Operating Systems,3,27,72,5,61,377,2,6,Intermediate,Database Systems,Medium
4407,Consistent Learner,Machine Learning,3,43,88,11,80,561,4,39,Intermediate,Algorithms,Low
4408,Casual Learner,Web Development,2,29,51,8,74,233,2,20,Intermediate,Data Structures,Medium
4409,Inactive Student,Machine Learning,1,0,12,1,34,58,0,0,Beginner,Programming Basics,High
4410,Consistent Learner,Computer Networks,4,47,78,13,80,681,4,43,Intermediate,Algorithms,Low
4411,High Achiever,Database,5,63,96,18,90,889,7,69,Advanced,Machine Learning,Low
4412,Consistent Learner,Database,3,48,78,9,89,606,6,52,Intermediate,Machine Learning,Low
4413,Consistent Learner,Operating Systems,3,53,86,11,84,650,5,43,Intermediate,Algorithms,Low
4414,Casual Learner,Computer Networks,3,18,64,5,67,202,3,20,Intermediate,Object-Oriented Programming,Medium
4415,Inactive Student,Programming,1,2,5,1,5,16,1,1,Beginner,Programming Basics,High
4416,Struggling Student,Database,1,18,28,4,43,107,1,7,Beginner,Introduction to C++,High
4417,Consistent Learner,Database,3,54,88,13,84,588,5,25,Intermediate,Operating Systems,Low
4418,Casual Learner,Machine Learning,2,22,73,7,61,245,4,21,Intermediate,Database Systems,Medium
4419,Struggling Student,DSA,1,14,26,6,46,116,1,7,Beginner,Introduction to C++,High
4420,Struggling Student,Database,1,18,35,5,40,150,2,5,Beginner,Programming Fundamentals,High
4421,Casual Learner,Database,3,23,74,6,60,383,2,18,Intermediate,Web Development,Medium
4422,High Achiever,Database,4,64,92,17,93,874,7,51,Advanced,Advanced Algorithms,Low
4423,Consistent Learner,Operating Systems,4,39,77,9,83,462,6,43,Intermediate,Machine Learning,Low
4424,High Achiever,Programming,5,63,92,17,100,772,7,83,Advanced,Machine Learning,Low
4425,Consistent Learner,Machine Learning,3,51,83,13,80,406,5,30,Intermediate,Machine Learning,Low
4426,High Achiever,Web Development,4,61,94,12,99,1039,6,119,Advanced,Machine Learning,Low
4427,Casual Learner,Programming,2,19,63,7,65,295,2,12,Intermediate,Object-Oriented Programming,Medium
4428,Struggling Student,DSA,2,12,49,5,54,97,2,6,Beginner,Programming Fundamentals,High
4429,Struggling Student,Operating Systems,1,14,40,4,52,128,2,8,Beginner,Introduction to C++,High
4430,Casual Learner,DSA,3,23,69,8,66,381,2,11,Intermediate,Database Systems,Medium
4431,Casual Learner,Computer Networks,3,20,73,7,73,309,3,24,Intermediate,Data Structures,Medium
4432,Inactive Student,Database,1,1,12,2,27,57,1,2,Beginner,Programming Fundamentals,High
4433,Consistent Learner,DSA,3,41,77,11,78,505,4,50,Intermediate,Database Systems,Low
4434,Casual Learner,Database,2,24,51,5,67,228,2,8,Intermediate,Web Development,Medium
4435,Consistent Learner,Computer Networks,3,51,75,8,87,606,5,54,Intermediate,Algorithms,Low
4436,Consistent Learner,Web Development,3,52,76,14,78,513,6,53,Intermediate,Computer Networks,Low
4437,Struggling Student,Machine Learning,2,8,22,2,51,95,1,8,Beginner,Programming Fundamentals,High
4438,Inactive Student,Database,1,3,7,1,5,55,1,2,Beginner,Programming Basics,High
4439,High Achiever,Web Development,5,55,98,18,90,820,7,85,Advanced,Machine Learning,Low
4440,Consistent Learner,Programming,3,48,80,14,79,559,5,55,Intermediate,Computer Networks,Low
4441,Casual Learner,DSA,3,18,70,8,64,289,4,8,Intermediate,Object-Oriented Programming,Medium
4442,Consistent Learner,Web Development,3,37,76,12,84,416,4,40,Intermediate,Machine Learning,Low
4443,Struggling Student,Machine Learning,2,15,20,5,44,150,1,1,Beginner,Programming Fundamentals,High
4444,Inactive Student,Web Development,1,5,11,0,27,33,1,1,Beginner,Introduction to C++,High
4445,High Achiever,Machine Learning,4,68,98,13,100,900,6,54,Advanced,Deep Learning,Low
4446,High Achiever,DSA,5,61,90,20,98,1198,7,50,Advanced,Deep Learning,Low
4447,Struggling Student,Machine Learning,1,8,39,2,59,174,1,1,Beginner,Programming Basics,High
4448,Consistent Learner,Operating Systems,4,40,87,14,76,646,4,60,Intermediate,Data Structures,Low
4449,Inactive Student,Database,1,3,9,2,20,57,1,2,Beginner,Programming Fundamentals,High
4450,Struggling Student,Operating Systems,1,6,27,3,54,89,1,6,Beginner,Programming Basics,High
4451,Consistent Learner,Operating Systems,3,40,79,12,89,489,5,36,Intermediate,Algorithms,Low
4452,High Achiever,Machine Learning,4,72,100,16,95,1094,7,77,Advanced,Machine Learning,Low
4453,Casual Learner,Machine Learning,3,24,61,8,68,296,4,6,Intermediate,Object-Oriented Programming,Medium
4454,Casual Learner,Computer Networks,2,23,74,7,66,282,3,24,Intermediate,Web Development,Medium
4455,Consistent Learner,Operating Systems,4,46,86,13,75,543,5,54,Intermediate,Data Structures,Low
4456,Casual Learner,Database,2,15,73,7,74,188,4,23,Intermediate,Data Structures,Medium
4457,Struggling Student,Programming,2,17,24,2,60,172,1,4,Beginner,Database Systems,High
4458,Inactive Student,Computer Networks,1,4,0,1,12,13,0,0,Beginner,Introduction to C++,High
4459,Casual Learner,Machine Learning,3,23,50,4,61,201,3,17,Intermediate,Object-Oriented Programming,Medium
4460,High Achiever,Machine Learning,4,61,95,14,88,1134,7,61,Advanced,Algorithms,Low
4461,Struggling Student,Web Development,1,15,38,3,42,109,2,3,Beginner,Introduction to C++,High
4462,Consistent Learner,DSA,3,38,87,8,84,426,6,29,Intermediate,Algorithms,Low
4463,High Achiever,Programming,5,57,97,13,97,1106,7,80,Advanced,Deep Learning,Low
4464,Inactive Student,Database,1,0,10,0,38,42,1,0,Beginner,Programming Fundamentals,High
4465,High Achiever,Computer Networks,4,55,95,18,100,925,6,85,Advanced,Machine Learning,Low
4466,Struggling Student,DSA,2,14,31,2,55,162,2,4,Beginner,Introduction to C++,High
4467,Consistent Learner,Programming,3,55,75,9,80,669,5,50,Intermediate,Algorithms,Low
4468,High Achiever,Web Development,5,78,96,12,90,850,6,64,Advanced,Deep Learning,Low
4469,Struggling Student,Web Development,2,9,22,4,58,65,2,8,Beginner,Programming Basics,High
4470,Casual Learner,DSA,2,19,72,7,75,357,4,16,Intermediate,Data Structures,Medium
4471,Consistent Learner,Programming,4,51,89,12,78,605,6,55,Intermediate,Data Structures,Low
4472,High Achiever,Programming,5,58,91,13,92,783,7,54,Advanced,Machine Learning,Low
4473,Consistent Learner,Operating Systems,4,46,84,11,89,511,4,33,Intermediate,Machine Learning,Low
4474,High Achiever,Computer Networks,5,77,94,13,97,1156,6,92,Advanced,Deep Learning,Low
4475,Casual Learner,Database,3,35,51,8,71,301,4,5,Intermediate,Data Structures,Medium
4476,Consistent Learner,Programming,3,50,87,8,89,414,5,26,Intermediate,Algorithms,Low
4477,Casual Learner,Programming,2,18,71,5,74,234,4,12,Intermediate,Data Structures,Medium
4478,Casual Learner,Machine Learning,2,29,55,4,67,261,3,23,Intermediate,Database Systems,Medium
4479,Consistent Learner,Operating Systems,4,43,75,8,77,691,4,40,Intermediate,Database Systems,Low
4480,Struggling Student,Operating Systems,2,16,21,5,57,164,1,5,Beginner,Programming Basics,High
4481,High Achiever,Operating Systems,5,61,94,14,92,1191,6,55,Advanced,Deep Learning,Low
4482,Struggling Student,Web Development,2,9,41,5,53,78,2,3,Beginner,Programming Basics,High
4483,Consistent Learner,Operating Systems,3,55,88,10,79,437,4,47,Intermediate,Computer Networks,Low
4484,Consistent Learner,Programming,3,51,86,8,85,476,4,37,Intermediate,Operating Systems,Low
4485,Casual Learner,Database,2,17,74,7,69,288,3,15,Intermediate,Object-Oriented Programming,Medium
4486,Struggling Student,DSA,1,11,44,4,58,161,2,1,Beginner,Introduction to C++,High
4487,High Achiever,Database,5,58,91,15,95,1175,6,68,Advanced,Advanced Algorithms,Low
4488,Casual Learner,Computer Networks,3,22,70,4,60,307,4,24,Intermediate,Web Development,Medium
4489,High Achiever,Web Development,5,73,100,17,95,1082,7,46,Advanced,Machine Learning,Low
4490,Casual Learner,Operating Systems,2,15,58,4,70,342,3,25,Intermediate,Database Systems,Medium
4491,Casual Learner,Operating Systems,3,22,57,6,67,275,4,25,Intermediate,Web Development,Medium
4492,Casual Learner,Web Development,3,16,53,7,71,219,3,12,Intermediate,Data Structures,Medium
4493,Casual Learner,Operating Systems,3,25,51,6,60,383,4,11,Intermediate,Database Systems,Medium
4494,High Achiever,Computer Networks,4,71,95,18,96,993,7,74,Advanced,Advanced Algorithms,Low
4495,High Achiever,Machine Learning,5,60,99,12,93,1070,7,44,Advanced,Advanced Algorithms,Low
4496,Consistent Learner,Machine Learning,3,51,77,12,83,628,6,29,Intermediate,Machine Learning,Low
4497,Consistent Learner,Programming,4,41,80,10,77,618,6,26,Intermediate,Data Structures,Low
4498,Casual Learner,Operating Systems,3,16,75,7,65,369,3,21,Intermediate,Web Development,Medium
4499,Struggling Student,Machine Learning,1,13,37,2,52,124,1,2,Beginner,Programming Basics,High
4500,Consistent Learner,Computer Networks,3,49,85,12,79,683,4,30,Intermediate,Data Structures,Low
4501,Consistent Learner,Programming,3,45,87,11,90,470,5,20,Intermediate,Advanced Algorithms,Low
4502,Struggling Student,DSA,2,17,48,5,43,114,1,8,Beginner,Programming Fundamentals,High
4503,High Achiever,Database,4,61,94,14,95,1034,7,64,Advanced,Machine Learning,Low
4504,Consistent Learner,Computer Networks,4,42,90,14,83,492,4,39,Intermediate,Operating Systems,Low
4505,Consistent Learner,Machine Learning,4,40,76,11,82,646,5,27,Intermediate,Machine Learning,Low
4506,Casual Learner,Web Development,2,34,72,8,69,216,3,6,Intermediate,Web Development,Medium
4507,Consistent Learner,Machine Learning,3,45,82,14,75,694,5,42,Intermediate,Computer Networks,Low
4508,Struggling Student,Computer Networks,2,12,39,6,47,110,2,3,Beginner,Introduction to C++,High
4509,Consistent Learner,Machine Learning,4,49,79,9,78,616,6,24,Intermediate,Data Structures,Low
4510,Casual Learner,Programming,2,25,53,4,62,241,4,11,Intermediate,Object-Oriented Programming,Medium
4511,High Achiever,Web Development,5,61,95,12,90,1144,7,91,Advanced,Advanced Algorithms,Low
4512,Consistent Learner,Machine Learning,4,38,80,9,79,464,4,34,Intermediate,Data Structures,Low
4513,Inactive Student,Machine Learning,1,3,7,2,20,56,1,0,Beginner,Programming Fundamentals,High
4514,Casual Learner,DSA,2,22,65,4,71,323,3,21,Intermediate,Data Structures,Medium
4515,Casual Learner,DSA,2,22,53,7,65,215,3,25,Intermediate,Object-Oriented Programming,Medium
4516,Casual Learner,Machine Learning,2,29,52,6,63,339,2,7,Intermediate,Database Systems,Medium
4517,Struggling Student,Database,2,16,39,6,57,160,1,1,Beginner,Programming Basics,High
4518,Casual Learner,Database,3,22,67,4,63,237,2,19,Intermediate,Object-Oriented Programming,Medium
4519,Casual Learner,Machine Learning,3,27,55,6,71,260,3,5,Intermediate,Database Systems,Medium
4520,Struggling Student,Programming,1,10,49,3,51,101,1,4,Beginner,Introduction to C++,High
4521,Casual Learner,Programming,2,31,50,8,65,324,4,12,Intermediate,Web Development,Medium
4522,Inactive Student,Programming,1,1,17,1,31,30,0,1,Beginner,Programming Fundamentals,High
4523,Casual Learner,Database,2,29,52,6,73,377,3,8,Intermediate,Database Systems,Medium
4524,Struggling Student,Operating Systems,1,8,43,2,54,158,1,7,Beginner,Introduction to C++,High
4525,Casual Learner,Web Development,2,35,71,7,66,375,2,7,Intermediate,Object-Oriented Programming,Medium
4526,Casual Learner,Programming,3,17,53,8,70,266,4,12,Intermediate,Data Structures,Medium
4527,Casual Learner,Web Development,2,18,56,6,61,238,3,20,Intermediate,Web Development,Medium
4528,High Achiever,Web Development,4,79,93,19,97,1023,6,43,Advanced,Deep Learning,Low
4529,High Achiever,Machine Learning,4,56,90,16,93,964,6,45,Advanced,Deep Learning,Low
4530,High Achiever,Programming,5,60,94,19,99,852,6,78,Advanced,Deep Learning,Low
4531,Casual Learner,Web Development,2,19,61,6,61,376,3,15,Intermediate,Object-Oriented Programming,Medium
4532,Casual Learner,Machine Learning,2,25,72,5,72,386,3,24,Intermediate,Computer Networks,Medium
4533,High Achiever,Programming,5,60,90,17,95,980,6,69,Advanced,Deep Learning,Low
4534,Casual Learner,Computer Networks,3,15,67,4,73,318,4,13,Intermediate,Database Systems,Medium
4535,Consistent Learner,Database,4,52,77,14,89,534,5,31,Intermediate,Algorithms,Low
4536,Inactive Student,Database,1,0,20,1,5,57,1,2,Beginner,Programming Fundamentals,High
4537,Consistent Learner,Web Development,4,35,80,8,78,601,6,51,Intermediate,Database Systems,Low
4538,Casual Learner,Machine Learning,2,16,50,4,67,245,4,7,Intermediate,Database Systems,Medium
4539,Struggling Student,Database,1,11,40,5,40,133,1,5,Beginner,Introduction to C++,High
4540,Inactive Student,Database,1,2,16,1,0,3,0,0,Beginner,Introduction to C++,High
4541,High Achiever,Database,5,63,95,16,97,936,7,107,Advanced,Machine Learning,Low
4542,Consistent Learner,Machine Learning,4,46,80,10,88,409,5,55,Intermediate,Operating Systems,Low
4543,Casual Learner,Operating Systems,3,27,63,5,70,293,3,6,Intermediate,Data Structures,Medium
4544,Inactive Student,Machine Learning,1,0,15,2,21,47,0,0,Beginner,Programming Fundamentals,High
4545,High Achiever,Computer Networks,4,80,96,17,90,1048,7,47,Advanced,Advanced Algorithms,Low
4546,Casual Learner,Database,3,34,50,6,67,207,3,5,Intermediate,Database Systems,Medium
4547,Struggling Student,Operating Systems,1,17,35,4,42,140,2,5,Beginner,Introduction to C++,High
4548,Inactive Student,Web Development,1,5,12,0,6,40,0,2,Beginner,Programming Basics,High
4549,Struggling Student,DSA,1,6,38,5,52,120,1,3,Beginner,Introduction to C++,High
4550,Consistent Learner,Web Development,3,48,83,10,83,594,6,46,Intermediate,Machine Learning,Low
4551,Consistent Learner,Computer Networks,3,43,84,8,82,494,6,24,Intermediate,Algorithms,Low
4552,Struggling Student,Operating Systems,1,18,34,3,48,180,2,8,Beginner,Programming Fundamentals,High
4553,Casual Learner,Computer Networks,2,33,64,6,62,363,3,14,Intermediate,Web Development,Medium
4554,Inactive Student,Machine Learning,1,2,0,0,36,42,1,1,Beginner,Introduction to C++,High
4555,Struggling Student,Operating Systems,2,11,27,6,44,142,2,8,Beginner,Programming Fundamentals,High
4556,High Achiever,Web Development,4,70,96,19,94,1111,7,113,Advanced,Deep Learning,Low
4557,Inactive Student,Web Development,1,4,1,1,15,17,0,1,Beginner,Programming Basics,High
4558,Casual Learner,Operating Systems,3,18,63,5,74,258,3,18,Intermediate,Database Systems,Medium
4559,Casual Learner,Computer Networks,3,16,72,8,62,330,2,24,Intermediate,Object-Oriented Programming,Medium
4560,Struggling Student,DSA,2,18,28,3,50,133,1,2,Beginner,Introduction to C++,High
4561,Casual Learner,Machine Learning,3,15,66,6,73,372,3,15,Intermediate,Computer Networks,Medium
4562,High Achiever,Computer Networks,5,75,96,15,100,1156,7,102,Advanced,Machine Learning,Low
4563,Casual Learner,Operating Systems,3,29,65,7,63,249,2,16,Intermediate,Database Systems,Medium
4564,Struggling Student,Web Development,1,7,31,2,42,106,2,5,Beginner,Introduction to C++,High
4565,Casual Learner,Programming,3,29,75,6,64,274,3,25,Intermediate,Object-Oriented Programming,Medium
4566,Casual Learner,Database,3,26,60,6,75,279,4,18,Intermediate,Data Structures,Medium
4567,Consistent Learner,Database,4,40,75,13,85,413,6,41,Intermediate,Algorithms,Low
4568,Struggling Student,Computer Networks,2,7,35,5,44,127,1,8,Beginner,Introduction to C++,High
4569,Casual Learner,Computer Networks,3,16,72,8,68,395,2,25,Intermediate,Database Systems,Medium
4570,Struggling Student,Programming,1,11,49,5,59,129,1,3,Beginner,Introduction to C++,High
4571,Casual Learner,Database,3,32,55,8,69,230,4,16,Intermediate,Object-Oriented Programming,Medium
4572,High Achiever,Web Development,5,80,91,18,93,814,7,103,Advanced,Deep Learning,Low
4573,Casual Learner,Database,2,23,65,4,73,253,4,7,Intermediate,Computer Networks,Medium
4574,High Achiever,DSA,5,73,95,12,98,941,6,83,Advanced,Advanced Algorithms,Low
4575,Consistent Learner,Programming,3,47,77,10,88,643,6,23,Intermediate,Machine Learning,Low
4576,Casual Learner,DSA,2,16,65,4,60,314,2,11,Intermediate,Object-Oriented Programming,Medium
4577,Struggling Student,Computer Networks,2,18,43,6,40,78,1,8,Beginner,Introduction to C++,High
4578,Consistent Learner,Operating Systems,4,53,80,14,83,544,4,55,Intermediate,Algorithms,Low
4579,High Achiever,Web Development,5,74,99,13,89,1030,6,113,Advanced,Machine Learning,Low
4580,Casual Learner,Database,2,22,52,4,64,321,3,24,Intermediate,Object-Oriented Programming,Medium
4581,Consistent Learner,Database,4,38,77,13,79,414,4,34,Intermediate,Computer Networks,Low
4582,Struggling Student,Computer Networks,1,10,39,5,53,147,2,5,Beginner,Programming Basics,High
4583,Consistent Learner,Database,3,52,81,13,90,582,6,38,Intermediate,Machine Learning,Low
4584,Casual Learner,Database,3,22,65,7,67,258,4,22,Intermediate,Web Development,Medium
4585,Struggling Student,Programming,1,5,46,3,54,120,1,2,Beginner,Introduction to C++,High
4586,Casual Learner,Operating Systems,2,27,55,6,61,395,3,16,Intermediate,Object-Oriented Programming,Medium
4587,Consistent Learner,Web Development,3,43,84,13,82,638,4,45,Intermediate,Operating Systems,Low
4588,Struggling Student,Operating Systems,2,14,48,3,56,172,2,2,Beginner,Programming Basics,High
4589,Struggling Student,Web Development,2,7,36,5,55,92,2,7,Beginner,Programming Fundamentals,High
4590,High Achiever,Database,4,69,96,14,97,893,7,80,Advanced,Machine Learning,Low
4591,Struggling Student,Database,1,16,30,5,47,69,1,3,Beginner,Programming Basics,High
4592,Consistent Learner,Database,3,35,89,14,78,690,4,28,Intermediate,Computer Networks,Low
4593,Struggling Student,Database,1,17,42,3,54,67,1,7,Beginner,Introduction to C++,High
4594,Casual Learner,Programming,3,34,62,5,71,261,2,7,Intermediate,Computer Networks,Medium
4595,Consistent Learner,DSA,3,37,75,8,85,661,5,43,Intermediate,Machine Learning,Low
4596,Casual Learner,DSA,2,22,65,4,61,365,4,7,Intermediate,Web Development,Medium
4597,Casual Learner,Database,2,17,64,6,73,187,3,12,Intermediate,Data Structures,Medium
4598,Consistent Learner,Programming,4,41,89,9,82,646,6,22,Intermediate,Algorithms,Low
4599,Struggling Student,Operating Systems,1,6,41,4,58,81,2,3,Beginner,Programming Basics,High
4600,Struggling Student,Machine Learning,1,18,25,4,40,60,2,2,Beginner,Programming Basics,High
4601,Casual Learner,Database,3,33,63,7,61,223,4,15,Intermediate,Object-Oriented Programming,Medium
4602,Inactive Student,Database,1,1,10,2,2,53,1,1,Beginner,Programming Basics,High
4603,High Achiever,Machine Learning,4,80,90,16,93,726,6,80,Advanced,Advanced Algorithms,Low
4604,Consistent Learner,Programming,3,53,85,12,88,429,4,50,Intermediate,Machine Learning,Low
4605,Casual Learner,DSA,3,30,65,8,73,286,2,15,Intermediate,Database Systems,Medium
4606,Inactive Student,Operating Systems,1,2,12,0,20,30,1,0,Beginner,Introduction to C++,High
4607,Consistent Learner,Database,4,43,76,11,83,656,5,27,Intermediate,Operating Systems,Low
4608,Struggling Student,Database,2,6,43,6,45,123,2,2,Beginner,Programming Basics,High
4609,Consistent Learner,Machine Learning,3,47,76,10,75,438,6,51,Intermediate,Computer Networks,Low
4610,Struggling Student,Database,2,12,21,6,45,111,2,7,Beginner,Introduction to C++,High
4611,Struggling Student,Database,2,16,29,2,49,175,2,3,Beginner,Programming Fundamentals,High
4612,Inactive Student,Database,1,1,12,1,40,1,0,2,Beginner,Introduction to C++,High
4613,Struggling Student,Programming,2,18,23,3,54,145,2,3,Beginner,Introduction to C++,High
4614,Casual Learner,Machine Learning,3,16,59,5,68,196,3,23,Intermediate,Web Development,Medium
4615,Casual Learner,Database,2,15,64,7,62,292,4,5,Intermediate,Object-Oriented Programming,Medium
4616,Casual Learner,Programming,3,22,63,6,75,219,4,12,Intermediate,Computer Networks,Medium
4617,Struggling Student,Operating Systems,2,11,33,2,41,100,2,2,Beginner,Introduction to C++,High
4618,Struggling Student,Database,1,5,45,5,53,61,1,8,Beginner,Introduction to C++,High
4619,Struggling Student,Programming,1,5,48,5,55,130,2,3,Beginner,Programming Fundamentals,High
4620,Consistent Learner,Database,4,49,88,8,88,647,5,22,Intermediate,Machine Learning,Low
4621,Casual Learner,DSA,2,34,73,5,65,321,2,14,Intermediate,Web Development,Medium
4622,Struggling Student,Database,1,5,50,6,44,74,2,3,Beginner,Introduction to C++,High
4623,Inactive Student,Computer Networks,1,2,19,1,34,14,0,1,Beginner,Introduction to C++,High
4624,Inactive Student,Database,1,5,1,2,36,6,0,2,Beginner,Programming Basics,High
4625,Consistent Learner,Machine Learning,4,44,89,13,87,673,6,21,Intermediate,Algorithms,Low
4626,Consistent Learner,Operating Systems,3,45,87,14,79,431,6,33,Intermediate,Database Systems,Low
4627,High Achiever,Programming,4,59,95,19,98,719,6,91,Advanced,Advanced Algorithms,Low
4628,Consistent Learner,Programming,4,42,89,8,82,590,5,59,Intermediate,Machine Learning,Low
4629,Struggling Student,Machine Learning,1,10,23,5,54,175,2,2,Beginner,Introduction to C++,High
4630,Struggling Student,DSA,2,17,50,4,57,170,2,4,Beginner,Introduction to C++,High
4631,Struggling Student,Programming,1,17,31,3,52,125,2,4,Beginner,Programming Basics,High
4632,Struggling Student,Machine Learning,1,7,30,4,51,65,1,7,Beginner,Programming Fundamentals,High
4633,Consistent Learner,Machine Learning,4,52,89,14,81,686,5,26,Intermediate,Operating Systems,Low
4634,Inactive Student,Computer Networks,1,2,3,0,3,40,0,1,Beginner,Introduction to C++,High
4635,Consistent Learner,Database,4,42,82,8,75,541,5,23,Intermediate,Data Structures,Low
4636,Struggling Student,Database,2,5,42,6,59,149,2,1,Beginner,Introduction to C++,High
4637,Consistent Learner,Operating Systems,3,50,86,12,75,545,5,49,Intermediate,Computer Networks,Low
4638,Inactive Student,Computer Networks,1,2,17,0,3,16,1,0,Beginner,Programming Basics,High
4639,Casual Learner,Machine Learning,2,20,64,7,68,274,2,11,Intermediate,Object-Oriented Programming,Medium
4640,Casual Learner,Operating Systems,2,25,70,4,63,339,4,15,Intermediate,Database Systems,Medium
4641,Consistent Learner,Web Development,3,52,75,12,84,492,5,39,Intermediate,Algorithms,Low
4642,Consistent Learner,Machine Learning,3,51,85,14,75,627,4,42,Intermediate,Database Systems,Low
4643,Consistent Learner,Programming,4,39,86,8,85,589,4,27,Intermediate,Algorithms,Low
4644,Consistent Learner,Database,4,37,77,14,89,683,6,50,Intermediate,Operating Systems,Low
4645,Struggling Student,Operating Systems,2,5,43,4,43,86,1,5,Beginner,Programming Basics,High
4646,Casual Learner,Database,2,24,53,5,60,362,2,20,Intermediate,Database Systems,Medium
4647,Casual Learner,Programming,3,26,52,6,73,328,4,11,Intermediate,Data Structures,Medium
4648,Struggling Student,DSA,2,11,42,6,44,160,2,5,Beginner,Introduction to C++,High
4649,Consistent Learner,Web Development,3,36,79,13,86,491,4,58,Intermediate,Algorithms,Low
4650,Consistent Learner,Programming,4,48,81,11,76,624,4,29,Intermediate,Database Systems,Low
4651,Struggling Student,Operating Systems,1,8,35,3,59,168,2,2,Beginner,Programming Basics,High
4652,Casual Learner,Machine Learning,2,33,57,7,72,328,3,11,Intermediate,Database Systems,Medium
4653,Consistent Learner,Web Development,4,41,77,13,84,561,6,58,Intermediate,Machine Learning,Low
4654,Consistent Learner,Web Development,3,46,76,14,85,455,5,44,Intermediate,Operating Systems,Low
4655,Consistent Learner,Computer Networks,3,52,89,12,90,610,4,35,Intermediate,Advanced Algorithms,Low
4656,Struggling Student,DSA,1,5,28,3,46,90,1,4,Beginner,Programming Basics,High
4657,Casual Learner,Web Development,2,19,60,4,64,306,2,13,Intermediate,Object-Oriented Programming,Medium
4658,High Achiever,Database,4,79,98,18,94,919,7,99,Advanced,Machine Learning,Low
4659,Struggling Student,Computer Networks,1,11,21,3,54,100,2,7,Beginner,Introduction to C++,High
4660,Consistent Learner,Machine Learning,3,46,81,11,81,671,4,55,Intermediate,Operating Systems,Low
4661,Inactive Student,DSA,1,1,6,0,36,29,0,0,Beginner,Programming Fundamentals,High
4662,Struggling Student,Machine Learning,1,9,34,5,41,140,2,6,Beginner,Programming Basics,High
4663,Casual Learner,Web Development,2,18,50,8,73,394,2,17,Intermediate,Database Systems,Medium
4664,Casual Learner,Computer Networks,2,31,70,4,73,319,4,17,Intermediate,Data Structures,Medium
4665,High Achiever,Operating Systems,5,80,98,20,89,1148,6,102,Advanced,Operating Systems,Low
4666,High Achiever,Computer Networks,4,66,92,20,98,836,7,81,Advanced,Advanced Algorithms,Low
4667,Inactive Student,Web Development,1,4,2,2,28,38,0,0,Beginner,Programming Fundamentals,High
4668,Consistent Learner,Computer Networks,4,54,89,8,81,463,4,55,Intermediate,Algorithms,Low
4669,Casual Learner,Database,2,34,67,6,68,245,4,19,Intermediate,Web Development,Medium
4670,Casual Learner,Operating Systems,3,32,57,5,68,286,3,22,Intermediate,Database Systems,Medium
4671,Inactive Student,Web Development,1,5,20,0,24,3,0,0,Beginner,Programming Basics,High
4672,High Achiever,Machine Learning,4,68,96,18,92,728,7,117,Advanced,Advanced Algorithms,Low
4673,Casual Learner,Computer Networks,3,22,70,4,75,365,4,5,Intermediate,Computer Networks,Medium
4674,Consistent Learner,Machine Learning,3,55,85,13,82,624,4,28,Intermediate,Machine Learning,Low
4675,Struggling Student,Operating Systems,2,5,29,2,50,160,2,8,Beginner,Programming Fundamentals,High
4676,Inactive Student,Programming,1,1,20,2,28,12,0,1,Beginner,Programming Basics,High
4677,Inactive Student,Programming,1,3,10,1,8,17,1,2,Beginner,Programming Fundamentals,High
4678,Consistent Learner,Computer Networks,4,42,81,14,78,654,6,30,Intermediate,Database Systems,Low
4679,Consistent Learner,Operating Systems,3,46,90,11,88,469,4,53,Intermediate,Machine Learning,Low
4680,Struggling Student,Web Development,2,16,49,5,48,174,1,2,Beginner,Introduction to C++,High
4681,Casual Learner,Database,3,27,54,4,75,310,4,15,Intermediate,Database Systems,Medium
4682,Consistent Learner,DSA,4,45,84,9,83,571,6,47,Intermediate,Machine Learning,Low
4683,Casual Learner,Machine Learning,2,33,69,4,74,221,2,18,Intermediate,Database Systems,Medium
4684,Casual Learner,Programming,3,15,53,6,68,206,2,21,Intermediate,Object-Oriented Programming,Medium
4685,Casual Learner,DSA,3,32,66,5,67,337,2,11,Intermediate,Web Development,Medium
4686,Casual Learner,Machine Learning,3,19,54,6,68,288,4,21,Intermediate,Web Development,Medium
4687,Casual Learner,Machine Learning,3,28,52,4,67,272,3,16,Intermediate,Database Systems,Medium
4688,Consistent Learner,Machine Learning,3,52,84,9,90,440,6,39,Intermediate,Advanced Algorithms,Low
4689,Consistent Learner,DSA,4,42,86,8,87,416,4,24,Intermediate,Algorithms,Low
4690,Struggling Student,Web Development,2,18,32,2,58,162,2,2,Beginner,Introduction to C++,High
4691,Casual Learner,Programming,2,15,51,8,63,290,3,16,Intermediate,Web Development,Medium
4692,Casual Learner,Database,3,25,59,5,61,193,2,20,Intermediate,Web Development,Medium
4693,Struggling Student,Operating Systems,2,7,40,5,49,170,1,1,Beginner,Programming Fundamentals,High
4694,Consistent Learner,Operating Systems,3,45,89,13,81,428,5,32,Intermediate,Algorithms,Low
4695,High Achiever,Web Development,5,79,96,13,88,1083,7,47,Advanced,Operating Systems,Low
4696,Casual Learner,Computer Networks,3,17,53,7,62,234,4,13,Intermediate,Object-Oriented Programming,Medium
4697,Casual Learner,Database,2,15,63,6,65,217,3,18,Intermediate,Database Systems,Medium
4698,Consistent Learner,Operating Systems,4,48,85,9,88,582,4,40,Intermediate,Algorithms,Low
4699,Consistent Learner,Web Development,4,37,77,11,75,480,6,43,Intermediate,Computer Networks,Low
4700,Casual Learner,Database,2,32,67,7,70,271,4,25,Intermediate,Computer Networks,Medium
4701,Casual Learner,Database,2,16,58,4,71,262,2,21,Intermediate,Computer Networks,Medium
4702,Struggling Student,DSA,1,5,45,2,52,178,2,4,Beginner,Programming Basics,High
4703,Inactive Student,DSA,1,5,4,2,31,29,1,1,Beginner,Programming Fundamentals,High
4704,Struggling Student,DSA,1,17,42,3,58,149,2,6,Beginner,Programming Fundamentals,High
4705,Casual Learner,Web Development,3,35,73,6,61,255,3,19,Intermediate,Object-Oriented Programming,Medium
4706,Consistent Learner,Computer Networks,4,43,90,9,81,551,4,56,Intermediate,Algorithms,Low
4707,Casual Learner,Computer Networks,2,15,51,8,74,323,3,14,Intermediate,Data Structures,Medium
4708,Casual Learner,DSA,2,17,62,6,64,211,2,21,Intermediate,Object-Oriented Programming,Medium
4709,Casual Learner,Machine Learning,3,34,65,4,65,252,4,23,Intermediate,Object-Oriented Programming,Medium
4710,High Achiever,Computer Networks,5,70,99,13,93,1092,7,69,Advanced,Deep Learning,Low
4711,Casual Learner,Database,3,26,53,5,67,253,2,13,Intermediate,Database Systems,Medium
4712,High Achiever,Operating Systems,5,77,90,20,100,710,7,67,Advanced,Machine Learning,Low
4713,Inactive Student,DSA,1,4,10,2,18,15,1,1,Beginner,Programming Fundamentals,High
4714,Struggling Student,Computer Networks,2,18,30,6,40,155,2,4,Beginner,Programming Fundamentals,High
4715,Struggling Student,Programming,1,13,25,2,60,72,1,3,Beginner,Database Systems,High
4716,Consistent Learner,DSA,3,51,77,10,83,534,5,55,Intermediate,Operating Systems,Low
4717,Casual Learner,Operating Systems,3,35,64,4,75,194,3,5,Intermediate,Database Systems,Medium
4718,High Achiever,Database,4,75,96,14,94,1042,6,63,Advanced,Deep Learning,Low
4719,Casual Learner,Database,2,19,63,6,74,219,2,20,Intermediate,Computer Networks,Medium
4720,Casual Learner,Database,3,16,65,8,67,292,4,21,Intermediate,Database Systems,Medium
4721,Casual Learner,Database,2,35,56,8,73,393,2,17,Intermediate,Computer Networks,Medium
4722,Struggling Student,Operating Systems,2,10,28,4,43,170,1,6,Beginner,Introduction to C++,High
4723,Inactive Student,Machine Learning,1,1,16,0,25,51,0,2,Beginner,Programming Fundamentals,High
4724,High Achiever,Web Development,5,58,95,17,90,946,7,97,Advanced,Advanced Algorithms,Low
4725,Struggling Student,Web Development,1,10,40,4,47,84,1,2,Beginner,Programming Fundamentals,High
4726,Casual Learner,Operating Systems,2,17,75,5,69,389,3,15,Intermediate,Database Systems,Medium
4727,Struggling Student,Machine Learning,2,16,23,5,52,106,1,3,Beginner,Programming Basics,High
4728,Struggling Student,Operating Systems,1,17,21,3,55,127,2,5,Beginner,Programming Fundamentals,High
4729,Casual Learner,Machine Learning,3,31,71,7,61,376,2,16,Intermediate,Object-Oriented Programming,Medium
4730,Casual Learner,Database,2,31,70,4,73,229,2,24,Intermediate,Computer Networks,Medium
4731,High Achiever,DSA,5,67,99,15,90,1073,7,113,Advanced,Advanced Algorithms,Low
4732,Consistent Learner,Operating Systems,4,44,87,14,80,491,5,52,Intermediate,Operating Systems,Low
4733,Casual Learner,Database,2,17,52,6,65,351,3,11,Intermediate,Web Development,Medium
4734,Casual Learner,Operating Systems,2,29,60,7,66,367,2,14,Intermediate,Web Development,Medium
4735,Consistent Learner,Computer Networks,4,38,87,13,83,561,6,56,Intermediate,Operating Systems,Low
4736,Consistent Learner,Computer Networks,4,41,83,8,79,652,5,24,Intermediate,Database Systems,Low
4737,Casual Learner,DSA,3,31,60,4,74,195,3,8,Intermediate,Computer Networks,Medium
4738,Consistent Learner,Programming,3,35,81,8,88,631,4,21,Intermediate,Machine Learning,Low
4739,Consistent Learner,Programming,4,43,86,11,88,439,6,46,Intermediate,Machine Learning,Low
4740,Struggling Student,Computer Networks,2,17,20,2,50,66,2,4,Beginner,Introduction to C++,High
4741,Inactive Student,Operating Systems,1,0,0,0,25,41,1,1,Beginner,Introduction to C++,High
4742,Consistent Learner,Database,4,46,88,14,87,585,6,49,Intermediate,Algorithms,Low
4743,Struggling Student,Machine Learning,2,12,29,2,41,103,1,7,Beginner,Programming Fundamentals,High
4744,Consistent Learner,Programming,3,42,82,8,84,618,6,31,Intermediate,Algorithms,Low
4745,Consistent Learner,Web Development,3,48,78,14,87,571,4,49,Intermediate,Algorithms,Low
4746,Struggling Student,Operating Systems,1,10,26,4,45,129,1,8,Beginner,Programming Fundamentals,High
4747,Casual Learner,Computer Networks,3,19,68,5,61,327,4,17,Intermediate,Object-Oriented Programming,Medium
4748,Consistent Learner,Programming,4,38,76,11,87,462,5,58,Intermediate,Algorithms,Low
4749,Consistent Learner,Operating Systems,4,36,85,12,76,537,4,27,Intermediate,Database Systems,Low
4750,Casual Learner,Machine Learning,3,29,69,7,66,206,4,23,Intermediate,Database Systems,Medium
4751,Casual Learner,Programming,3,16,67,7,68,337,3,7,Intermediate,Object-Oriented Programming,Medium
4752,High Achiever,Operating Systems,4,55,98,19,96,964,7,100,Advanced,Deep Learning,Low
4753,Struggling Student,Machine Learning,1,9,44,3,54,104,2,7,Beginner,Programming Fundamentals,High
4754,Casual Learner,DSA,3,23,66,5,67,183,2,23,Intermediate,Web Development,Medium
4755,Casual Learner,Database,3,30,60,8,71,184,2,11,Intermediate,Data Structures,Medium
4756,Consistent Learner,Operating Systems,3,37,77,14,85,595,5,53,Intermediate,Algorithms,Low
4757,Consistent Learner,Machine Learning,3,52,80,10,87,557,6,27,Intermediate,Operating Systems,Low
4758,Consistent Learner,Programming,4,45,76,12,83,485,6,33,Intermediate,Operating Systems,Low
4759,High Achiever,Machine Learning,5,75,93,19,96,743,6,55,Advanced,Advanced Algorithms,Low
4760,Struggling Student,Programming,2,6,36,2,47,108,1,1,Beginner,Introduction to C++,High
4761,Inactive Student,Machine Learning,1,0,9,1,19,18,1,0,Beginner,Introduction to C++,High
4762,Casual Learner,Machine Learning,2,25,53,8,67,337,3,9,Intermediate,Database Systems,Medium
4763,Casual Learner,Programming,2,34,71,5,73,382,4,24,Intermediate,Data Structures,Medium
4764,High Achiever,Machine Learning,5,76,90,18,96,737,7,79,Advanced,Machine Learning,Low
4765,Casual Learner,Computer Networks,3,27,53,4,75,374,3,9,Intermediate,Computer Networks,Medium
4766,Consistent Learner,Programming,4,50,76,12,75,575,6,53,Intermediate,Computer Networks,Low
4767,Inactive Student,Machine Learning,1,1,8,2,0,16,1,1,Beginner,Programming Fundamentals,High
4768,Casual Learner,Computer Networks,3,30,55,6,60,188,2,6,Intermediate,Object-Oriented Programming,Medium
4769,High Achiever,Programming,5,57,97,17,97,985,7,62,Advanced,Machine Learning,Low
4770,Casual Learner,Machine Learning,3,35,64,7,68,345,2,24,Intermediate,Database Systems,Medium
4771,Casual Learner,Operating Systems,3,31,56,5,71,199,4,23,Intermediate,Data Structures,Medium
4772,High Achiever,DSA,5,62,93,16,97,1127,6,58,Advanced,Deep Learning,Low
4773,Inactive Student,Web Development,1,5,15,0,34,20,1,2,Beginner,Programming Basics,High
4774,Casual Learner,DSA,2,34,71,6,71,247,2,13,Intermediate,Database Systems,Medium
4775,Casual Learner,DSA,2,22,66,4,63,210,3,25,Intermediate,Database Systems,Medium
4776,Casual Learner,Machine Learning,3,18,71,6,63,233,4,22,Intermediate,Database Systems,Medium
4777,Inactive Student,Operating Systems,1,1,5,0,30,23,0,2,Beginner,Programming Basics,High
4778,Casual Learner,DSA,2,29,60,5,70,218,4,12,Intermediate,Data Structures,Medium
4779,Consistent Learner,Database,3,38,81,12,86,647,6,47,Intermediate,Machine Learning,Low
4780,Inactive Student,DSA,1,4,0,1,12,56,0,1,Beginner,Programming Basics,High
4781,High Achiever,Computer Networks,5,77,95,17,99,967,6,79,Advanced,Advanced Algorithms,Low
4782,Consistent Learner,Database,3,50,80,12,87,495,5,42,Intermediate,Operating Systems,Low
4783,Casual Learner,DSA,2,29,50,7,65,341,4,16,Intermediate,Web Development,Medium
4784,Inactive Student,Computer Networks,1,1,12,0,33,3,1,1,Beginner,Programming Fundamentals,High
4785,High Achiever,Computer Networks,4,68,92,15,99,1040,6,92,Advanced,Deep Learning,Low
4786,Consistent Learner,Programming,3,37,86,9,79,630,6,21,Intermediate,Data Structures,Low
4787,Struggling Student,Operating Systems,1,18,48,4,54,121,2,7,Beginner,Programming Fundamentals,High
4788,Casual Learner,Computer Networks,3,21,73,7,62,240,3,23,Intermediate,Web Development,Medium
4789,Casual Learner,Programming,2,25,57,8,65,318,4,22,Intermediate,Web Development,Medium
4790,Inactive Student,Operating Systems,1,1,4,2,14,42,1,1,Beginner,Introduction to C++,High
4791,Casual Learner,Database,2,35,65,7,68,386,3,15,Intermediate,Object-Oriented Programming,Medium
4792,Consistent Learner,Database,4,39,80,9,75,677,6,33,Intermediate,Database Systems,Low
4793,Struggling Student,Operating Systems,2,15,28,3,58,132,2,2,Beginner,Programming Basics,High
4794,Casual Learner,Web Development,2,32,71,7,61,366,3,23,Intermediate,Web Development,Medium
4795,Struggling Student,DSA,2,10,22,2,52,144,1,3,Beginner,Programming Fundamentals,High
4796,High Achiever,Web Development,4,73,98,18,88,856,6,102,Advanced,Operating Systems,Low
4797,Consistent Learner,Web Development,3,36,82,11,81,406,5,44,Intermediate,Operating Systems,Low
4798,Consistent Learner,Computer Networks,4,40,85,13,76,697,5,59,Intermediate,Database Systems,Low
4799,High Achiever,DSA,5,60,98,20,96,1014,6,110,Advanced,Advanced Algorithms,Low
4800,Struggling Student,Machine Learning,2,17,20,6,42,71,1,8,Beginner,Programming Basics,High
4801,Consistent Learner,Computer Networks,3,41,87,8,82,611,6,21,Intermediate,Operating Systems,Low
4802,Casual Learner,Machine Learning,3,23,75,6,66,385,3,9,Intermediate,Object-Oriented Programming,Medium
4803,Struggling Student,DSA,2,18,45,5,55,169,2,4,Beginner,Programming Fundamentals,High
4804,Struggling Student,DSA,1,16,38,2,56,67,2,4,Beginner,Programming Fundamentals,High
4805,Struggling Student,Computer Networks,1,5,44,6,55,132,2,6,Beginner,Introduction to C++,High
4806,Casual Learner,Operating Systems,3,20,53,8,63,322,2,7,Intermediate,Web Development,Medium
4807,Struggling Student,Web Development,2,12,25,6,42,151,1,2,Beginner,Programming Basics,High
4808,Consistent Learner,Web Development,4,54,89,10,87,403,4,23,Intermediate,Algorithms,Low
4809,Casual Learner,Programming,2,17,65,8,63,294,2,14,Intermediate,Object-Oriented Programming,Medium
4810,Struggling Student,Operating Systems,1,12,47,4,56,129,1,2,Beginner,Programming Fundamentals,High
4811,Consistent Learner,Operating Systems,3,35,88,9,75,533,4,44,Intermediate,Database Systems,Low
4812,High Achiever,Web Development,4,67,91,20,97,752,6,113,Advanced,Deep Learning,Low
4813,Consistent Learner,Programming,3,37,89,12,80,565,4,34,Intermediate,Machine Learning,Low
4814,Struggling Student,DSA,1,8,37,2,42,87,2,1,Beginner,Programming Basics,High
4815,High Achiever,Machine Learning,4,74,94,12,89,1143,7,89,Advanced,Operating Systems,Low
4816,Consistent Learner,Operating Systems,3,47,76,11,90,473,5,30,Intermediate,Machine Learning,Low
4817,Casual Learner,Database,3,16,72,8,60,291,4,11,Intermediate,Web Development,Medium
4818,Casual Learner,Database,2,22,56,6,60,208,3,10,Intermediate,Database Systems,Medium
4819,High Achiever,Programming,4,64,99,16,94,1180,6,102,Advanced,Machine Learning,Low
4820,High Achiever,Database,4,80,95,13,91,813,6,43,Advanced,Advanced Algorithms,Low
4821,Consistent Learner,DSA,3,53,79,10,75,644,5,25,Intermediate,Computer Networks,Low
4822,Struggling Student,Database,2,11,30,3,47,132,1,4,Beginner,Introduction to C++,High
4823,Consistent Learner,Machine Learning,4,50,83,9,82,451,6,40,Intermediate,Operating Systems,Low
4824,High Achiever,Programming,4,80,98,16,89,900,6,88,Advanced,Machine Learning,Low
4825,Consistent Learner,Programming,4,48,82,13,78,537,5,43,Intermediate,Data Structures,Low
4826,Inactive Student,Operating Systems,1,0,7,2,16,49,1,1,Beginner,Programming Fundamentals,High
4827,Struggling Student,Computer Networks,2,11,47,4,60,80,1,2,Beginner,Web Development,High
4828,High Achiever,Computer Networks,4,59,93,14,88,748,7,84,Advanced,Algorithms,Low
4829,Casual Learner,Machine Learning,2,27,73,4,63,398,3,16,Intermediate,Object-Oriented Programming,Medium
4830,Casual Learner,Database,2,33,55,7,74,301,4,16,Intermediate,Data Structures,Medium
4831,Consistent Learner,Programming,4,55,80,13,79,663,6,38,Intermediate,Data Structures,Low
4832,Struggling Student,Computer Networks,2,10,33,6,60,131,2,3,Beginner,Object-Oriented Programming,High
4833,High Achiever,Programming,5,72,97,13,88,1124,6,89,Advanced,Operating Systems,Low
4834,Consistent Learner,Database,4,47,84,8,83,549,4,50,Intermediate,Algorithms,Low
4835,Casual Learner,Machine Learning,3,24,60,5,62,255,3,23,Intermediate,Database Systems,Medium
4836,Consistent Learner,Machine Learning,3,36,79,13,75,618,6,57,Intermediate,Database Systems,Low
4837,Consistent Learner,DSA,4,48,83,9,89,471,6,36,Intermediate,Algorithms,Low
4838,Casual Learner,Programming,2,34,50,8,65,246,3,6,Intermediate,Web Development,Medium
4839,Casual Learner,Database,3,24,64,4,64,394,2,18,Intermediate,Object-Oriented Programming,Medium
4840,Casual Learner,Programming,3,16,75,7,60,222,2,16,Intermediate,Object-Oriented Programming,Medium
4841,Consistent Learner,DSA,3,41,83,13,77,630,5,31,Intermediate,Data Structures,Low
4842,Casual Learner,Machine Learning,3,24,52,7,71,248,4,6,Intermediate,Data Structures,Medium
4843,Consistent Learner,Web Development,3,46,83,12,80,683,4,48,Intermediate,Algorithms,Low
4844,Casual Learner,DSA,3,34,70,4,60,374,4,10,Intermediate,Web Development,Medium
4845,Casual Learner,Computer Networks,3,28,53,5,61,380,3,14,Intermediate,Database Systems,Medium
4846,Consistent Learner,Web Development,4,47,83,11,86,595,4,41,Intermediate,Algorithms,Low
4847,Casual Learner,Database,2,17,70,6,67,383,4,23,Intermediate,Web Development,Medium
4848,Consistent Learner,Web Development,3,53,80,12,88,461,4,29,Intermediate,Operating Systems,Low
4849,Consistent Learner,Database,3,43,82,12,79,565,6,41,Intermediate,Data Structures,Low
4850,High Achiever,DSA,5,65,99,13,96,1090,6,112,Advanced,Advanced Algorithms,Low
4851,High Achiever,Database,4,71,93,12,93,799,6,95,Advanced,Deep Learning,Low
4852,Consistent Learner,Programming,3,36,82,12,84,409,4,47,Intermediate,Operating Systems,Low
4853,Casual Learner,Operating Systems,3,33,54,4,63,368,2,15,Intermediate,Object-Oriented Programming,Medium
4854,Struggling Student,Programming,2,5,39,4,55,97,2,6,Beginner,Programming Fundamentals,High
4855,Consistent Learner,Operating Systems,4,53,78,10,82,661,5,47,Intermediate,Machine Learning,Low
4856,Consistent Learner,Computer Networks,4,42,78,14,85,590,5,51,Intermediate,Machine Learning,Low
4857,Casual Learner,Machine Learning,3,34,55,8,72,226,4,18,Intermediate,Data Structures,Medium
4858,Consistent Learner,Web Development,3,40,83,9,90,421,4,60,Intermediate,Advanced Algorithms,Low
4859,High Achiever,Computer Networks,4,65,96,18,100,864,6,73,Advanced,Machine Learning,Low
4860,Casual Learner,Database,2,15,64,7,67,218,4,21,Intermediate,Database Systems,Medium
4861,Consistent Learner,Computer Networks,3,55,88,8,86,444,6,26,Intermediate,Machine Learning,Low
4862,Struggling Student,DSA,2,7,47,3,53,155,1,8,Beginner,Introduction to C++,High
4863,Struggling Student,DSA,2,8,37,2,42,87,1,5,Beginner,Programming Basics,High
4864,Consistent Learner,DSA,4,50,78,14,88,687,4,46,Intermediate,Algorithms,Low
4865,High Achiever,Computer Networks,5,69,96,14,88,927,6,72,Advanced,Machine Learning,Low
4866,Casual Learner,Operating Systems,2,26,59,4,68,391,3,16,Intermediate,Database Systems,Medium
4867,Struggling Student,Web Development,1,6,40,2,52,125,2,3,Beginner,Introduction to C++,High
4868,Casual Learner,Web Development,2,15,67,8,68,237,4,11,Intermediate,Object-Oriented Programming,Medium
4869,High Achiever,Machine Learning,5,70,98,13,94,891,7,41,Advanced,Advanced Algorithms,Low
4870,Casual Learner,Programming,3,17,66,8,61,372,4,9,Intermediate,Database Systems,Medium
4871,Consistent Learner,Web Development,3,52,80,11,77,639,4,36,Intermediate,Computer Networks,Low
4872,Consistent Learner,Operating Systems,4,41,88,14,81,440,5,56,Intermediate,Algorithms,Low
4873,Casual Learner,Machine Learning,2,21,64,5,64,330,4,11,Intermediate,Web Development,Medium
4874,Struggling Student,Programming,2,10,20,3,40,159,1,5,Beginner,Programming Fundamentals,High
4875,High Achiever,Programming,5,64,97,18,92,997,6,101,Advanced,Machine Learning,Low
4876,Casual Learner,Web Development,2,21,57,7,64,358,2,25,Intermediate,Database Systems,Medium
4877,Struggling Student,Operating Systems,1,13,22,4,51,174,1,3,Beginner,Introduction to C++,High
4878,Casual Learner,Machine Learning,2,16,55,4,66,281,3,7,Intermediate,Database Systems,Medium
4879,High Achiever,DSA,4,71,94,13,99,942,7,91,Advanced,Machine Learning,Low
4880,Consistent Learner,Web Development,4,54,75,11,80,611,6,36,Intermediate,Operating Systems,Low
4881,Casual Learner,Programming,3,15,57,8,62,286,3,22,Intermediate,Object-Oriented Programming,Medium
4882,Consistent Learner,Machine Learning,3,49,82,12,85,690,4,23,Intermediate,Operating Systems,Low
4883,Struggling Student,Operating Systems,1,17,34,6,43,95,2,6,Beginner,Programming Basics,High
4884,Casual Learner,DSA,3,33,66,5,67,378,2,6,Intermediate,Database Systems,Medium
4885,Consistent Learner,Database,4,38,77,10,88,481,4,23,Intermediate,Operating Systems,Low
4886,Consistent Learner,Machine Learning,3,37,83,11,90,419,4,37,Intermediate,Advanced Algorithms,Low
4887,Inactive Student,Operating Systems,1,1,17,0,16,18,1,0,Beginner,Programming Basics,High
4888,High Achiever,Machine Learning,4,79,96,14,92,980,7,79,Advanced,Advanced Algorithms,Low
4889,Consistent Learner,DSA,3,49,88,13,77,645,4,28,Intermediate,Database Systems,Low
4890,Casual Learner,Web Development,2,28,74,5,70,343,2,12,Intermediate,Database Systems,Medium
4891,Casual Learner,Operating Systems,2,28,61,7,69,199,4,18,Intermediate,Web Development,Medium
4892,Casual Learner,Computer Networks,2,28,62,5,67,301,4,16,Intermediate,Database Systems,Medium
4893,Struggling Student,Operating Systems,2,10,27,4,55,117,2,8,Beginner,Programming Fundamentals,High
4894,Consistent Learner,DSA,4,45,82,11,77,674,6,52,Intermediate,Computer Networks,Low
4895,Consistent Learner,Database,4,52,80,9,87,419,5,28,Intermediate,Machine Learning,Low
4896,Consistent Learner,Programming,3,46,87,11,76,479,4,50,Intermediate,Computer Networks,Low
4897,Consistent Learner,Database,3,47,78,13,75,519,5,46,Intermediate,Data Structures,Low
4898,Struggling Student,Machine Learning,2,5,27,6,40,98,1,8,Beginner,Introduction to C++,High
4899,High Achiever,DSA,5,74,98,12,96,1074,7,80,Advanced,Deep Learning,Low
4900,Struggling Student,Programming,2,17,47,2,59,165,2,1,Beginner,Introduction to C++,High
4901,Struggling Student,Computer Networks,1,14,45,3,42,90,1,5,Beginner,Programming Basics,High
4902,Consistent Learner,Web Development,4,53,84,9,86,421,4,45,Intermediate,Machine Learning,Low
4903,Casual Learner,Database,3,30,59,8,72,234,4,9,Intermediate,Computer Networks,Medium
4904,High Achiever,Programming,5,76,90,17,94,730,7,80,Advanced,Deep Learning,Low
4905,Consistent Learner,Computer Networks,4,38,76,12,87,403,4,47,Intermediate,Machine Learning,Low
4906,Struggling Student,Web Development,1,15,30,3,42,116,2,7,Beginner,Programming Basics,High
4907,Struggling Student,DSA,2,9,42,4,52,136,2,2,Beginner,Programming Fundamentals,High
4908,High Achiever,DSA,4,79,96,19,93,934,7,86,Advanced,Deep Learning,Low
4909,Consistent Learner,Programming,4,52,81,10,80,613,4,43,Intermediate,Algorithms,Low
4910,Consistent Learner,Machine Learning,3,55,84,12,88,604,5,23,Intermediate,Operating Systems,Low
4911,Struggling Student,Operating Systems,1,13,34,4,56,131,1,5,Beginner,Programming Basics,High
4912,Consistent Learner,Programming,3,48,82,10,89,533,5,26,Intermediate,Algorithms,Low
4913,Struggling Student,Web Development,1,14,48,3,54,138,1,3,Beginner,Programming Basics,High
4914,Casual Learner,Machine Learning,2,15,69,6,69,235,2,10,Intermediate,Object-Oriented Programming,Medium
4915,Struggling Student,Database,2,10,46,5,59,138,1,1,Beginner,Introduction to C++,High
4916,Consistent Learner,Web Development,4,52,90,9,82,429,5,33,Intermediate,Machine Learning,Low
4917,Consistent Learner,Operating Systems,3,49,77,13,86,455,4,38,Intermediate,Algorithms,Low
4918,Consistent Learner,Web Development,4,50,87,11,86,696,6,32,Intermediate,Operating Systems,Low
4919,High Achiever,DSA,5,74,96,19,91,939,6,115,Advanced,Deep Learning,Low
4920,Casual Learner,Database,3,33,53,5,60,394,4,14,Intermediate,Database Systems,Medium
4921,Consistent Learner,Programming,3,52,83,10,81,686,6,53,Intermediate,Algorithms,Low
4922,Consistent Learner,Machine Learning,4,47,83,8,82,598,5,51,Intermediate,Machine Learning,Low
4923,Struggling Student,Machine Learning,2,18,36,6,58,110,1,8,Beginner,Programming Fundamentals,High
4924,Casual Learner,Machine Learning,2,24,53,8,67,262,4,6,Intermediate,Web Development,Medium
4925,Struggling Student,Machine Learning,2,14,21,4,49,93,2,5,Beginner,Programming Basics,High
4926,Casual Learner,Web Development,2,26,59,6,70,365,2,20,Intermediate,Computer Networks,Medium
4927,Casual Learner,Programming,3,23,64,5,75,250,2,19,Intermediate,Database Systems,Medium
4928,Inactive Student,Operating Systems,1,4,7,2,7,59,1,1,Beginner,Programming Basics,High
4929,Consistent Learner,Machine Learning,3,52,75,9,85,611,6,58,Intermediate,Operating Systems,Low
4930,Casual Learner,Computer Networks,2,32,70,6,75,302,3,5,Intermediate,Computer Networks,Medium
4931,Casual Learner,Programming,2,21,68,8,66,394,4,25,Intermediate,Object-Oriented Programming,Medium
4932,Inactive Student,Web Development,1,3,19,1,19,49,1,0,Beginner,Programming Basics,High
4933,Struggling Student,Web Development,2,6,36,5,45,112,2,8,Beginner,Programming Fundamentals,High
4934,Struggling Student,Machine Learning,2,6,32,3,47,157,2,4,Beginner,Programming Fundamentals,High
4935,High Achiever,Programming,4,59,96,14,92,1050,7,78,Advanced,Machine Learning,Low
4936,Casual Learner,Web Development,3,26,75,6,75,295,2,15,Intermediate,Data Structures,Medium
4937,Consistent Learner,Database,3,43,85,10,78,467,4,49,Intermediate,Database Systems,Low
4938,Consistent Learner,Machine Learning,3,37,80,14,82,530,6,30,Intermediate,Operating Systems,Low
4939,High Achiever,Programming,4,55,95,15,94,864,6,76,Advanced,Advanced Algorithms,Low
4940,Consistent Learner,Machine Learning,4,54,88,12,76,419,4,58,Intermediate,Data Structures,Low
4941,Struggling Student,DSA,1,17,48,4,44,163,2,1,Beginner,Introduction to C++,High
4942,Struggling Student,Programming,2,15,34,4,56,148,2,3,Beginner,Introduction to C++,High
4943,Casual Learner,Web Development,2,35,75,5,75,294,4,23,Intermediate,Computer Networks,Medium
4944,Struggling Student,Operating Systems,1,8,27,4,53,180,2,3,Beginner,Programming Basics,High
4945,High Achiever,Database,5,80,95,19,94,1193,7,50,Advanced,Deep Learning,Low
4946,Struggling Student,Computer Networks,1,14,46,4,41,153,2,5,Beginner,Programming Basics,High
4947,High Achiever,Programming,5,57,100,19,91,1042,6,92,Advanced,Deep Learning,Low
4948,Struggling Student,DSA,2,15,33,4,51,96,2,2,Beginner,Programming Basics,High
4949,Struggling Student,Operating Systems,1,8,44,6,48,154,2,8,Beginner,Programming Fundamentals,High
4950,Consistent Learner,Database,4,36,77,14,80,661,6,27,Intermediate,Machine Learning,Low
4951,Casual Learner,Operating Systems,3,21,60,6,65,267,4,18,Intermediate,Object-Oriented Programming,Medium
4952,Struggling Student,Machine Learning,2,17,43,2,55,148,1,4,Beginner,Programming Fundamentals,High
4953,Consistent Learner,Computer Networks,4,45,77,9,83,422,5,37,Intermediate,Operating Systems,Low
4954,High Achiever,Operating Systems,5,55,95,20,90,1042,7,46,Advanced,Deep Learning,Low
4955,Casual Learner,Database,3,28,72,6,62,213,2,17,Intermediate,Web Development,Medium
4956,High Achiever,Computer Networks,5,58,91,17,100,1003,7,67,Advanced,Advanced Algorithms,Low
4957,Casual Learner,Database,2,15,57,4,70,316,3,17,Intermediate,Database Systems,Medium
4958,Consistent Learner,Operating Systems,4,43,79,12,75,564,5,21,Intermediate,Data Structures,Low
4959,Casual Learner,DSA,2,18,68,6,61,300,4,20,Intermediate,Object-Oriented Programming,Medium
4960,High Achiever,Operating Systems,5,76,93,12,88,822,7,120,Advanced,Algorithms,Low
4961,Inactive Student,Computer Networks,1,4,5,1,9,1,1,2,Beginner,Introduction to C++,High
4962,Struggling Student,Database,2,16,32,3,56,98,2,6,Beginner,Introduction to C++,High
4963,Struggling Student,Computer Networks,2,13,42,3,47,136,1,5,Beginner,Programming Basics,High
4964,High Achiever,Machine Learning,5,57,98,20,96,880,7,110,Advanced,Deep Learning,Low
4965,Casual Learner,DSA,2,33,60,7,65,365,4,12,Intermediate,Web Development,Medium
4966,Casual Learner,DSA,2,17,67,8,73,388,3,25,Intermediate,Computer Networks,Medium
4967,Casual Learner,Operating Systems,3,27,74,4,74,372,3,15,Intermediate,Database Systems,Medium
4968,Consistent Learner,Database,4,55,89,8,81,480,5,26,Intermediate,Operating Systems,Low
4969,Struggling Student,Machine Learning,2,10,36,5,50,66,1,3,Beginner,Programming Basics,High
4970,Casual Learner,Computer Networks,2,16,58,7,61,298,3,11,Intermediate,Web Development,Medium
4971,High Achiever,Web Development,5,72,94,19,95,797,6,45,Advanced,Machine Learning,Low
4972,Consistent Learner,Operating Systems,4,43,75,13,90,520,6,26,Intermediate,Advanced Algorithms,Low
4973,Casual Learner,Machine Learning,2,18,52,5,61,373,2,17,Intermediate,Database Systems,Medium
4974,Inactive Student,Machine Learning,1,5,20,0,25,39,1,0,Beginner,Introduction to C++,High
4975,High Achiever,Computer Networks,5,68,100,18,92,947,6,43,Advanced,Deep Learning,Low
4976,Casual Learner,DSA,3,20,64,6,73,273,2,5,Intermediate,Computer Networks,Medium
4977,Consistent Learner,Computer Networks,3,35,75,8,87,440,6,53,Intermediate,Algorithms,Low
4978,Consistent Learner,Database,3,53,76,8,90,551,4,44,Intermediate,Deep Learning,Low
4979,Struggling Student,Database,1,5,37,5,40,162,2,3,Beginner,Programming Fundamentals,High
4980,Struggling Student,DSA,1,11,35,3,46,76,2,7,Beginner,Programming Fundamentals,High
4981,Consistent Learner,Database,4,38,76,11,76,601,4,47,Intermediate,Database Systems,Low
4982,Inactive Student,DSA,1,3,14,2,34,56,0,0,Beginner,Introduction to C++,High
4983,High Achiever,Programming,4,56,97,14,100,1011,6,104,Advanced,Advanced Algorithms,Low
4984,Consistent Learner,Machine Learning,3,38,78,11,76,576,5,37,Intermediate,Database Systems,Low
4985,Casual Learner,Computer Networks,3,25,67,6,74,373,3,19,Intermediate,Computer Networks,Medium
4986,High Achiever,DSA,4,67,100,19,99,863,7,102,Advanced,Advanced Algorithms,Low
4987,Inactive Student,Operating Systems,1,0,18,2,39,37,0,2,Beginner,Introduction to C++,High
4988,Casual Learner,Machine Learning,3,25,55,5,61,317,2,14,Intermediate,Database Systems,Medium
4989,Struggling Student,DSA,2,8,20,4,59,164,1,1,Beginner,Introduction to C++,High
4990,Struggling Student,Programming,1,7,32,5,51,103,2,8,Beginner,Introduction to C++,High
4991,Consistent Learner,Computer Networks,4,44,77,11,81,670,4,41,Intermediate,Algorithms,Low
4992,High Achiever,Operating Systems,4,75,93,12,91,1131,7,104,Advanced,Machine Learning,Low
4993,High Achiever,Operating Systems,4,67,93,15,88,978,6,73,Advanced,Operating Systems,Low
4994,Inactive Student,Operating Systems,1,5,20,0,34,56,1,2,Beginner,Programming Basics,High
4995,High Achiever,Operating Systems,5,71,90,16,92,1059,6,47,Advanced,Deep Learning,Low
4996,Inactive Student,Computer Networks,1,3,15,0,5,6,0,1,Beginner,Programming Basics,High
4997,Struggling Student,Machine Learning,1,5,38,6,43,168,2,7,Beginner,Introduction to C++,High
4998,Inactive Student,Database,1,1,2,1,9,59,1,1,Beginner,Programming Basics,High
4999,Struggling Student,Web Development,1,6,20,5,40,179,2,7,Beginner,Programming Fundamentals,High
5000,Casual Learner,Database,3,24,53,6,75,240,3,24,Intermediate,Database Systems,Medium
5001,Casual Learner,Machine Learning,3,21,70,7,69,227,3,10,Intermediate,Database Systems,Medium
5002,Casual Learner,Web Development,3,30,75,5,71,202,3,25,Intermediate,Database Systems,Medium
5003,High Achiever,Computer Networks,4,76,100,15,98,945,6,52,Advanced,Deep Learning,Low
5004,Casual Learner,Programming,3,35,51,7,62,269,4,8,Intermediate,Web Development,Medium
5005,Casual Learner,Web Development,2,19,57,4,69,304,3,9,Intermediate,Database Systems,Medium
5006,Struggling Student,Web Development,1,16,22,4,60,142,2,4,Beginner,Object-Oriented Programming,High
5007,Struggling Student,Machine Learning,2,6,32,3,58,147,1,7,Beginner,Programming Basics,High
5008,Casual Learner,Operating Systems,2,25,73,7,72,193,4,11,Intermediate,Data Structures,Medium
5009,Inactive Student,Machine Learning,1,4,1,1,5,40,0,1,Beginner,Programming Basics,High
5010,Consistent Learner,Machine Learning,3,48,82,10,88,670,4,53,Intermediate,Machine Learning,Low
5011,Casual Learner,Computer Networks,2,24,65,5,69,359,3,8,Intermediate,Web Development,Medium
5012,Casual Learner,Web Development,2,18,75,8,75,370,3,12,Intermediate,Data Structures,Medium
5013,Casual Learner,Database,3,24,54,8,66,215,3,21,Intermediate,Object-Oriented Programming,Medium
5014,Struggling Student,Machine Learning,2,5,39,3,58,168,2,2,Beginner,Introduction to C++,High
5015,Casual Learner,Machine Learning,2,32,59,6,68,314,2,17,Intermediate,Object-Oriented Programming,Medium
5016,Casual Learner,DSA,2,18,55,6,63,213,4,22,Intermediate,Database Systems,Medium
5017,Consistent Learner,Web Development,3,43,75,10,78,626,6,36,Intermediate,Database Systems,Low
5018,Inactive Student,Web Development,1,3,10,2,11,54,0,1,Beginner,Introduction to C++,High
5019,Struggling Student,Web Development,2,17,23,5,58,82,1,8,Beginner,Introduction to C++,High
5020,High Achiever,Programming,4,66,100,14,98,983,7,81,Advanced,Deep Learning,Low
5021,Casual Learner,Programming,3,15,70,4,71,386,3,13,Intermediate,Computer Networks,Medium
5022,Consistent Learner,Machine Learning,3,50,88,11,84,673,5,53,Intermediate,Machine Learning,Low
5023,High Achiever,Machine Learning,4,58,92,19,94,723,7,108,Advanced,Machine Learning,Low
5024,Consistent Learner,Machine Learning,4,52,80,13,79,531,5,28,Intermediate,Database Systems,Low
5025,Struggling Student,Operating Systems,1,11,47,2,46,172,2,4,Beginner,Introduction to C++,High
5026,High Achiever,Web Development,5,64,96,13,100,834,6,53,Advanced,Advanced Algorithms,Low
5027,Struggling Student,Computer Networks,1,5,40,2,49,146,2,4,Beginner,Programming Fundamentals,High
5028,Casual Learner,Computer Networks,2,35,55,8,67,386,3,21,Intermediate,Database Systems,Medium
5029,Consistent Learner,Computer Networks,3,38,79,11,90,437,4,48,Intermediate,Deep Learning,Low
5030,Casual Learner,Database,3,35,66,6,66,391,4,5,Intermediate,Web Development,Medium
5031,High Achiever,Web Development,5,63,97,16,88,1167,6,64,Advanced,Algorithms,Low
5032,Struggling Student,Operating Systems,1,7,38,2,52,93,1,7,Beginner,Introduction to C++,High
5033,Casual Learner,Database,2,19,72,8,67,298,3,13,Intermediate,Database Systems,Medium
5034,High Achiever,Web Development,5,72,97,14,96,707,6,70,Advanced,Advanced Algorithms,Low
5035,Struggling Student,Database,2,7,33,2,40,130,1,6,Beginner,Programming Fundamentals,High
5036,Casual Learner,Computer Networks,2,31,74,8,60,181,4,12,Intermediate,Object-Oriented Programming,Medium
5037,High Achiever,DSA,5,72,92,20,94,1143,7,120,Advanced,Machine Learning,Low
5038,Struggling Student,Computer Networks,1,5,49,3,40,118,1,1,Beginner,Programming Fundamentals,High
5039,High Achiever,Operating Systems,5,73,92,14,91,1147,7,88,Advanced,Advanced Algorithms,Low
5040,Consistent Learner,Programming,4,43,77,10,77,696,6,23,Intermediate,Database Systems,Low
5041,High Achiever,Operating Systems,4,69,92,14,99,1004,7,59,Advanced,Advanced Algorithms,Low
5042,Casual Learner,DSA,3,32,74,5,69,329,2,17,Intermediate,Object-Oriented Programming,Medium
5043,Casual Learner,Operating Systems,3,35,70,6,70,269,4,7,Intermediate,Data Structures,Medium
5044,Casual Learner,Operating Systems,2,22,61,6,71,296,2,21,Intermediate,Computer Networks,Medium
5045,Consistent Learner,Web Development,3,55,78,11,77,413,5,40,Intermediate,Computer Networks,Low
5046,Casual Learner,DSA,2,35,54,8,73,202,3,23,Intermediate,Computer Networks,Medium
5047,Casual Learner,Programming,3,17,63,7,70,340,4,10,Intermediate,Computer Networks,Medium
5048,High Achiever,Web Development,4,63,95,16,96,741,6,111,Advanced,Advanced Algorithms,Low
5049,Inactive Student,Web Development,1,5,5,2,17,21,1,2,Beginner,Programming Fundamentals,High
5050,Casual Learner,Machine Learning,3,16,51,8,65,287,2,22,Intermediate,Web Development,Medium
5051,Inactive Student,Database,1,5,17,0,31,42,0,0,Beginner,Programming Basics,High
5052,Casual Learner,Computer Networks,2,26,64,4,62,325,3,14,Intermediate,Object-Oriented Programming,Medium
5053,Inactive Student,Computer Networks,1,5,10,1,20,43,0,2,Beginner,Programming Fundamentals,High
5054,High Achiever,Database,5,75,96,20,88,1059,7,94,Advanced,Operating Systems,Low
5055,Struggling Student,Programming,1,10,42,6,43,76,1,7,Beginner,Programming Basics,High
5056,Consistent Learner,DSA,4,54,84,14,90,419,4,28,Intermediate,Deep Learning,Low
5057,High Achiever,Computer Networks,4,67,100,19,90,857,7,94,Advanced,Machine Learning,Low
5058,Casual Learner,Database,3,30,55,6,75,304,3,19,Intermediate,Database Systems,Medium
5059,Consistent Learner,Programming,3,45,89,9,75,448,6,23,Intermediate,Data Structures,Low
5060,Struggling Student,Operating Systems,2,8,28,5,49,140,1,1,Beginner,Introduction to C++,High
5061,Struggling Student,DSA,1,15,24,3,46,61,2,8,Beginner,Introduction to C++,High
5062,Casual Learner,DSA,3,32,74,5,75,276,3,19,Intermediate,Database Systems,Medium
5063,Struggling Student,Database,1,10,36,5,57,101,2,6,Beginner,Programming Basics,High
5064,Struggling Student,Web Development,2,9,50,6,55,127,1,7,Beginner,Introduction to C++,High
5065,Struggling Student,Machine Learning,2,6,27,2,41,66,1,6,Beginner,Introduction to C++,High
5066,Consistent Learner,Computer Networks,4,45,82,9,84,627,6,52,Intermediate,Machine Learning,Low
5067,High Achiever,Database,5,64,97,12,92,1118,6,79,Advanced,Deep Learning,Low
5068,High Achiever,Computer Networks,5,61,93,19,88,918,7,53,Advanced,Algorithms,Low
5069,Casual Learner,Machine Learning,3,35,53,5,74,399,3,25,Intermediate,Computer Networks,Medium
5070,Consistent Learner,Machine Learning,4,40,80,12,78,497,4,29,Intermediate,Database Systems,Low
5071,High Achiever,Computer Networks,5,69,91,13,96,702,6,88,Advanced,Deep Learning,Low
5072,Casual Learner,Web Development,3,21,62,4,68,319,4,5,Intermediate,Web Development,Medium
5073,Casual Learner,Machine Learning,2,29,53,6,67,355,3,23,Intermediate,Database Systems,Medium
5074,Casual Learner,Machine Learning,2,35,59,7,72,358,4,22,Intermediate,Computer Networks,Medium
5075,Consistent Learner,Machine Learning,4,37,87,13,77,669,6,50,Intermediate,Database Systems,Low
5076,Consistent Learner,Computer Networks,4,51,76,12,84,496,4,59,Intermediate,Machine Learning,Low
5077,Casual Learner,DSA,2,29,68,4,60,400,3,11,Intermediate,Web Development,Medium
5078,High Achiever,Web Development,4,66,95,19,92,731,6,120,Advanced,Advanced Algorithms,Low
5079,Struggling Student,Database,2,14,31,6,54,114,2,6,Beginner,Programming Fundamentals,High
5080,Struggling Student,Programming,1,11,36,2,47,64,2,4,Beginner,Introduction to C++,High
5081,Struggling Student,Programming,1,10,38,4,43,81,1,5,Beginner,Introduction to C++,High
5082,Casual Learner,DSA,2,20,75,6,61,371,2,14,Intermediate,Database Systems,Medium
5083,Consistent Learner,Web Development,3,38,87,9,89,538,4,41,Intermediate,Algorithms,Low
5084,Inactive Student,Database,1,4,4,2,26,12,0,1,Beginner,Programming Fundamentals,High
5085,High Achiever,DSA,4,69,94,12,90,968,6,45,Advanced,Deep Learning,Low
5086,High Achiever,Computer Networks,5,67,93,16,92,806,6,75,Advanced,Advanced Algorithms,Low
5087,Casual Learner,DSA,3,21,57,6,72,251,2,17,Intermediate,Computer Networks,Medium
5088,Consistent Learner,Operating Systems,4,36,80,10,79,448,5,25,Intermediate,Database Systems,Low
5089,Casual Learner,Computer Networks,2,26,53,7,64,346,2,17,Intermediate,Web Development,Medium
5090,Consistent Learner,Database,4,52,86,9,87,426,6,29,Intermediate,Operating Systems,Low
5091,Inactive Student,Database,1,2,20,1,9,56,0,1,Beginner,Programming Basics,High
5092,Struggling Student,Computer Networks,2,17,46,3,41,157,2,2,Beginner,Programming Basics,High
5093,Inactive Student,Machine Learning,1,0,0,1,23,41,0,1,Beginner,Introduction to C++,High
5094,Struggling Student,DSA,1,9,21,6,55,64,2,7,Beginner,Programming Fundamentals,High
5095,Struggling Student,Computer Networks,1,8,30,4,51,111,1,6,Beginner,Programming Fundamentals,High
5096,Casual Learner,Machine Learning,2,32,58,5,74,256,4,17,Intermediate,Computer Networks,Medium
5097,Casual Learner,Programming,3,26,65,5,66,314,2,19,Intermediate,Web Development,Medium
5098,Inactive Student,DSA,1,3,20,1,0,36,1,0,Beginner,Introduction to C++,High
5099,Consistent Learner,Database,3,38,89,14,85,407,5,46,Intermediate,Operating Systems,Low
5100,Struggling Student,Database,2,13,39,6,60,155,1,7,Beginner,Database Systems,High
5101,Casual Learner,Web Development,3,19,55,5,65,254,2,6,Intermediate,Database Systems,Medium
5102,Consistent Learner,Programming,4,42,77,12,78,419,5,56,Intermediate,Database Systems,Low
5103,Struggling Student,Programming,1,11,44,3,50,135,1,2,Beginner,Introduction to C++,High
5104,Inactive Student,DSA,1,0,4,2,25,6,0,0,Beginner,Programming Basics,High
5105,Consistent Learner,Web Development,3,43,75,13,79,547,5,39,Intermediate,Data Structures,Low
5106,High Achiever,Computer Networks,4,60,94,15,88,776,6,56,Advanced,Operating Systems,Low
5107,High Achiever,Programming,4,61,92,19,96,1180,6,109,Advanced,Advanced Algorithms,Low
5108,Casual Learner,Database,2,25,51,8,75,325,2,12,Intermediate,Database Systems,Medium
5109,Consistent Learner,DSA,4,47,78,13,90,610,4,57,Intermediate,Deep Learning,Low
5110,Struggling Student,Computer Networks,2,11,43,5,52,96,1,8,Beginner,Introduction to C++,High
5111,Casual Learner,Database,2,27,52,6,60,321,2,5,Intermediate,Web Development,Medium
5112,Casual Learner,Machine Learning,2,27,57,5,72,194,2,20,Intermediate,Data Structures,Medium
5113,Inactive Student,Computer Networks,1,2,13,1,10,26,0,1,Beginner,Programming Fundamentals,High
5114,Inactive Student,Operating Systems,1,1,13,0,37,9,1,1,Beginner,Programming Fundamentals,High
5115,Casual Learner,Machine Learning,3,29,64,5,65,356,3,11,Intermediate,Web Development,Medium
5116,Consistent Learner,Database,4,40,80,9,80,482,6,34,Intermediate,Algorithms,Low
5117,Casual Learner,Operating Systems,2,21,66,6,65,364,2,11,Intermediate,Database Systems,Medium
5118,Casual Learner,Programming,3,19,65,4,69,389,2,8,Intermediate,Database Systems,Medium
5119,Consistent Learner,DSA,4,45,80,9,79,528,5,44,Intermediate,Database Systems,Low
5120,Casual Learner,Machine Learning,2,33,72,5,71,188,3,18,Intermediate,Data Structures,Medium
5121,Casual Learner,Machine Learning,2,21,70,7,68,208,3,11,Intermediate,Database Systems,Medium
5122,Casual Learner,Operating Systems,2,21,72,8,74,310,4,23,Intermediate,Database Systems,Medium
5123,Struggling Student,Programming,1,10,27,2,58,141,2,6,Beginner,Programming Fundamentals,High
5124,Casual Learner,Machine Learning,3,16,66,5,71,387,3,9,Intermediate,Data Structures,Medium
5125,Consistent Learner,Computer Networks,3,35,75,11,75,686,5,24,Intermediate,Computer Networks,Low
5126,Casual Learner,Operating Systems,3,31,59,7,74,252,3,25,Intermediate,Database Systems,Medium
5127,Consistent Learner,Machine Learning,3,43,82,13,86,594,5,22,Intermediate,Operating Systems,Low
5128,Casual Learner,Web Development,2,19,64,4,65,265,2,16,Intermediate,Web Development,Medium
5129,Casual Learner,Database,2,18,73,4,71,270,4,18,Intermediate,Data Structures,Medium
5130,Casual Learner,Programming,2,28,71,7,74,287,4,21,Intermediate,Data Structures,Medium
5131,Struggling Student,Machine Learning,2,5,43,4,58,111,2,8,Beginner,Programming Basics,High
5132,Consistent Learner,Web Development,4,40,84,14,85,501,6,29,Intermediate,Algorithms,Low
5133,Casual Learner,Database,2,19,63,4,69,236,3,6,Intermediate,Web Development,Medium
5134,Casual Learner,Operating Systems,2,30,52,6,64,395,4,13,Intermediate,Object-Oriented Programming,Medium
5135,Struggling Student,Programming,1,10,41,5,57,91,1,6,Beginner,Programming Basics,High
5136,Struggling Student,Programming,1,7,31,3,52,95,2,5,Beginner,Introduction to C++,High
5137,Casual Learner,Programming,3,29,70,7,69,252,2,21,Intermediate,Database Systems,Medium
5138,Casual Learner,Operating Systems,2,16,64,4,74,314,2,6,Intermediate,Computer Networks,Medium
5139,High Achiever,Programming,4,59,94,16,96,1094,6,87,Advanced,Deep Learning,Low
5140,Casual Learner,Database,2,18,53,8,75,258,4,23,Intermediate,Computer Networks,Medium
5141,High Achiever,Database,5,73,91,12,98,1196,6,96,Advanced,Machine Learning,Low
5142,Casual Learner,Computer Networks,2,24,68,5,60,252,4,24,Intermediate,Object-Oriented Programming,Medium
5143,High Achiever,Web Development,5,56,94,13,90,737,6,98,Advanced,Machine Learning,Low
5144,Casual Learner,Database,2,17,50,6,71,381,2,11,Intermediate,Data Structures,Medium
5145,Consistent Learner,Machine Learning,4,52,85,8,87,612,4,47,Intermediate,Machine Learning,Low
5146,Inactive Student,Database,1,5,3,1,7,16,0,1,Beginner,Programming Basics,High
5147,Consistent Learner,Programming,4,38,83,13,79,634,5,23,Intermediate,Computer Networks,Low
5148,Consistent Learner,Database,3,52,87,8,78,571,4,27,Intermediate,Data Structures,Low
5149,Inactive Student,Web Development,1,1,15,0,16,13,1,2,Beginner,Programming Basics,High
5150,Consistent Learner,Programming,4,38,88,10,75,530,6,51,Intermediate,Data Structures,Low
5151,Inactive Student,Database,1,1,3,2,2,31,0,1,Beginner,Programming Basics,High
5152,Consistent Learner,Programming,4,39,85,13,76,679,6,39,Intermediate,Database Systems,Low
5153,Struggling Student,Computer Networks,1,9,49,2,57,126,2,1,Beginner,Programming Fundamentals,High
5154,Casual Learner,Computer Networks,2,25,74,5,67,284,2,8,Intermediate,Web Development,Medium
5155,High Achiever,Machine Learning,4,80,91,13,100,1061,7,47,Advanced,Machine Learning,Low
5156,Struggling Student,Machine Learning,1,7,46,6,54,180,1,3,Beginner,Programming Fundamentals,High
5157,Struggling Student,Operating Systems,1,13,36,5,49,153,1,6,Beginner,Programming Fundamentals,High
5158,Casual Learner,Database,2,26,58,5,69,361,3,6,Intermediate,Object-Oriented Programming,Medium
5159,Casual Learner,Database,2,30,57,8,73,340,4,17,Intermediate,Database Systems,Medium
5160,Struggling Student,Machine Learning,1,6,21,4,42,158,1,3,Beginner,Programming Fundamentals,High
5161,Struggling Student,DSA,2,8,20,5,55,120,2,4,Beginner,Programming Fundamentals,High
5162,Consistent Learner,Web Development,3,35,90,8,79,528,4,52,Intermediate,Computer Networks,Low
5163,Struggling Student,Computer Networks,2,6,42,3,46,155,1,6,Beginner,Introduction to C++,High
5164,Casual Learner,Programming,2,22,75,7,72,201,4,17,Intermediate,Computer Networks,Medium
5165,Consistent Learner,Programming,4,39,85,13,78,471,5,45,Intermediate,Data Structures,Low
5166,Struggling Student,Machine Learning,2,14,33,2,42,168,1,5,Beginner,Programming Basics,High
5167,Casual Learner,Machine Learning,2,33,55,7,72,303,2,18,Intermediate,Data Structures,Medium
5168,Struggling Student,Web Development,1,17,26,3,58,136,2,1,Beginner,Introduction to C++,High
5169,Consistent Learner,Web Development,4,48,75,14,85,581,4,53,Intermediate,Operating Systems,Low
5170,High Achiever,Programming,5,56,100,12,96,811,6,93,Advanced,Advanced Algorithms,Low
5171,Casual Learner,Database,2,33,74,8,61,269,3,18,Intermediate,Database Systems,Medium
5172,Consistent Learner,Programming,4,37,79,10,81,613,4,45,Intermediate,Algorithms,Low
5173,Consistent Learner,Computer Networks,3,54,76,11,87,447,6,27,Intermediate,Operating Systems,Low
5174,Casual Learner,Computer Networks,3,34,67,5,73,306,4,13,Intermediate,Computer Networks,Medium
5175,High Achiever,DSA,4,69,97,16,97,1126,6,55,Advanced,Deep Learning,Low
5176,Casual Learner,Database,3,15,72,4,68,228,3,15,Intermediate,Web Development,Medium
5177,Struggling Student,Computer Networks,1,10,46,5,51,142,1,3,Beginner,Programming Fundamentals,High
5178,Consistent Learner,Computer Networks,3,52,87,8,81,698,4,33,Intermediate,Machine Learning,Low
5179,Casual Learner,Machine Learning,3,29,61,7,75,274,2,15,Intermediate,Data Structures,Medium
5180,Struggling Student,DSA,2,15,42,5,49,85,1,8,Beginner,Programming Basics,High
5181,Casual Learner,DSA,2,29,67,4,60,233,3,22,Intermediate,Object-Oriented Programming,Medium
5182,Struggling Student,Programming,1,8,40,3,40,124,1,4,Beginner,Introduction to C++,High
5183,Inactive Student,Operating Systems,1,3,0,2,39,1,1,1,Beginner,Introduction to C++,High
5184,Struggling Student,Machine Learning,2,6,48,5,52,70,1,8,Beginner,Introduction to C++,High
5185,Consistent Learner,Database,3,43,82,14,84,604,6,24,Intermediate,Machine Learning,Low
5186,Inactive Student,DSA,1,1,5,1,28,8,1,0,Beginner,Programming Basics,High
5187,Consistent Learner,Operating Systems,3,40,87,8,80,667,6,39,Intermediate,Machine Learning,Low
5188,Consistent Learner,Database,3,37,85,11,87,528,6,56,Intermediate,Algorithms,Low
5189,Struggling Student,Computer Networks,2,9,31,3,59,68,1,3,Beginner,Programming Basics,High
5190,Casual Learner,Machine Learning,3,28,52,6,69,245,2,12,Intermediate,Web Development,Medium
5191,Casual Learner,Web Development,2,27,74,4,61,311,3,19,Intermediate,Database Systems,Medium
5192,Consistent Learner,Computer Networks,4,54,84,11,87,510,4,53,Intermediate,Operating Systems,Low
5193,Consistent Learner,Database,3,53,75,8,80,546,6,30,Intermediate,Operating Systems,Low
5194,Casual Learner,Operating Systems,3,20,56,6,72,365,4,7,Intermediate,Database Systems,Medium
5195,High Achiever,DSA,4,79,96,19,94,1076,6,106,Advanced,Advanced Algorithms,Low
5196,Casual Learner,Programming,2,27,63,6,74,308,4,10,Intermediate,Computer Networks,Medium
5197,Consistent Learner,Computer Networks,4,48,86,12,79,695,4,55,Intermediate,Database Systems,Low
5198,Consistent Learner,Computer Networks,3,55,84,13,84,572,4,34,Intermediate,Operating Systems,Low
5199,Casual Learner,DSA,2,23,62,7,60,313,2,13,Intermediate,Database Systems,Medium
5200,Casual Learner,Web Development,2,19,69,7,70,237,2,22,Intermediate,Computer Networks,Medium
5201,Struggling Student,Operating Systems,1,10,41,3,40,121,1,8,Beginner,Programming Fundamentals,High
5202,Struggling Student,Programming,1,17,29,6,55,126,2,1,Beginner,Programming Basics,High
5203,Consistent Learner,Machine Learning,3,42,83,14,85,436,4,58,Intermediate,Operating Systems,Low
5204,High Achiever,Computer Networks,5,66,94,13,96,806,6,103,Advanced,Advanced Algorithms,Low
5205,Casual Learner,Database,3,24,54,6,60,297,3,12,Intermediate,Web Development,Medium
5206,Struggling Student,Programming,1,14,31,2,60,151,1,8,Beginner,Web Development,High
5207,Casual Learner,Web Development,3,25,50,4,70,228,4,15,Intermediate,Database Systems,Medium
5208,Struggling Student,Operating Systems,2,16,21,3,52,169,2,4,Beginner,Programming Basics,High
5209,Inactive Student,Programming,1,2,5,1,30,17,0,1,Beginner,Programming Basics,High
5210,Struggling Student,Computer Networks,1,7,39,4,53,113,1,5,Beginner,Programming Fundamentals,High
5211,Struggling Student,Operating Systems,1,16,28,3,53,98,2,2,Beginner,Introduction to C++,High
5212,Casual Learner,Computer Networks,3,26,73,7,75,231,2,17,Intermediate,Data Structures,Medium
5213,Consistent Learner,Web Development,3,37,90,13,83,444,6,44,Intermediate,Machine Learning,Low
5214,High Achiever,Computer Networks,4,56,99,14,93,911,6,82,Advanced,Advanced Algorithms,Low
5215,Casual Learner,Web Development,2,29,66,5,75,302,3,17,Intermediate,Database Systems,Medium
5216,Consistent Learner,DSA,3,44,90,14,78,544,5,27,Intermediate,Data Structures,Low
5217,Casual Learner,Computer Networks,2,19,67,5,73,389,3,25,Intermediate,Database Systems,Medium
5218,Inactive Student,DSA,1,4,7,2,24,30,1,1,Beginner,Programming Basics,High
5219,Casual Learner,Operating Systems,3,25,71,6,60,239,3,23,Intermediate,Web Development,Medium
5220,Inactive Student,Operating Systems,1,4,7,2,28,23,1,1,Beginner,Programming Basics,High
5221,Consistent Learner,Database,3,40,76,14,83,624,4,41,Intermediate,Machine Learning,Low
5222,Struggling Student,Web Development,2,10,36,3,59,144,1,2,Beginner,Programming Fundamentals,High
5223,Struggling Student,Web Development,2,17,42,6,45,166,2,1,Beginner,Introduction to C++,High
5224,Struggling Student,Machine Learning,2,16,24,6,54,68,2,4,Beginner,Introduction to C++,High
5225,Casual Learner,Computer Networks,3,22,50,5,74,363,2,22,Intermediate,Database Systems,Medium
5226,Consistent Learner,Operating Systems,3,43,76,9,83,674,4,39,Intermediate,Operating Systems,Low
5227,Casual Learner,Machine Learning,3,35,69,8,61,318,4,19,Intermediate,Database Systems,Medium
5228,Consistent Learner,Operating Systems,4,40,90,9,84,624,5,26,Intermediate,Algorithms,Low
5229,Consistent Learner,Machine Learning,4,41,90,14,77,574,5,27,Intermediate,Database Systems,Low
5230,Consistent Learner,Computer Networks,4,41,87,11,77,520,6,53,Intermediate,Computer Networks,Low
5231,Casual Learner,Programming,3,15,72,5,62,325,4,8,Intermediate,Database Systems,Medium
5232,Casual Learner,Operating Systems,2,28,55,6,72,338,4,22,Intermediate,Computer Networks,Medium
5233,Struggling Student,Computer Networks,2,12,48,5,45,179,1,3,Beginner,Programming Basics,High
5234,Consistent Learner,Machine Learning,3,39,83,11,87,682,5,48,Intermediate,Algorithms,Low
5235,Inactive Student,Web Development,1,0,12,1,5,40,1,2,Beginner,Programming Fundamentals,High
5236,Casual Learner,Web Development,2,25,64,8,71,357,2,11,Intermediate,Database Systems,Medium
5237,Inactive Student,Machine Learning,1,4,1,0,39,12,1,0,Beginner,Programming Basics,High
5238,Struggling Student,DSA,2,10,28,3,49,121,1,2,Beginner,Introduction to C++,High
5239,Struggling Student,Machine Learning,1,18,25,2,57,74,2,2,Beginner,Introduction to C++,High
5240,High Achiever,Machine Learning,4,69,90,18,95,941,7,117,Advanced,Machine Learning,Low
5241,Struggling Student,Programming,1,6,45,5,49,100,1,4,Beginner,Programming Basics,High
5242,Casual Learner,Database,2,26,60,4,67,272,2,12,Intermediate,Web Development,Medium
5243,Inactive Student,Computer Networks,1,5,5,2,5,2,0,0,Beginner,Introduction to C++,High
5244,Inactive Student,Computer Networks,1,3,14,1,38,4,1,2,Beginner,Programming Fundamentals,High
5245,Casual Learner,Database,3,30,51,5,63,359,3,5,Intermediate,Database Systems,Medium
5246,Casual Learner,Computer Networks,2,26,67,5,65,190,2,13,Intermediate,Object-Oriented Programming,Medium
5247,Consistent Learner,Database,4,41,87,14,90,661,6,34,Intermediate,Deep Learning,Low
5248,Casual Learner,DSA,3,35,59,6,69,328,4,8,Intermediate,Object-Oriented Programming,Medium
5249,Casual Learner,DSA,2,28,64,5,64,342,2,17,Intermediate,Web Development,Medium
5250,Struggling Student,Database,1,18,38,4,44,138,1,2,Beginner,Programming Basics,High
5251,Casual Learner,DSA,3,29,58,5,70,192,3,24,Intermediate,Computer Networks,Medium
5252,Casual Learner,DSA,2,33,68,5,75,214,2,8,Intermediate,Data Structures,Medium
5253,Inactive Student,DSA,1,4,4,2,37,39,0,2,Beginner,Programming Fundamentals,High
5254,Struggling Student,Programming,1,10,48,2,51,139,2,5,Beginner,Introduction to C++,High
5255,Inactive Student,Programming,1,3,17,0,40,24,0,0,Beginner,Programming Basics,High
5256,Consistent Learner,Operating Systems,3,35,85,13,83,615,6,21,Intermediate,Algorithms,Low
5257,Struggling Student,Operating Systems,1,6,46,4,46,177,1,7,Beginner,Programming Basics,High
5258,Inactive Student,Web Development,1,2,6,0,6,47,0,0,Beginner,Introduction to C++,High
5259,Consistent Learner,Database,3,53,77,14,90,455,6,44,Intermediate,Advanced Algorithms,Low
5260,Struggling Student,Programming,1,8,32,4,42,122,2,6,Beginner,Programming Fundamentals,High
5261,Casual Learner,Programming,3,33,59,8,66,381,3,5,Intermediate,Web Development,Medium
5262,Inactive Student,Programming,1,3,16,0,6,48,0,1,Beginner,Programming Fundamentals,High
5263,Consistent Learner,Computer Networks,4,35,87,10,81,553,5,60,Intermediate,Algorithms,Low
5264,Casual Learner,Machine Learning,3,21,54,4,60,397,4,18,Intermediate,Object-Oriented Programming,Medium
5265,Inactive Student,Database,1,1,10,0,40,50,0,1,Beginner,Programming Basics,High
5266,Consistent Learner,Operating Systems,4,48,80,10,75,553,6,51,Intermediate,Data Structures,Low
5267,Consistent Learner,Database,4,45,86,8,87,691,6,33,Intermediate,Algorithms,Low
5268,Struggling Student,Programming,2,17,40,5,49,72,1,4,Beginner,Introduction to C++,High
5269,Consistent Learner,Programming,3,42,77,13,87,604,5,48,Intermediate,Operating Systems,Low
5270,High Achiever,Operating Systems,5,59,91,20,93,1046,7,107,Advanced,Advanced Algorithms,Low
5271,High Achiever,Computer Networks,4,74,94,14,97,707,6,105,Advanced,Advanced Algorithms,Low
5272,Casual Learner,Machine Learning,2,25,74,8,70,303,4,11,Intermediate,Computer Networks,Medium
5273,Struggling Student,Machine Learning,1,8,35,2,46,117,2,4,Beginner,Programming Basics,High
5274,Consistent Learner,Database,4,53,84,12,86,505,6,23,Intermediate,Machine Learning,Low
5275,Consistent Learner,Web Development,3,41,83,8,86,460,5,20,Intermediate,Machine Learning,Low
5276,High Achiever,Programming,4,62,96,13,95,1149,6,40,Advanced,Machine Learning,Low
5277,Inactive Student,Machine Learning,1,2,9,2,6,46,0,2,Beginner,Programming Basics,High
5278,Casual Learner,Machine Learning,2,15,73,8,69,353,3,10,Intermediate,Database Systems,Medium
5279,Consistent Learner,DSA,4,39,85,14,86,620,4,37,Intermediate,Machine Learning,Low
5280,High Achiever,DSA,5,56,91,12,97,797,6,55,Advanced,Deep Learning,Low
5281,High Achiever,Database,4,70,96,13,89,749,7,105,Advanced,Algorithms,Low
5282,Consistent Learner,Operating Systems,3,54,87,13,85,469,6,46,Intermediate,Algorithms,Low
5283,High Achiever,Web Development,5,77,99,16,96,745,6,40,Advanced,Machine Learning,Low
5284,High Achiever,Computer Networks,4,62,90,13,94,932,7,83,Advanced,Deep Learning,Low
5285,Casual Learner,Web Development,3,22,55,5,66,279,4,14,Intermediate,Object-Oriented Programming,Medium
5286,Consistent Learner,Database,4,47,80,9,75,649,5,58,Intermediate,Computer Networks,Low
5287,High Achiever,DSA,4,65,99,17,88,1014,7,60,Advanced,Operating Systems,Low
5288,Casual Learner,Web Development,2,27,54,6,74,305,2,7,Intermediate,Data Structures,Medium
5289,Struggling Student,Web Development,1,12,29,2,41,166,2,2,Beginner,Introduction to C++,High
5290,Struggling Student,Operating Systems,1,10,30,4,42,130,2,6,Beginner,Programming Fundamentals,High
5291,Inactive Student,Database,1,1,19,1,16,15,1,0,Beginner,Programming Basics,High
5292,High Achiever,DSA,4,72,94,14,92,1097,7,61,Advanced,Advanced Algorithms,Low
5293,Casual Learner,Computer Networks,2,15,54,8,62,344,3,10,Intermediate,Database Systems,Medium
5294,Consistent Learner,Programming,3,43,79,8,84,571,5,53,Intermediate,Algorithms,Low
5295,Inactive Student,DSA,1,0,9,1,24,8,1,0,Beginner,Programming Basics,High
5296,Consistent Learner,DSA,4,37,82,8,75,459,4,33,Intermediate,Data Structures,Low
5297,Consistent Learner,Database,4,40,77,10,82,638,6,50,Intermediate,Operating Systems,Low
5298,Casual Learner,Computer Networks,2,26,60,8,64,369,2,20,Intermediate,Database Systems,Medium
5299,High Achiever,Computer Networks,4,68,90,16,97,938,7,119,Advanced,Advanced Algorithms,Low
5300,Casual Learner,Machine Learning,3,20,61,7,73,345,3,7,Intermediate,Data Structures,Medium
5301,Consistent Learner,Programming,4,48,84,12,87,631,4,48,Intermediate,Operating Systems,Low
5302,Casual Learner,DSA,3,31,50,4,74,208,2,24,Intermediate,Database Systems,Medium
5303,Casual Learner,Programming,3,35,55,5,61,204,2,9,Intermediate,Database Systems,Medium
5304,Struggling Student,Programming,2,7,24,4,58,152,1,4,Beginner,Programming Fundamentals,High
5305,Struggling Student,DSA,1,17,37,2,49,89,1,2,Beginner,Introduction to C++,High
5306,Struggling Student,Programming,2,11,43,6,55,99,2,7,Beginner,Programming Fundamentals,High
5307,Casual Learner,Web Development,2,18,69,8,70,197,2,8,Intermediate,Database Systems,Medium
5308,Casual Learner,Web Development,2,22,68,4,66,306,2,15,Intermediate,Web Development,Medium
5309,Consistent Learner,Machine Learning,4,35,80,11,84,466,4,45,Intermediate,Algorithms,Low
5310,Struggling Student,Database,2,17,36,6,49,151,2,4,Beginner,Introduction to C++,High
5311,High Achiever,Database,5,75,98,19,93,1142,6,106,Advanced,Advanced Algorithms,Low
5312,High Achiever,Computer Networks,5,75,91,13,95,970,7,120,Advanced,Deep Learning,Low
5313,Consistent Learner,Programming,3,50,83,14,83,487,5,39,Intermediate,Algorithms,Low
5314,Casual Learner,Operating Systems,2,27,62,7,61,253,3,22,Intermediate,Database Systems,Medium
5315,Struggling Student,Computer Networks,2,6,23,6,56,69,2,2,Beginner,Programming Fundamentals,High
5316,Consistent Learner,Web Development,4,55,82,10,89,637,5,57,Intermediate,Machine Learning,Low
5317,Casual Learner,Machine Learning,3,26,72,5,74,240,4,12,Intermediate,Computer Networks,Medium
5318,Casual Learner,Programming,2,25,63,7,70,398,3,8,Intermediate,Data Structures,Medium
5319,Struggling Student,Database,2,10,41,5,59,118,1,8,Beginner,Programming Fundamentals,High
5320,Struggling Student,Programming,2,12,40,2,49,140,2,6,Beginner,Programming Basics,High
5321,High Achiever,Programming,4,70,93,13,100,1175,7,53,Advanced,Machine Learning,Low
5322,Casual Learner,Database,2,18,70,5,71,277,3,9,Intermediate,Database Systems,Medium
5323,High Achiever,Database,5,80,100,14,93,1135,6,103,Advanced,Deep Learning,Low
5324,Consistent Learner,Machine Learning,4,48,85,9,87,557,4,37,Intermediate,Algorithms,Low
5325,Casual Learner,DSA,2,19,50,5,64,193,3,7,Intermediate,Object-Oriented Programming,Medium
5326,Casual Learner,Machine Learning,3,16,64,5,72,267,2,6,Intermediate,Computer Networks,Medium
5327,High Achiever,Database,5,68,90,18,95,1186,6,96,Advanced,Machine Learning,Low
5328,Consistent Learner,Programming,3,40,78,13,85,599,6,59,Intermediate,Algorithms,Low
5329,Struggling Student,Programming,2,16,20,5,51,65,2,7,Beginner,Programming Fundamentals,High
5330,High Achiever,Computer Networks,5,72,98,16,92,1042,7,56,Advanced,Machine Learning,Low
5331,Consistent Learner,Machine Learning,4,37,78,13,75,417,6,30,Intermediate,Data Structures,Low
5332,Casual Learner,Web Development,3,27,73,4,69,194,3,9,Intermediate,Object-Oriented Programming,Medium
5333,Inactive Student,Programming,1,2,3,2,29,20,0,2,Beginner,Introduction to C++,High
5334,Casual Learner,Operating Systems,2,33,63,4,70,313,3,16,Intermediate,Data Structures,Medium
5335,High Achiever,Database,4,63,92,14,88,953,6,76,Advanced,Algorithms,Low
5336,High Achiever,Computer Networks,4,69,97,14,90,773,7,72,Advanced,Advanced Algorithms,Low
5337,Inactive Student,Machine Learning,1,2,16,2,12,46,1,1,Beginner,Introduction to C++,High
5338,Consistent Learner,Computer Networks,4,36,77,11,87,641,6,53,Intermediate,Machine Learning,Low
5339,Inactive Student,Machine Learning,1,4,1,0,6,4,0,0,Beginner,Programming Fundamentals,High
5340,Consistent Learner,Computer Networks,3,41,82,10,80,475,4,49,Intermediate,Machine Learning,Low
5341,Consistent Learner,Database,4,51,75,11,82,495,5,37,Intermediate,Operating Systems,Low
5342,Casual Learner,Web Development,3,28,51,6,63,362,2,18,Intermediate,Object-Oriented Programming,Medium
5343,Consistent Learner,Computer Networks,4,45,84,9,89,699,4,32,Intermediate,Operating Systems,Low
5344,Casual Learner,Web Development,2,19,53,6,72,199,4,17,Intermediate,Computer Networks,Medium
5345,Struggling Student,Operating Systems,1,9,35,5,42,66,1,7,Beginner,Programming Fundamentals,High
5346,Struggling Student,Computer Networks,2,9,29,2,58,155,1,5,Beginner,Programming Basics,High
5347,Casual Learner,Operating Systems,2,20,69,7,74,188,3,5,Intermediate,Data Structures,Medium
5348,Consistent Learner,Operating Systems,3,42,89,14,80,540,5,37,Intermediate,Machine Learning,Low
5349,Inactive Student,Operating Systems,1,3,0,1,34,48,1,0,Beginner,Programming Basics,High
5350,Casual Learner,Programming,3,25,74,7,67,225,2,17,Intermediate,Database Systems,Medium
5351,Casual Learner,Operating Systems,2,17,65,8,70,209,2,16,Intermediate,Computer Networks,Medium
5352,Struggling Student,Computer Networks,2,7,45,6,42,111,2,3,Beginner,Programming Basics,High
5353,High Achiever,Operating Systems,4,66,93,20,92,736,7,82,Advanced,Deep Learning,Low
5354,Inactive Student,Web Development,1,0,15,1,23,43,1,0,Beginner,Programming Basics,High
5355,Casual Learner,Operating Systems,3,31,66,5,73,290,2,20,Intermediate,Computer Networks,Medium
5356,Casual Learner,DSA,3,16,66,5,66,300,4,11,Intermediate,Database Systems,Medium
5357,Struggling Student,Programming,2,18,40,6,45,169,2,7,Beginner,Programming Fundamentals,High
5358,Casual Learner,Computer Networks,2,32,50,7,71,286,3,12,Intermediate,Data Structures,Medium
5359,High Achiever,DSA,4,70,95,12,97,803,7,42,Advanced,Deep Learning,Low
5360,Casual Learner,Programming,2,32,51,5,67,295,2,13,Intermediate,Object-Oriented Programming,Medium
5361,Casual Learner,DSA,3,24,64,5,75,391,4,12,Intermediate,Computer Networks,Medium
5362,Consistent Learner,DSA,4,51,83,14,85,533,4,51,Intermediate,Machine Learning,Low
5363,Struggling Student,DSA,1,16,43,3,52,153,1,3,Beginner,Introduction to C++,High
5364,High Achiever,Web Development,4,80,98,13,100,1015,7,118,Advanced,Advanced Algorithms,Low
5365,High Achiever,Computer Networks,5,57,100,20,88,1001,6,116,Advanced,Operating Systems,Low
5366,Casual Learner,Programming,3,15,69,5,67,280,4,10,Intermediate,Database Systems,Medium
5367,High Achiever,Database,5,65,92,14,95,884,7,57,Advanced,Deep Learning,Low
5368,Casual Learner,Operating Systems,2,30,55,5,64,206,3,16,Intermediate,Object-Oriented Programming,Medium
5369,High Achiever,Programming,4,67,99,15,100,1147,6,112,Advanced,Deep Learning,Low
5370,Consistent Learner,Programming,3,47,85,14,77,616,4,54,Intermediate,Database Systems,Low
5371,Consistent Learner,Database,4,38,82,9,88,618,6,20,Intermediate,Operating Systems,Low
5372,Inactive Student,Operating Systems,1,3,10,0,36,25,1,2,Beginner,Introduction to C++,High
5373,Inactive Student,Web Development,1,0,2,2,5,13,0,2,Beginner,Programming Basics,High
5374,Casual Learner,DSA,2,33,72,4,68,282,3,16,Intermediate,Object-Oriented Programming,Medium
5375,Struggling Student,DSA,2,14,42,6,50,175,1,7,Beginner,Introduction to C++,High
5376,Struggling Student,Operating Systems,2,15,47,4,51,139,1,7,Beginner,Introduction to C++,High
5377,Casual Learner,Web Development,2,20,54,5,72,250,3,23,Intermediate,Computer Networks,Medium
5378,Casual Learner,Operating Systems,3,18,59,5,74,350,2,13,Intermediate,Data Structures,Medium
5379,Struggling Student,Database,1,9,39,2,53,79,2,4,Beginner,Programming Basics,High
5380,Casual Learner,Web Development,3,23,54,5,64,205,2,14,Intermediate,Object-Oriented Programming,Medium
5381,Inactive Student,Programming,1,5,18,1,12,32,0,2,Beginner,Programming Fundamentals,High
5382,Struggling Student,Computer Networks,1,8,28,5,46,73,2,6,Beginner,Programming Basics,High
5383,High Achiever,DSA,5,72,93,20,93,707,6,70,Advanced,Machine Learning,Low
5384,Casual Learner,Programming,3,25,56,6,62,235,3,25,Intermediate,Database Systems,Medium
5385,Struggling Student,Computer Networks,2,8,22,5,42,137,1,7,Beginner,Programming Basics,High
5386,Inactive Student,DSA,1,2,8,1,40,5,1,1,Beginner,Programming Basics,High
5387,Consistent Learner,Computer Networks,3,45,84,8,90,610,6,56,Intermediate,Machine Learning,Low
5388,Casual Learner,DSA,2,27,67,5,68,267,4,6,Intermediate,Object-Oriented Programming,Medium
5389,Inactive Student,Database,1,2,14,0,35,26,0,2,Beginner,Programming Fundamentals,High
5390,Casual Learner,Programming,3,20,61,6,66,207,3,15,Intermediate,Object-Oriented Programming,Medium
5391,Struggling Student,Database,1,8,26,6,53,74,1,7,Beginner,Introduction to C++,High
5392,Casual Learner,Operating Systems,3,17,63,4,73,391,2,15,Intermediate,Database Systems,Medium
5393,Consistent Learner,Web Development,3,50,82,11,90,440,4,51,Intermediate,Advanced Algorithms,Low
5394,Consistent Learner,Programming,4,54,86,9,77,489,4,49,Intermediate,Computer Networks,Low
5395,Struggling Student,Machine Learning,2,18,20,5,59,158,2,3,Beginner,Programming Fundamentals,High
5396,Casual Learner,DSA,2,23,52,8,73,223,4,11,Intermediate,Data Structures,Medium
5397,Casual Learner,Programming,3,29,67,7,70,370,4,22,Intermediate,Database Systems,Medium
5398,Casual Learner,Web Development,3,15,74,4,64,343,3,16,Intermediate,Object-Oriented Programming,Medium
5399,Struggling Student,Web Development,2,10,45,2,48,110,1,7,Beginner,Programming Basics,High
5400,Consistent Learner,DSA,4,36,82,12,89,464,5,50,Intermediate,Machine Learning,Low
5401,Consistent Learner,Web Development,4,53,76,12,84,445,5,28,Intermediate,Machine Learning,Low
5402,Inactive Student,Operating Systems,1,0,19,1,25,12,1,2,Beginner,Programming Fundamentals,High
5403,High Achiever,Machine Learning,5,75,95,14,96,1086,6,64,Advanced,Machine Learning,Low
5404,Inactive Student,DSA,1,4,19,1,31,32,0,1,Beginner,Programming Basics,High
5405,Inactive Student,Machine Learning,1,5,11,2,37,6,1,1,Beginner,Introduction to C++,High
5406,Consistent Learner,Database,4,53,79,9,85,538,4,51,Intermediate,Operating Systems,Low
5407,Casual Learner,Web Development,3,20,66,7,63,199,3,8,Intermediate,Database Systems,Medium
5408,Consistent Learner,DSA,4,54,85,10,81,537,5,23,Intermediate,Machine Learning,Low
5409,Casual Learner,Machine Learning,3,31,74,5,68,317,3,12,Intermediate,Object-Oriented Programming,Medium
5410,Casual Learner,Computer Networks,3,19,66,6,70,357,4,13,Intermediate,Data Structures,Medium
5411,Casual Learner,DSA,3,22,52,6,63,247,2,7,Intermediate,Database Systems,Medium
5412,Consistent Learner,Computer Networks,3,53,87,11,87,475,5,29,Intermediate,Operating Systems,Low
5413,Inactive Student,Database,1,3,8,0,19,1,1,0,Beginner,Programming Fundamentals,High
5414,Casual Learner,Web Development,3,15,56,6,68,298,3,17,Intermediate,Object-Oriented Programming,Medium
5415,High Achiever,Web Development,5,73,99,19,93,739,6,114,Advanced,Machine Learning,Low
5416,Consistent Learner,Computer Networks,4,38,84,8,90,486,4,37,Intermediate,Deep Learning,Low
5417,High Achiever,Computer Networks,4,63,91,13,95,725,6,112,Advanced,Machine Learning,Low
5418,High Achiever,Machine Learning,4,65,91,15,97,714,6,62,Advanced,Advanced Algorithms,Low
5419,Casual Learner,Programming,2,17,59,7,68,352,3,10,Intermediate,Web Development,Medium
5420,Casual Learner,Computer Networks,3,26,60,5,67,303,4,11,Intermediate,Web Development,Medium
5421,Casual Learner,Database,3,26,65,6,70,276,4,14,Intermediate,Database Systems,Medium
5422,High Achiever,Web Development,4,61,93,15,100,1160,7,93,Advanced,Deep Learning,Low
5423,High Achiever,Programming,4,77,94,20,91,1105,6,111,Advanced,Machine Learning,Low
5424,Consistent Learner,DSA,3,38,88,14,76,607,6,36,Intermediate,Computer Networks,Low
5425,Struggling Student,Database,1,8,31,6,47,171,2,2,Beginner,Introduction to C++,High
5426,Casual Learner,Computer Networks,2,21,59,5,61,374,4,19,Intermediate,Object-Oriented Programming,Medium
5427,Casual Learner,Operating Systems,2,18,70,8,65,203,3,5,Intermediate,Database Systems,Medium
5428,Casual Learner,Machine Learning,2,22,52,8,72,298,4,21,Intermediate,Data Structures,Medium
5429,Casual Learner,Computer Networks,2,32,75,4,64,240,4,22,Intermediate,Object-Oriented Programming,Medium
5430,Struggling Student,Machine Learning,2,5,44,3,51,117,2,4,Beginner,Introduction to C++,High
5431,Casual Learner,Database,2,17,69,5,71,254,3,10,Intermediate,Computer Networks,Medium
5432,Consistent Learner,Machine Learning,4,40,84,14,75,480,4,52,Intermediate,Computer Networks,Low
5433,Consistent Learner,Machine Learning,3,36,82,8,90,576,6,24,Intermediate,Deep Learning,Low
5434,Consistent Learner,Machine Learning,3,54,75,13,81,586,5,28,Intermediate,Operating Systems,Low
5435,Struggling Student,Machine Learning,1,14,30,3,58,141,1,1,Beginner,Introduction to C++,High
5436,Struggling Student,Web Development,1,8,26,6,45,116,2,6,Beginner,Programming Basics,High
5437,Inactive Student,Database,1,4,1,0,19,36,1,1,Beginner,Programming Fundamentals,High
5438,Casual Learner,Computer Networks,2,22,67,6,71,365,3,10,Intermediate,Data Structures,Medium
5439,High Achiever,Computer Networks,4,75,100,17,98,858,7,79,Advanced,Advanced Algorithms,Low
5440,Struggling Student,Web Development,1,5,34,4,41,106,1,8,Beginner,Programming Basics,High
5441,Inactive Student,Computer Networks,1,1,5,0,28,29,1,2,Beginner,Programming Fundamentals,High
5442,High Achiever,Database,5,78,100,20,91,993,6,43,Advanced,Machine Learning,Low
5443,Consistent Learner,Computer Networks,4,38,76,9,90,467,6,24,Intermediate,Machine Learning,Low
5444,Inactive Student,Operating Systems,1,4,14,0,38,21,1,1,Beginner,Introduction to C++,High
5445,Struggling Student,Programming,1,11,26,5,41,142,1,8,Beginner,Programming Fundamentals,High
5446,Casual Learner,Computer Networks,2,21,72,4,65,220,3,8,Intermediate,Database Systems,Medium
5447,Consistent Learner,Web Development,3,38,80,11,84,613,4,26,Intermediate,Algorithms,Low
5448,Consistent Learner,Database,4,52,80,13,86,603,5,45,Intermediate,Algorithms,Low
5449,High Achiever,DSA,5,74,90,16,92,738,7,103,Advanced,Deep Learning,Low
5450,Inactive Student,Operating Systems,1,3,13,0,28,48,0,1,Beginner,Introduction to C++,High
5451,Inactive Student,Operating Systems,1,4,11,2,27,58,1,1,Beginner,Introduction to C++,High
5452,Casual Learner,Database,3,30,65,4,70,210,4,18,Intermediate,Database Systems,Medium
5453,Inactive Student,Programming,1,3,14,2,37,26,1,1,Beginner,Programming Basics,High
5454,High Achiever,Machine Learning,4,65,99,14,93,911,7,40,Advanced,Deep Learning,Low
5455,Struggling Student,Web Development,2,11,50,6,55,139,2,1,Beginner,Programming Fundamentals,High
5456,Casual Learner,Operating Systems,3,27,63,4,72,236,4,10,Intermediate,Computer Networks,Medium
5457,Consistent Learner,Computer Networks,4,38,88,9,89,569,4,60,Intermediate,Operating Systems,Low
5458,Consistent Learner,Computer Networks,3,40,85,9,78,494,4,55,Intermediate,Data Structures,Low
5459,Consistent Learner,Operating Systems,4,43,87,14,79,652,5,35,Intermediate,Database Systems,Low
5460,Inactive Student,Programming,1,2,16,1,16,37,1,2,Beginner,Programming Basics,High
5461,Consistent Learner,Programming,3,54,85,10,86,686,6,35,Intermediate,Operating Systems,Low
5462,Inactive Student,Database,1,1,20,0,21,32,1,2,Beginner,Programming Fundamentals,High
5463,Casual Learner,Machine Learning,2,28,68,6,67,269,4,25,Intermediate,Web Development,Medium
5464,Struggling Student,DSA,1,13,42,5,60,146,2,2,Beginner,Object-Oriented Programming,High
5465,Inactive Student,Machine Learning,1,5,1,0,35,5,1,2,Beginner,Introduction to C++,High
5466,Struggling Student,Web Development,1,17,22,2,42,96,2,4,Beginner,Programming Basics,High
5467,Casual Learner,Programming,2,16,60,4,69,352,3,24,Intermediate,Database Systems,Medium
5468,Casual Learner,Programming,3,35,58,4,60,396,4,16,Intermediate,Web Development,Medium
5469,Casual Learner,Operating Systems,2,23,71,6,71,333,4,13,Intermediate,Data Structures,Medium
5470,High Achiever,Computer Networks,5,60,90,20,92,1116,6,105,Advanced,Machine Learning,Low
5471,Casual Learner,Web Development,3,23,68,4,74,320,3,10,Intermediate,Database Systems,Medium
5472,Consistent Learner,Computer Networks,4,44,78,10,78,424,6,33,Intermediate,Database Systems,Low
5473,Consistent Learner,Web Development,4,35,89,14,87,415,6,45,Intermediate,Algorithms,Low
5474,Inactive Student,Web Development,1,4,8,0,13,48,1,0,Beginner,Programming Basics,High
5475,Struggling Student,Database,1,11,47,6,50,159,2,6,Beginner,Programming Fundamentals,High
5476,Inactive Student,Web Development,1,3,1,2,26,37,0,0,Beginner,Introduction to C++,High
5477,Casual Learner,Computer Networks,2,26,62,8,68,333,2,18,Intermediate,Object-Oriented Programming,Medium
5478,Struggling Student,Computer Networks,1,12,33,2,40,61,1,4,Beginner,Introduction to C++,High
5479,Struggling Student,Computer Networks,1,5,49,6,48,106,2,2,Beginner,Introduction to C++,High
5480,Inactive Student,Web Development,1,1,8,2,16,56,0,2,Beginner,Introduction to C++,High
5481,Inactive Student,Computer Networks,1,3,6,0,30,22,1,2,Beginner,Programming Fundamentals,High
5482,High Achiever,Computer Networks,5,77,98,19,88,757,6,120,Advanced,Operating Systems,Low
5483,Casual Learner,Computer Networks,2,18,73,5,67,383,3,24,Intermediate,Database Systems,Medium
5484,Struggling Student,DSA,1,8,23,4,47,81,2,2,Beginner,Programming Fundamentals,High
5485,Inactive Student,Programming,1,5,14,0,9,31,1,2,Beginner,Introduction to C++,High
5486,Consistent Learner,Computer Networks,4,54,76,14,77,498,6,31,Intermediate,Data Structures,Low
5487,Struggling Student,Operating Systems,1,7,48,2,49,96,2,4,Beginner,Introduction to C++,High
5488,High Achiever,Web Development,4,68,94,17,95,757,6,77,Advanced,Machine Learning,Low
5489,Casual Learner,Database,2,15,72,5,69,222,2,13,Intermediate,Object-Oriented Programming,Medium
5490,Casual Learner,Computer Networks,2,32,75,5,63,241,3,20,Intermediate,Web Development,Medium
5491,Consistent Learner,Database,3,42,76,14,85,642,6,30,Intermediate,Machine Learning,Low
5492,Struggling Student,Computer Networks,1,12,27,3,47,177,2,2,Beginner,Programming Basics,High
5493,Casual Learner,DSA,2,16,52,6,64,336,4,20,Intermediate,Web Development,Medium
5494,Casual Learner,Database,3,27,55,4,62,278,3,5,Intermediate,Web Development,Medium
5495,High Achiever,DSA,4,71,92,13,90,837,6,98,Advanced,Advanced Algorithms,Low
5496,Consistent Learner,Database,4,41,87,9,79,459,6,35,Intermediate,Computer Networks,Low
5497,Consistent Learner,Computer Networks,3,38,82,10,83,593,6,57,Intermediate,Machine Learning,Low
5498,High Achiever,DSA,4,71,94,20,97,1176,7,85,Advanced,Deep Learning,Low
5499,Casual Learner,Computer Networks,3,34,64,5,71,255,3,9,Intermediate,Computer Networks,Medium
5500,Struggling Student,Programming,2,12,28,4,44,146,1,8,Beginner,Introduction to C++,High
5501,Casual Learner,Machine Learning,3,33,50,6,72,263,2,14,Intermediate,Database Systems,Medium
5502,Consistent Learner,Web Development,4,50,84,12,77,549,6,40,Intermediate,Data Structures,Low
5503,Consistent Learner,Computer Networks,4,44,87,10,75,686,6,34,Intermediate,Data Structures,Low
5504,Consistent Learner,Programming,4,52,84,9,77,521,6,26,Intermediate,Data Structures,Low
5505,Struggling Student,Computer Networks,2,10,28,6,47,138,1,8,Beginner,Introduction to C++,High
5506,Casual Learner,DSA,3,18,61,6,64,221,3,8,Intermediate,Object-Oriented Programming,Medium
5507,Inactive Student,Operating Systems,1,0,6,2,13,17,0,0,Beginner,Introduction to C++,High
5508,Casual Learner,DSA,2,29,54,4,74,256,2,24,Intermediate,Database Systems,Medium
5509,Consistent Learner,Operating Systems,4,36,76,14,88,520,4,35,Intermediate,Operating Systems,Low
5510,Inactive Student,Machine Learning,1,4,20,2,31,60,1,0,Beginner,Programming Basics,High
5511,Inactive Student,DSA,1,0,0,2,21,58,0,2,Beginner,Introduction to C++,High
5512,Consistent Learner,Computer Networks,3,48,82,9,77,670,6,37,Intermediate,Database Systems,Low
5513,Struggling Student,Computer Networks,1,13,36,4,56,132,1,2,Beginner,Programming Basics,High
5514,Struggling Student,Machine Learning,2,7,37,2,55,164,1,5,Beginner,Programming Basics,High
5515,Struggling Student,Programming,2,9,26,3,58,155,2,6,Beginner,Programming Basics,High
5516,Struggling Student,DSA,1,9,38,5,43,158,2,3,Beginner,Programming Fundamentals,High
5517,High Achiever,Programming,4,60,94,14,92,1096,6,120,Advanced,Machine Learning,Low
5518,Struggling Student,Machine Learning,1,15,43,5,47,74,2,4,Beginner,Programming Basics,High
5519,High Achiever,Computer Networks,4,55,100,20,98,1107,7,61,Advanced,Deep Learning,Low
5520,Consistent Learner,Machine Learning,3,53,75,11,78,469,4,30,Intermediate,Database Systems,Low
5521,Casual Learner,Operating Systems,3,34,52,4,64,257,2,23,Intermediate,Web Development,Medium
5522,Struggling Student,Computer Networks,1,12,44,3,48,97,2,3,Beginner,Programming Basics,High
5523,Casual Learner,Machine Learning,2,26,54,8,66,201,2,23,Intermediate,Database Systems,Medium
5524,Casual Learner,Machine Learning,3,18,63,7,71,398,2,8,Intermediate,Computer Networks,Medium
5525,High Achiever,Database,5,64,90,14,95,924,7,47,Advanced,Machine Learning,Low
5526,Casual Learner,DSA,2,18,62,5,70,395,3,16,Intermediate,Data Structures,Medium
5527,High Achiever,Programming,4,61,96,18,100,975,7,100,Advanced,Deep Learning,Low
5528,Consistent Learner,Operating Systems,4,55,82,12,83,630,6,25,Intermediate,Operating Systems,Low
5529,Casual Learner,Database,3,31,52,7,67,400,2,10,Intermediate,Object-Oriented Programming,Medium
5530,Consistent Learner,Operating Systems,3,52,80,9,88,499,5,28,Intermediate,Machine Learning,Low
5531,Struggling Student,Programming,1,14,41,6,41,155,1,2,Beginner,Programming Basics,High
5532,Consistent Learner,DSA,3,49,75,10,76,596,5,38,Intermediate,Computer Networks,Low
5533,Struggling Student,DSA,2,7,47,3,58,80,2,5,Beginner,Introduction to C++,High
5534,Consistent Learner,Operating Systems,4,50,87,9,77,621,6,25,Intermediate,Database Systems,Low
5535,Consistent Learner,Machine Learning,3,41,87,10,82,581,6,38,Intermediate,Algorithms,Low
5536,Struggling Student,DSA,2,7,28,5,53,117,2,3,Beginner,Programming Basics,High
5537,Casual Learner,Computer Networks,3,27,52,7,69,344,3,23,Intermediate,Object-Oriented Programming,Medium
5538,Consistent Learner,Database,4,40,79,10,80,422,5,58,Intermediate,Machine Learning,Low
5539,Consistent Learner,DSA,4,44,89,12,76,592,5,34,Intermediate,Database Systems,Low
5540,High Achiever,Operating Systems,5,56,100,15,92,1135,7,68,Advanced,Machine Learning,Low
5541,High Achiever,Programming,4,66,96,17,91,1154,7,63,Advanced,Machine Learning,Low
5542,High Achiever,Computer Networks,5,63,92,16,88,747,7,42,Advanced,Operating Systems,Low
5543,Struggling Student,DSA,2,14,45,2,56,113,1,4,Beginner,Introduction to C++,High
5544,Casual Learner,Computer Networks,3,26,66,5,73,246,3,13,Intermediate,Computer Networks,Medium
5545,Casual Learner,Database,3,33,68,7,68,214,3,14,Intermediate,Object-Oriented Programming,Medium
5546,Casual Learner,Computer Networks,2,24,56,7,65,384,3,15,Intermediate,Database Systems,Medium
5547,Casual Learner,Machine Learning,3,31,60,4,74,313,4,18,Intermediate,Database Systems,Medium
5548,Inactive Student,Operating Systems,1,2,7,0,32,6,1,2,Beginner,Programming Basics,High
5549,Casual Learner,Web Development,3,31,71,8,68,275,2,8,Intermediate,Web Development,Medium
5550,Inactive Student,Computer Networks,1,1,9,1,30,4,0,1,Beginner,Introduction to C++,High
5551,Consistent Learner,Web Development,3,35,75,13,79,588,6,44,Intermediate,Data Structures,Low
5552,Consistent Learner,Operating Systems,4,46,89,8,86,504,4,22,Intermediate,Operating Systems,Low
5553,Struggling Student,Web Development,1,8,41,2,42,96,2,7,Beginner,Introduction to C++,High
5554,Struggling Student,Programming,2,7,42,6,49,69,1,4,Beginner,Introduction to C++,High
5555,Casual Learner,Machine Learning,2,27,68,5,64,361,4,21,Intermediate,Web Development,Medium
5556,Consistent Learner,Programming,3,49,77,14,81,417,4,51,Intermediate,Algorithms,Low
5557,Casual Learner,Programming,3,28,64,8,61,321,3,20,Intermediate,Web Development,Medium
5558,Consistent Learner,DSA,3,48,79,11,86,486,5,39,Intermediate,Machine Learning,Low
5559,Inactive Student,Programming,1,0,0,1,40,38,1,1,Beginner,Introduction to C++,High
5560,High Achiever,Machine Learning,5,56,91,20,91,767,7,120,Advanced,Advanced Algorithms,Low
5561,Casual Learner,Web Development,3,17,67,4,72,204,2,21,Intermediate,Database Systems,Medium
5562,Struggling Student,Operating Systems,2,5,20,5,41,166,1,2,Beginner,Programming Basics,High
5563,Inactive Student,Operating Systems,1,1,4,2,7,10,1,2,Beginner,Programming Basics,High
5564,Struggling Student,Machine Learning,1,10,23,2,43,178,1,2,Beginner,Programming Fundamentals,High
5565,Consistent Learner,DSA,4,53,78,8,87,637,5,59,Intermediate,Operating Systems,Low
5566,Inactive Student,Operating Systems,1,0,1,0,18,39,1,0,Beginner,Programming Basics,High
5567,Struggling Student,Operating Systems,2,8,46,3,57,79,1,6,Beginner,Programming Basics,High
5568,Casual Learner,Database,2,33,60,8,72,211,3,19,Intermediate,Data Structures,Medium
5569,High Achiever,Operating Systems,5,55,92,17,92,1137,7,116,Advanced,Deep Learning,Low
5570,Consistent Learner,Programming,3,43,80,13,77,665,6,29,Intermediate,Database Systems,Low
5571,Struggling Student,Database,1,10,42,5,51,139,2,1,Beginner,Programming Basics,High
5572,Consistent Learner,Database,3,48,81,9,86,491,4,27,Intermediate,Operating Systems,Low
5573,Casual Learner,Database,3,31,64,7,63,396,4,11,Intermediate,Object-Oriented Programming,Medium
5574,High Achiever,Programming,5,57,93,14,88,820,6,107,Advanced,Machine Learning,Low
5575,Casual Learner,Operating Systems,3,23,59,8,65,225,4,20,Intermediate,Web Development,Medium
5576,High Achiever,DSA,4,56,94,18,91,716,7,93,Advanced,Deep Learning,Low
5577,Struggling Student,Operating Systems,2,7,38,5,41,140,1,7,Beginner,Programming Fundamentals,High
5578,Consistent Learner,Machine Learning,3,55,76,10,90,462,5,39,Intermediate,Advanced Algorithms,Low
5579,Consistent Learner,Database,4,55,83,13,84,608,5,49,Intermediate,Machine Learning,Low
5580,Struggling Student,Programming,1,16,46,5,43,104,1,5,Beginner,Programming Basics,High
5581,Casual Learner,Computer Networks,2,35,55,8,74,377,2,9,Intermediate,Data Structures,Medium
5582,Struggling Student,Operating Systems,2,11,50,4,48,156,2,3,Beginner,Introduction to C++,High
5583,Struggling Student,Operating Systems,2,11,42,4,50,140,2,1,Beginner,Programming Basics,High
5584,Struggling Student,Programming,1,7,40,2,49,89,2,7,Beginner,Introduction to C++,High
5585,Struggling Student,Machine Learning,2,10,48,3,57,130,1,4,Beginner,Programming Basics,High
5586,Inactive Student,Database,1,2,7,0,22,24,1,2,Beginner,Programming Basics,High
5587,Inactive Student,Operating Systems,1,4,19,2,26,52,1,1,Beginner,Programming Fundamentals,High
5588,Consistent Learner,Machine Learning,3,35,82,14,75,457,4,34,Intermediate,Computer Networks,Low
5589,Casual Learner,Web Development,2,34,52,6,74,303,2,8,Intermediate,Database Systems,Medium
5590,Struggling Student,Programming,1,10,43,6,43,141,2,3,Beginner,Programming Basics,High
5591,High Achiever,DSA,5,60,98,13,89,883,7,91,Advanced,Machine Learning,Low
5592,High Achiever,Operating Systems,4,67,93,19,98,886,6,87,Advanced,Deep Learning,Low
5593,Struggling Student,Machine Learning,1,6,47,4,42,64,1,1,Beginner,Programming Basics,High
5594,Casual Learner,Operating Systems,3,24,57,4,61,215,3,20,Intermediate,Object-Oriented Programming,Medium
5595,High Achiever,Programming,5,65,96,16,90,928,7,120,Advanced,Machine Learning,Low
5596,Casual Learner,Operating Systems,2,27,56,5,72,387,3,18,Intermediate,Computer Networks,Medium
5597,Consistent Learner,Computer Networks,3,37,84,9,77,431,5,41,Intermediate,Data Structures,Low
5598,Struggling Student,Machine Learning,2,6,28,2,48,168,1,7,Beginner,Programming Fundamentals,High
5599,Struggling Student,DSA,1,5,45,5,48,153,2,2,Beginner,Introduction to C++,High
5600,Inactive Student,Machine Learning,1,5,6,2,32,55,0,1,Beginner,Introduction to C++,High
5601,Consistent Learner,Computer Networks,3,52,85,10,76,582,6,38,Intermediate,Computer Networks,Low
5602,Casual Learner,DSA,3,30,60,5,75,385,2,25,Intermediate,Database Systems,Medium
5603,Consistent Learner,Machine Learning,4,53,80,9,84,574,5,38,Intermediate,Algorithms,Low
5604,Struggling Student,Database,1,6,20,2,43,98,2,2,Beginner,Programming Basics,High
5605,Struggling Student,Operating Systems,2,12,36,4,48,107,1,1,Beginner,Programming Fundamentals,High
5606,Consistent Learner,Computer Networks,4,47,79,13,88,490,4,35,Intermediate,Operating Systems,Low
5607,Consistent Learner,DSA,3,36,79,13,86,579,4,58,Intermediate,Machine Learning,Low
5608,Struggling Student,DSA,2,11,42,3,54,167,2,4,Beginner,Programming Basics,High
5609,Consistent Learner,Database,3,44,86,12,90,416,4,34,Intermediate,Machine Learning,Low
5610,Struggling Student,Programming,1,12,31,2,55,90,1,6,Beginner,Programming Fundamentals,High
5611,Consistent Learner,DSA,4,53,80,8,85,444,5,47,Intermediate,Operating Systems,Low
5612,Consistent Learner,DSA,4,52,90,8,89,435,4,40,Intermediate,Operating Systems,Low
5613,Struggling Student,DSA,2,16,41,6,58,70,1,6,Beginner,Introduction to C++,High
5614,Casual Learner,Operating Systems,2,25,63,5,75,234,4,18,Intermediate,Database Systems,Medium
5615,Consistent Learner,Operating Systems,3,38,88,8,79,400,6,58,Intermediate,Computer Networks,Low
5616,High Achiever,Machine Learning,5,76,98,19,96,850,6,100,Advanced,Deep Learning,Low
5617,Consistent Learner,Database,3,47,89,14,79,424,6,57,Intermediate,Database Systems,Low
5618,Struggling Student,Computer Networks,2,5,46,5,52,138,1,3,Beginner,Programming Fundamentals,High
5619,Casual Learner,Operating Systems,3,31,60,8,68,254,2,18,Intermediate,Database Systems,Medium
5620,Struggling Student,DSA,1,6,44,2,42,100,2,6,Beginner,Introduction to C++,High
5621,Inactive Student,DSA,1,3,4,0,33,2,1,2,Beginner,Programming Fundamentals,High
5622,Casual Learner,Programming,2,28,57,5,67,355,3,8,Intermediate,Web Development,Medium
5623,Consistent Learner,DSA,3,54,77,11,86,604,4,32,Intermediate,Operating Systems,Low
5624,Struggling Student,Operating Systems,2,16,45,3,59,125,2,2,Beginner,Programming Fundamentals,High
5625,Casual Learner,Machine Learning,3,25,58,6,66,187,2,19,Intermediate,Web Development,Medium
5626,Consistent Learner,Database,4,50,90,10,78,550,5,42,Intermediate,Data Structures,Low
5627,Casual Learner,Programming,3,22,56,5,71,236,2,18,Intermediate,Data Structures,Medium
5628,High Achiever,Web Development,5,69,98,18,94,1147,6,98,Advanced,Machine Learning,Low
5629,Consistent Learner,Operating Systems,4,35,89,13,87,618,5,22,Intermediate,Machine Learning,Low
5630,Casual Learner,Computer Networks,3,15,66,6,64,289,2,6,Intermediate,Database Systems,Medium
5631,Casual Learner,Web Development,3,26,73,5,64,278,3,20,Intermediate,Database Systems,Medium
5632,Struggling Student,Computer Networks,2,6,25,4,40,146,2,4,Beginner,Programming Fundamentals,High
5633,Casual Learner,Database,2,25,68,7,61,181,2,7,Intermediate,Web Development,Medium
5634,Casual Learner,DSA,2,31,65,4,72,341,2,21,Intermediate,Computer Networks,Medium
5635,High Achiever,DSA,4,70,91,13,96,1003,6,111,Advanced,Machine Learning,Low
5636,Inactive Student,Machine Learning,1,3,19,0,6,26,1,0,Beginner,Programming Basics,High
5637,Struggling Student,Programming,2,16,31,5,53,155,1,2,Beginner,Programming Fundamentals,High
5638,High Achiever,Machine Learning,5,77,97,17,99,764,6,92,Advanced,Machine Learning,Low
5639,Consistent Learner,Operating Systems,3,45,79,13,82,486,6,26,Intermediate,Machine Learning,Low
5640,Struggling Student,Database,1,12,50,5,46,69,1,2,Beginner,Programming Fundamentals,High
5641,Struggling Student,Web Development,2,14,27,2,47,101,1,8,Beginner,Programming Fundamentals,High
5642,Inactive Student,Operating Systems,1,1,11,1,39,15,1,1,Beginner,Programming Fundamentals,High
5643,Consistent Learner,Programming,3,45,88,14,88,572,4,44,Intermediate,Algorithms,Low
5644,Casual Learner,Web Development,2,30,53,6,68,316,4,11,Intermediate,Database Systems,Medium
5645,Consistent Learner,Programming,3,44,78,9,85,412,4,32,Intermediate,Machine Learning,Low
5646,Casual Learner,Computer Networks,3,24,68,7,74,263,3,14,Intermediate,Computer Networks,Medium
5647,Struggling Student,Web Development,2,9,42,4,57,78,1,8,Beginner,Programming Basics,High
5648,Casual Learner,Machine Learning,2,18,74,5,70,263,4,22,Intermediate,Database Systems,Medium
5649,Inactive Student,Database,1,0,11,0,13,49,0,1,Beginner,Programming Basics,High
5650,Consistent Learner,Operating Systems,4,46,76,12,88,565,6,46,Intermediate,Operating Systems,Low
5651,Casual Learner,Web Development,2,32,65,6,69,302,3,7,Intermediate,Object-Oriented Programming,Medium
5652,Consistent Learner,DSA,4,42,82,10,77,413,5,43,Intermediate,Database Systems,Low
5653,Struggling Student,DSA,2,11,46,5,51,113,1,1,Beginner,Introduction to C++,High
5654,Struggling Student,Computer Networks,1,18,27,6,47,87,2,8,Beginner,Programming Fundamentals,High
5655,Casual Learner,Database,3,18,51,8,68,231,4,20,Intermediate,Object-Oriented Programming,Medium
5656,Struggling Student,Operating Systems,1,13,25,2,40,87,2,1,Beginner,Programming Fundamentals,High
5657,Struggling Student,Database,1,12,43,2,55,85,1,1,Beginner,Programming Basics,High
5658,High Achiever,Programming,5,67,96,16,94,1059,7,52,Advanced,Advanced Algorithms,Low
5659,Inactive Student,Web Development,1,4,16,1,39,29,1,1,Beginner,Programming Fundamentals,High
5660,Casual Learner,Computer Networks,3,34,73,6,74,359,4,20,Intermediate,Data Structures,Medium
5661,High Achiever,Operating Systems,4,69,99,16,94,734,6,88,Advanced,Advanced Algorithms,Low
5662,Struggling Student,DSA,1,15,42,6,51,72,1,4,Beginner,Programming Basics,High
5663,Struggling Student,Computer Networks,2,11,36,5,57,144,2,3,Beginner,Programming Basics,High
5664,High Achiever,DSA,5,80,95,12,98,816,6,80,Advanced,Machine Learning,Low
5665,Consistent Learner,Programming,4,40,76,13,89,608,5,26,Intermediate,Algorithms,Low
5666,Consistent Learner,DSA,4,54,86,11,88,427,4,60,Intermediate,Operating Systems,Low
5667,Casual Learner,Computer Networks,2,15,67,6,65,373,4,23,Intermediate,Database Systems,Medium
5668,High Achiever,Operating Systems,5,61,98,18,96,927,7,48,Advanced,Machine Learning,Low
5669,Casual Learner,Machine Learning,3,28,65,7,64,209,4,11,Intermediate,Database Systems,Medium
5670,Consistent Learner,Database,4,37,83,13,82,461,5,32,Intermediate,Operating Systems,Low
5671,Inactive Student,Computer Networks,1,1,9,2,36,55,1,0,Beginner,Programming Basics,High
5672,Consistent Learner,Programming,3,51,85,12,76,559,4,21,Intermediate,Data Structures,Low
5673,Consistent Learner,Computer Networks,4,36,81,11,83,493,4,51,Intermediate,Operating Systems,Low
5674,Consistent Learner,Programming,3,44,79,10,77,549,6,48,Intermediate,Data Structures,Low
5675,Struggling Student,Machine Learning,2,18,46,5,45,168,1,8,Beginner,Introduction to C++,High
5676,Casual Learner,Computer Networks,3,19,70,8,65,205,2,8,Intermediate,Database Systems,Medium
5677,High Achiever,Database,4,57,95,13,95,1092,7,42,Advanced,Advanced Algorithms,Low
5678,Inactive Student,Computer Networks,1,4,13,0,5,14,0,1,Beginner,Programming Fundamentals,High
5679,High Achiever,Operating Systems,5,73,96,13,97,1160,7,80,Advanced,Machine Learning,Low
5680,Casual Learner,Web Development,2,30,52,6,71,303,2,18,Intermediate,Database Systems,Medium
5681,Inactive Student,Machine Learning,1,5,13,2,27,10,0,1,Beginner,Programming Fundamentals,High
5682,Consistent Learner,Operating Systems,4,49,78,13,89,462,4,24,Intermediate,Operating Systems,Low
5683,Casual Learner,DSA,2,30,62,7,60,350,3,25,Intermediate,Object-Oriented Programming,Medium
5684,High Achiever,DSA,5,73,96,14,99,841,7,83,Advanced,Machine Learning,Low
5685,Casual Learner,Operating Systems,3,21,50,4,67,335,4,20,Intermediate,Web Development,Medium
5686,Casual Learner,Programming,3,24,63,6,69,368,4,7,Intermediate,Web Development,Medium
5687,Struggling Student,Machine Learning,2,13,40,4,59,143,2,5,Beginner,Programming Fundamentals,High
5688,Struggling Student,Computer Networks,1,5,26,6,44,81,2,7,Beginner,Programming Fundamentals,High
5689,Casual Learner,Computer Networks,2,30,61,6,75,316,3,14,Intermediate,Database Systems,Medium
5690,Casual Learner,Computer Networks,3,25,56,4,64,246,4,18,Intermediate,Database Systems,Medium
5691,Consistent Learner,Machine Learning,3,42,79,9,80,577,5,43,Intermediate,Algorithms,Low
5692,Consistent Learner,DSA,3,48,87,10,82,591,6,20,Intermediate,Operating Systems,Low
5693,Consistent Learner,Database,4,55,89,9,78,546,6,29,Intermediate,Computer Networks,Low
5694,Inactive Student,Web Development,1,1,4,2,16,31,1,1,Beginner,Programming Basics,High
5695,Consistent Learner,Machine Learning,3,51,76,11,77,431,4,29,Intermediate,Database Systems,Low
5696,Consistent Learner,Operating Systems,4,43,78,13,89,700,4,58,Intermediate,Operating Systems,Low
5697,Struggling Student,Machine Learning,2,14,27,3,59,158,1,4,Beginner,Programming Fundamentals,High
5698,Consistent Learner,DSA,4,48,81,12,87,667,6,53,Intermediate,Algorithms,Low
5699,Consistent Learner,Programming,4,41,88,12,78,593,5,31,Intermediate,Computer Networks,Low
5700,High Achiever,Database,4,70,100,15,95,978,7,69,Advanced,Advanced Algorithms,Low
5701,Casual Learner,DSA,2,33,69,8,60,276,4,13,Intermediate,Web Development,Medium
5702,Casual Learner,Computer Networks,2,21,59,5,71,194,4,17,Intermediate,Database Systems,Medium
5703,Consistent Learner,Computer Networks,3,48,88,9,77,428,5,45,Intermediate,Database Systems,Low
5704,Casual Learner,Web Development,3,29,71,5,75,199,4,7,Intermediate,Computer Networks,Medium
5705,High Achiever,Computer Networks,5,63,96,20,100,993,6,67,Advanced,Machine Learning,Low
5706,Consistent Learner,Computer Networks,4,43,76,13,88,480,5,28,Intermediate,Machine Learning,Low
5707,High Achiever,Computer Networks,4,62,92,16,96,1054,7,103,Advanced,Machine Learning,Low
5708,Consistent Learner,Programming,4,54,78,12,88,601,4,33,Intermediate,Algorithms,Low
5709,Casual Learner,Programming,3,22,61,7,65,247,3,17,Intermediate,Object-Oriented Programming,Medium
5710,Casual Learner,Database,3,19,75,7,70,188,2,19,Intermediate,Data Structures,Medium
5711,Casual Learner,Computer Networks,3,22,66,6,60,186,4,24,Intermediate,Web Development,Medium
5712,Inactive Student,Web Development,1,3,18,0,17,41,1,2,Beginner,Programming Basics,High
5713,Inactive Student,Programming,1,2,19,0,19,32,1,2,Beginner,Programming Basics,High
5714,Consistent Learner,Machine Learning,4,46,83,9,84,564,4,44,Intermediate,Machine Learning,Low
5715,Casual Learner,Web Development,2,16,65,7,74,296,2,9,Intermediate,Data Structures,Medium
5716,High Achiever,Web Development,5,67,100,13,100,865,6,70,Advanced,Machine Learning,Low
5717,High Achiever,Web Development,4,59,97,17,99,730,7,93,Advanced,Advanced Algorithms,Low
5718,Casual Learner,Computer Networks,3,33,57,8,61,261,2,13,Intermediate,Database Systems,Medium
5719,Consistent Learner,Machine Learning,4,55,75,8,88,664,4,29,Intermediate,Algorithms,Low
5720,Casual Learner,Operating Systems,2,16,50,7,62,269,3,21,Intermediate,Database Systems,Medium
5721,Inactive Student,DSA,1,4,5,0,16,16,1,1,Beginner,Introduction to C++,High
5722,Consistent Learner,DSA,3,39,78,10,84,543,4,32,Intermediate,Operating Systems,Low
5723,Struggling Student,Machine Learning,2,15,22,5,52,132,1,4,Beginner,Programming Basics,High
5724,Consistent Learner,Programming,4,48,85,12,76,646,4,42,Intermediate,Computer Networks,Low
5725,Casual Learner,Operating Systems,3,34,61,4,60,394,3,11,Intermediate,Database Systems,Medium
5726,Inactive Student,Computer Networks,1,0,4,2,31,18,0,2,Beginner,Programming Fundamentals,High
5727,Casual Learner,Programming,3,21,50,7,67,393,4,9,Intermediate,Object-Oriented Programming,Medium
5728,Consistent Learner,DSA,4,51,87,9,82,403,6,31,Intermediate,Operating Systems,Low
5729,Consistent Learner,Database,3,37,86,8,85,596,4,55,Intermediate,Algorithms,Low
5730,Struggling Student,Machine Learning,1,7,40,5,41,93,2,7,Beginner,Introduction to C++,High
5731,Consistent Learner,Machine Learning,3,52,83,10,75,523,6,47,Intermediate,Database Systems,Low
5732,Inactive Student,Web Development,1,0,19,0,31,41,0,2,Beginner,Introduction to C++,High
5733,Consistent Learner,Web Development,4,51,90,8,85,604,5,29,Intermediate,Algorithms,Low
5734,High Achiever,Operating Systems,4,66,96,12,97,1032,7,74,Advanced,Advanced Algorithms,Low
5735,Consistent Learner,Programming,4,35,78,9,82,571,4,46,Intermediate,Machine Learning,Low
5736,Casual Learner,Operating Systems,3,28,51,6,60,269,4,5,Intermediate,Web Development,Medium
5737,Struggling Student,Computer Networks,2,16,34,5,50,122,1,8,Beginner,Programming Fundamentals,High
5738,Casual Learner,DSA,2,34,59,7,68,237,3,9,Intermediate,Web Development,Medium
5739,Struggling Student,Programming,1,10,47,3,42,148,2,1,Beginner,Programming Fundamentals,High
5740,High Achiever,DSA,5,68,94,19,89,1165,7,63,Advanced,Machine Learning,Low
5741,Casual Learner,DSA,2,17,53,4,61,213,3,25,Intermediate,Database Systems,Medium
5742,Struggling Student,DSA,1,12,34,3,60,179,1,4,Beginner,Object-Oriented Programming,High
5743,High Achiever,Machine Learning,4,58,94,17,90,827,7,108,Advanced,Machine Learning,Low
5744,Consistent Learner,Web Development,3,41,80,12,89,535,6,29,Intermediate,Machine Learning,Low
5745,Casual Learner,Web Development,3,28,74,8,61,371,4,15,Intermediate,Web Development,Medium
5746,High Achiever,Programming,5,72,99,17,99,1085,6,109,Advanced,Machine Learning,Low
5747,Consistent Learner,Operating Systems,4,36,77,14,85,538,4,54,Intermediate,Operating Systems,Low
5748,Struggling Student,Database,2,13,23,6,60,66,2,8,Beginner,Web Development,High
5749,Inactive Student,Computer Networks,1,2,19,2,6,51,1,2,Beginner,Programming Fundamentals,High
5750,Struggling Student,Programming,2,15,44,2,49,94,2,7,Beginner,Programming Basics,High
5751,Struggling Student,Computer Networks,2,9,23,5,42,64,1,7,Beginner,Introduction to C++,High
5752,Casual Learner,DSA,3,27,63,8,71,254,3,15,Intermediate,Data Structures,Medium
5753,Struggling Student,Computer Networks,2,8,35,5,53,115,2,6,Beginner,Programming Fundamentals,High
5754,Casual Learner,DSA,2,23,59,5,67,385,4,8,Intermediate,Database Systems,Medium
5755,Consistent Learner,Web Development,4,43,84,12,78,669,6,45,Intermediate,Data Structures,Low
5756,Consistent Learner,DSA,3,47,81,13,85,675,4,43,Intermediate,Algorithms,Low
5757,Consistent Learner,Computer Networks,4,37,81,8,81,576,5,27,Intermediate,Algorithms,Low
5758,Inactive Student,Programming,1,1,15,2,18,30,0,1,Beginner,Introduction to C++,High
5759,Casual Learner,Operating Systems,2,29,55,5,67,377,4,8,Intermediate,Database Systems,Medium
5760,Struggling Student,Programming,2,13,25,3,51,126,2,5,Beginner,Programming Fundamentals,High
5761,Consistent Learner,DSA,4,50,84,8,89,557,5,37,Intermediate,Algorithms,Low
5762,Struggling Student,DSA,2,7,38,5,43,155,2,6,Beginner,Introduction to C++,High
5763,Consistent Learner,Web Development,3,47,78,12,82,548,5,29,Intermediate,Machine Learning,Low
5764,High Achiever,Machine Learning,4,74,95,16,93,860,6,114,Advanced,Advanced Algorithms,Low
5765,High Achiever,Programming,5,59,98,18,91,859,7,40,Advanced,Machine Learning,Low
5766,Inactive Student,Operating Systems,1,0,14,0,24,16,0,1,Beginner,Introduction to C++,High
5767,Consistent Learner,DSA,4,46,80,8,78,584,5,59,Intermediate,Data Structures,Low
5768,Consistent Learner,Computer Networks,3,47,84,8,86,642,4,32,Intermediate,Machine Learning,Low
5769,Casual Learner,Machine Learning,3,15,73,8,62,231,3,7,Intermediate,Web Development,Medium
5770,Casual Learner,Programming,2,34,50,7,63,326,3,20,Intermediate,Web Development,Medium
5771,High Achiever,Database,5,58,94,17,89,843,7,81,Advanced,Operating Systems,Low
5772,Struggling Student,Machine Learning,2,18,26,5,57,64,2,3,Beginner,Programming Fundamentals,High
5773,Consistent Learner,Computer Networks,3,51,76,12,83,523,6,53,Intermediate,Algorithms,Low
5774,Consistent Learner,Machine Learning,4,51,79,14,89,486,4,21,Intermediate,Operating Systems,Low
5775,Casual Learner,Web Development,2,24,73,7,68,244,3,5,Intermediate,Object-Oriented Programming,Medium
5776,High Achiever,Programming,5,76,90,16,93,1065,6,118,Advanced,Advanced Algorithms,Low
5777,High Achiever,Programming,5,62,93,12,88,790,7,88,Advanced,Algorithms,Low
5778,Struggling Student,DSA,2,7,25,3,55,88,2,6,Beginner,Programming Basics,High
5779,Consistent Learner,DSA,3,55,87,8,85,699,4,36,Intermediate,Machine Learning,Low
5780,Consistent Learner,DSA,4,39,80,11,86,533,6,33,Intermediate,Algorithms,Low
5781,Inactive Student,Operating Systems,1,2,6,2,29,56,0,1,Beginner,Introduction to C++,High
5782,High Achiever,Computer Networks,5,80,99,18,92,774,7,47,Advanced,Advanced Algorithms,Low
5783,Consistent Learner,Programming,3,54,89,9,89,530,4,40,Intermediate,Algorithms,Low
5784,Consistent Learner,Computer Networks,3,38,87,10,77,435,6,59,Intermediate,Data Structures,Low
5785,Struggling Student,Web Development,2,11,29,2,60,157,1,6,Beginner,Database Systems,High
5786,Struggling Student,DSA,2,5,21,5,44,129,1,3,Beginner,Programming Basics,High
5787,Casual Learner,DSA,3,29,69,8,66,317,4,24,Intermediate,Database Systems,Medium
5788,Inactive Student,Database,1,2,17,2,10,9,1,0,Beginner,Programming Fundamentals,High
5789,Casual Learner,Operating Systems,3,25,55,8,68,339,3,19,Intermediate,Database Systems,Medium
5790,Consistent Learner,Database,3,40,85,11,81,674,4,47,Intermediate,Machine Learning,Low
5791,Casual Learner,Database,3,16,56,4,60,200,2,9,Intermediate,Web Development,Medium
5792,High Achiever,DSA,5,66,93,16,90,737,7,76,Advanced,Advanced Algorithms,Low
5793,Casual Learner,Operating Systems,3,24,71,6,74,253,4,21,Intermediate,Computer Networks,Medium
5794,Struggling Student,DSA,2,13,26,6,44,106,1,6,Beginner,Introduction to C++,High
5795,Consistent Learner,Machine Learning,3,45,82,14,85,488,4,42,Intermediate,Algorithms,Low
5796,Casual Learner,Computer Networks,3,27,63,4,73,316,4,23,Intermediate,Computer Networks,Medium
5797,Casual Learner,Computer Networks,2,23,65,4,71,301,3,18,Intermediate,Data Structures,Medium
5798,High Achiever,Programming,4,56,93,12,90,791,6,57,Advanced,Machine Learning,Low
5799,Casual Learner,Database,2,20,53,7,67,214,2,9,Intermediate,Web Development,Medium
5800,Consistent Learner,Database,3,43,79,9,88,518,6,28,Intermediate,Machine Learning,Low
5801,Struggling Student,Computer Networks,1,6,29,4,50,85,2,2,Beginner,Introduction to C++,High
5802,Casual Learner,Database,3,18,69,7,75,319,3,20,Intermediate,Computer Networks,Medium
5803,Casual Learner,Programming,2,18,70,6,63,233,2,18,Intermediate,Web Development,Medium
5804,Consistent Learner,DSA,3,47,81,10,86,537,5,59,Intermediate,Operating Systems,Low
5805,High Achiever,DSA,5,78,99,15,89,717,7,96,Advanced,Algorithms,Low
5806,Casual Learner,DSA,2,21,72,8,63,270,3,15,Intermediate,Database Systems,Medium
5807,High Achiever,Machine Learning,5,68,100,14,98,895,6,63,Advanced,Machine Learning,Low
5808,Consistent Learner,Database,3,53,82,8,88,660,6,25,Intermediate,Operating Systems,Low
5809,Struggling Student,Programming,2,16,37,5,55,180,2,4,Beginner,Programming Fundamentals,High
5810,Casual Learner,Programming,2,35,68,6,74,249,3,8,Intermediate,Data Structures,Medium
5811,Consistent Learner,Computer Networks,3,54,75,8,79,548,4,43,Intermediate,Database Systems,Low
5812,High Achiever,Operating Systems,5,71,96,15,95,807,7,66,Advanced,Machine Learning,Low
5813,Consistent Learner,Web Development,3,39,87,11,88,656,5,54,Intermediate,Machine Learning,Low
5814,Struggling Student,Operating Systems,2,8,22,2,52,80,1,1,Beginner,Programming Fundamentals,High
5815,Casual Learner,Web Development,3,17,59,8,68,395,3,11,Intermediate,Web Development,Medium
5816,Inactive Student,Computer Networks,1,2,9,2,12,5,0,1,Beginner,Introduction to C++,High
5817,Casual Learner,Programming,2,21,71,4,64,298,3,23,Intermediate,Database Systems,Medium
5818,High Achiever,Computer Networks,5,72,96,19,97,796,7,106,Advanced,Deep Learning,Low
5819,Consistent Learner,DSA,3,38,83,12,83,570,4,26,Intermediate,Algorithms,Low
5820,Consistent Learner,Operating Systems,4,36,88,9,75,662,4,55,Intermediate,Data Structures,Low
5821,Casual Learner,Programming,2,25,53,6,63,254,2,16,Intermediate,Object-Oriented Programming,Medium
5822,Casual Learner,Programming,2,22,71,6,75,341,3,10,Intermediate,Computer Networks,Medium
5823,Casual Learner,DSA,3,23,52,5,65,385,3,14,Intermediate,Database Systems,Medium
5824,High Achiever,Computer Networks,5,77,93,14,92,874,6,116,Advanced,Advanced Algorithms,Low
5825,Consistent Learner,Operating Systems,4,39,83,8,77,632,5,60,Intermediate,Database Systems,Low
5826,High Achiever,Computer Networks,4,73,96,20,98,872,6,97,Advanced,Deep Learning,Low
5827,Casual Learner,DSA,2,33,53,8,63,222,2,14,Intermediate,Database Systems,Medium
5828,Consistent Learner,Database,3,52,76,12,90,400,4,20,Intermediate,Advanced Algorithms,Low
5829,Struggling Student,Web Development,1,14,33,3,51,170,1,6,Beginner,Programming Fundamentals,High
5830,High Achiever,Web Development,5,75,93,15,89,925,6,57,Advanced,Operating Systems,Low
5831,Struggling Student,DSA,1,12,39,5,40,128,2,1,Beginner,Introduction to C++,High
5832,Struggling Student,DSA,2,17,35,4,57,118,1,6,Beginner,Programming Basics,High
5833,Casual Learner,Web Development,2,16,71,4,70,238,2,12,Intermediate,Data Structures,Medium
5834,High Achiever,Operating Systems,4,65,96,18,92,927,7,48,Advanced,Machine Learning,Low
5835,Inactive Student,DSA,1,0,3,1,5,38,1,2,Beginner,Programming Basics,High
5836,Casual Learner,Machine Learning,3,20,54,7,73,230,2,16,Intermediate,Database Systems,Medium
5837,Struggling Student,Programming,1,8,40,4,58,75,1,2,Beginner,Introduction to C++,High
5838,Struggling Student,Computer Networks,2,8,47,5,53,123,1,4,Beginner,Introduction to C++,High
5839,Consistent Learner,Computer Networks,3,45,77,13,84,566,4,31,Intermediate,Operating Systems,Low
5840,Struggling Student,DSA,1,7,48,4,46,166,2,6,Beginner,Programming Fundamentals,High
5841,Consistent Learner,Computer Networks,4,54,81,13,83,608,5,48,Intermediate,Machine Learning,Low
5842,Consistent Learner,DSA,3,46,80,8,90,400,6,44,Intermediate,Deep Learning,Low
5843,High Achiever,Web Development,5,57,92,15,99,1183,6,81,Advanced,Deep Learning,Low
5844,High Achiever,Database,5,69,98,15,88,1152,7,82,Advanced,Algorithms,Low
5845,High Achiever,DSA,4,70,100,12,91,1033,7,113,Advanced,Machine Learning,Low
5846,Consistent Learner,Operating Systems,3,46,79,11,87,502,5,39,Intermediate,Algorithms,Low
5847,Casual Learner,DSA,2,20,62,6,70,252,2,17,Intermediate,Database Systems,Medium
5848,Casual Learner,Computer Networks,3,34,63,7,69,279,3,25,Intermediate,Object-Oriented Programming,Medium
5849,Consistent Learner,Machine Learning,4,41,75,14,77,519,4,34,Intermediate,Data Structures,Low
5850,Casual Learner,Operating Systems,2,18,64,4,65,344,3,20,Intermediate,Object-Oriented Programming,Medium
5851,Casual Learner,Web Development,2,24,69,6,63,399,4,16,Intermediate,Object-Oriented Programming,Medium
5852,Consistent Learner,Web Development,4,48,78,11,76,506,6,38,Intermediate,Computer Networks,Low
5853,Inactive Student,Computer Networks,1,1,12,0,26,32,0,0,Beginner,Programming Fundamentals,High
5854,Casual Learner,Database,3,17,59,4,60,324,3,17,Intermediate,Object-Oriented Programming,Medium
5855,Casual Learner,Database,2,34,56,5,70,295,4,24,Intermediate,Data Structures,Medium
5856,Inactive Student,Machine Learning,1,2,1,1,36,0,0,0,Beginner,Programming Fundamentals,High
5857,Struggling Student,DSA,2,16,43,5,42,70,1,1,Beginner,Programming Basics,High
5858,Casual Learner,Programming,2,22,66,6,70,359,2,9,Intermediate,Computer Networks,Medium
5859,Casual Learner,Programming,3,19,54,5,61,382,2,12,Intermediate,Database Systems,Medium
5860,Struggling Student,DSA,1,8,38,6,59,146,2,2,Beginner,Programming Basics,High
5861,Casual Learner,DSA,3,30,75,5,74,334,2,19,Intermediate,Computer Networks,Medium
5862,Inactive Student,Web Development,1,3,17,0,15,25,0,2,Beginner,Programming Fundamentals,High
5863,Struggling Student,DSA,1,14,44,5,53,102,1,5,Beginner,Introduction to C++,High
5864,Casual Learner,Operating Systems,3,25,64,6,66,186,3,9,Intermediate,Object-Oriented Programming,Medium
5865,Consistent Learner,Programming,4,52,84,14,78,700,6,48,Intermediate,Data Structures,Low
5866,High Achiever,Operating Systems,4,57,93,12,100,702,7,70,Advanced,Advanced Algorithms,Low
5867,Consistent Learner,Programming,4,37,78,14,77,624,6,46,Intermediate,Data Structures,Low
5868,Struggling Student,Programming,2,5,34,4,58,103,1,5,Beginner,Introduction to C++,High
5869,Consistent Learner,Operating Systems,3,49,78,14,80,692,6,20,Intermediate,Algorithms,Low
5870,Struggling Student,Database,2,17,49,2,53,71,2,4,Beginner,Programming Fundamentals,High
5871,Inactive Student,Operating Systems,1,1,8,0,33,47,1,0,Beginner,Programming Fundamentals,High
5872,Casual Learner,DSA,2,22,66,4,66,305,2,15,Intermediate,Database Systems,Medium
5873,Struggling Student,Database,1,5,27,5,53,178,1,3,Beginner,Introduction to C++,High
5874,Struggling Student,Database,2,6,42,4,44,106,1,6,Beginner,Programming Basics,High
5875,Struggling Student,DSA,2,12,36,2,43,112,2,5,Beginner,Programming Fundamentals,High
5876,Casual Learner,Operating Systems,3,30,53,5,65,355,4,6,Intermediate,Object-Oriented Programming,Medium
5877,Struggling Student,DSA,1,10,36,4,43,167,1,6,Beginner,Programming Fundamentals,High
5878,High Achiever,Programming,4,58,94,18,88,767,6,87,Advanced,Algorithms,Low
5879,Struggling Student,Computer Networks,2,13,25,6,58,61,1,5,Beginner,Programming Basics,High
5880,Casual Learner,Operating Systems,2,22,60,7,67,387,2,17,Intermediate,Database Systems,Medium
5881,Struggling Student,Web Development,1,7,34,2,52,131,1,8,Beginner,Programming Fundamentals,High
5882,Struggling Student,Machine Learning,2,18,34,6,54,71,1,4,Beginner,Programming Fundamentals,High
5883,Consistent Learner,Web Development,4,36,86,8,75,530,5,34,Intermediate,Data Structures,Low
5884,Inactive Student,Machine Learning,1,0,5,2,10,60,0,0,Beginner,Programming Basics,High
5885,Struggling Student,Computer Networks,2,18,36,3,49,140,1,5,Beginner,Programming Fundamentals,High
5886,Consistent Learner,Database,4,44,87,12,89,672,6,57,Intermediate,Machine Learning,Low
5887,High Achiever,Database,5,62,94,12,100,710,6,115,Advanced,Deep Learning,Low
5888,Casual Learner,Computer Networks,2,22,58,6,60,195,3,8,Intermediate,Web Development,Medium
5889,Consistent Learner,Computer Networks,3,41,76,9,75,626,5,44,Intermediate,Data Structures,Low
5890,Casual Learner,Web Development,2,27,71,7,68,398,3,14,Intermediate,Web Development,Medium
5891,Casual Learner,DSA,2,34,66,7,64,315,3,21,Intermediate,Object-Oriented Programming,Medium
5892,Casual Learner,Machine Learning,3,33,62,8,64,237,3,13,Intermediate,Database Systems,Medium
5893,High Achiever,Database,5,59,94,19,100,936,6,50,Advanced,Machine Learning,Low
5894,Struggling Student,Web Development,1,15,50,5,44,63,1,7,Beginner,Programming Basics,High
5895,Inactive Student,Database,1,4,9,0,30,47,0,0,Beginner,Programming Basics,High
5896,Struggling Student,Programming,1,12,21,5,53,165,2,4,Beginner,Introduction to C++,High
5897,High Achiever,Computer Networks,5,80,98,15,93,962,7,46,Advanced,Deep Learning,Low
5898,Casual Learner,Operating Systems,3,29,52,5,73,261,3,16,Intermediate,Database Systems,Medium
5899,Struggling Student,Computer Networks,2,6,41,5,50,110,2,7,Beginner,Introduction to C++,High
5900,High Achiever,Web Development,4,57,91,14,88,1179,7,42,Advanced,Algorithms,Low
5901,Casual Learner,Computer Networks,2,25,70,8,66,375,3,23,Intermediate,Database Systems,Medium
5902,Casual Learner,Machine Learning,2,28,55,6,70,215,3,19,Intermediate,Database Systems,Medium
5903,High Achiever,Programming,4,61,95,20,98,832,6,106,Advanced,Deep Learning,Low
5904,High Achiever,Web Development,4,79,90,16,91,843,6,60,Advanced,Advanced Algorithms,Low
5905,Casual Learner,Computer Networks,3,32,61,5,64,391,2,5,Intermediate,Object-Oriented Programming,Medium
5906,Struggling Student,DSA,1,5,38,2,48,60,1,4,Beginner,Introduction to C++,High
5907,Inactive Student,Operating Systems,1,3,11,2,19,53,0,0,Beginner,Introduction to C++,High
5908,High Achiever,Database,5,65,90,14,93,930,7,44,Advanced,Advanced Algorithms,Low
5909,Struggling Student,Operating Systems,1,14,30,6,41,78,2,1,Beginner,Introduction to C++,High
5910,Consistent Learner,Web Development,3,54,78,12,81,667,5,37,Intermediate,Operating Systems,Low
5911,Struggling Student,DSA,2,7,33,6,53,70,2,4,Beginner,Introduction to C++,High
5912,Inactive Student,Computer Networks,1,3,2,1,29,20,0,2,Beginner,Introduction to C++,High
5913,Struggling Student,Computer Networks,2,15,45,3,52,139,1,6,Beginner,Introduction to C++,High
5914,Struggling Student,Computer Networks,2,13,37,2,60,93,1,3,Beginner,Database Systems,High
5915,Consistent Learner,DSA,4,50,76,10,76,673,5,41,Intermediate,Database Systems,Low
5916,High Achiever,Web Development,4,63,94,20,89,978,7,96,Advanced,Operating Systems,Low
5917,Inactive Student,Computer Networks,1,2,0,0,14,56,0,2,Beginner,Programming Basics,High
5918,Casual Learner,Programming,3,23,72,4,69,223,2,8,Intermediate,Object-Oriented Programming,Medium
5919,Consistent Learner,Machine Learning,4,41,80,12,77,559,4,38,Intermediate,Database Systems,Low
5920,Consistent Learner,Web Development,4,41,86,14,89,494,4,46,Intermediate,Operating Systems,Low
5921,Consistent Learner,DSA,3,36,75,9,84,563,5,39,Intermediate,Machine Learning,Low
5922,Casual Learner,Database,2,20,52,4,70,255,4,17,Intermediate,Computer Networks,Medium
5923,Casual Learner,Web Development,3,21,51,7,60,326,4,7,Intermediate,Web Development,Medium
5924,Struggling Student,Machine Learning,2,11,34,5,42,119,1,6,Beginner,Programming Basics,High
5925,High Achiever,Programming,4,77,95,18,99,1196,6,80,Advanced,Deep Learning,Low
5926,Casual Learner,DSA,2,16,73,8,61,216,4,5,Intermediate,Database Systems,Medium
5927,Casual Learner,Operating Systems,3,26,50,4,61,375,3,14,Intermediate,Database Systems,Medium
5928,High Achiever,Web Development,5,76,93,12,93,1072,7,60,Advanced,Deep Learning,Low
5929,Consistent Learner,DSA,3,35,80,8,89,563,6,56,Intermediate,Algorithms,Low
5930,Struggling Student,Machine Learning,1,14,42,2,50,84,2,1,Beginner,Programming Basics,High
5931,Struggling Student,Computer Networks,2,16,32,2,54,83,1,4,Beginner,Programming Basics,High
5932,Struggling Student,Database,1,18,44,3,47,142,2,8,Beginner,Introduction to C++,High
5933,Casual Learner,Web Development,3,27,62,8,70,232,2,13,Intermediate,Data Structures,Medium
5934,Inactive Student,Database,1,4,9,0,26,41,0,1,Beginner,Introduction to C++,High
5935,Consistent Learner,Operating Systems,4,48,86,12,85,624,6,43,Intermediate,Machine Learning,Low
5936,Struggling Student,Database,1,17,42,6,45,95,1,8,Beginner,Programming Fundamentals,High
5937,Consistent Learner,Web Development,3,55,86,8,87,577,4,31,Intermediate,Operating Systems,Low
5938,Casual Learner,DSA,3,18,52,8,74,303,4,17,Intermediate,Data Structures,Medium
5939,Consistent Learner,Computer Networks,3,43,84,12,90,648,5,39,Intermediate,Deep Learning,Low
5940,Inactive Student,Operating Systems,1,1,18,1,4,1,0,0,Beginner,Programming Fundamentals,High
5941,Casual Learner,Operating Systems,2,30,65,8,73,194,3,22,Intermediate,Computer Networks,Medium
5942,Struggling Student,Computer Networks,2,12,41,4,45,61,2,1,Beginner,Programming Fundamentals,High
5943,Struggling Student,Database,2,13,50,4,52,82,1,2,Beginner,Introduction to C++,High
5944,Consistent Learner,Operating Systems,4,45,77,12,87,562,4,42,Intermediate,Algorithms,Low
5945,High Achiever,Programming,5,57,100,15,99,966,6,120,Advanced,Advanced Algorithms,Low
5946,Casual Learner,Operating Systems,3,34,51,8,73,349,4,18,Intermediate,Database Systems,Medium
5947,Struggling Student,Computer Networks,2,11,46,5,41,160,1,8,Beginner,Programming Basics,High
5948,Struggling Student,Computer Networks,2,14,27,6,53,119,1,2,Beginner,Programming Fundamentals,High
5949,Consistent Learner,Computer Networks,3,40,87,10,77,468,5,44,Intermediate,Database Systems,Low
5950,Consistent Learner,Computer Networks,4,50,89,14,81,562,4,44,Intermediate,Operating Systems,Low
5951,Consistent Learner,Programming,3,40,89,13,78,442,4,25,Intermediate,Computer Networks,Low
5952,High Achiever,DSA,4,78,94,20,88,716,7,96,Advanced,Operating Systems,Low
5953,Consistent Learner,Operating Systems,4,46,89,13,90,526,5,33,Intermediate,Machine Learning,Low
5954,Casual Learner,DSA,2,21,54,4,67,286,3,23,Intermediate,Web Development,Medium
5955,Inactive Student,Machine Learning,1,4,7,1,37,32,0,2,Beginner,Introduction to C++,High
5956,Consistent Learner,Machine Learning,4,41,79,12,89,561,6,37,Intermediate,Machine Learning,Low
5957,Casual Learner,Web Development,2,35,56,7,61,340,2,13,Intermediate,Database Systems,Medium
5958,Consistent Learner,Machine Learning,4,46,75,12,76,594,5,21,Intermediate,Computer Networks,Low
5959,Consistent Learner,Machine Learning,3,36,88,9,88,548,5,41,Intermediate,Operating Systems,Low
5960,Struggling Student,Machine Learning,2,7,28,4,49,109,1,2,Beginner,Programming Basics,High
5961,Struggling Student,Computer Networks,2,17,24,2,58,82,2,5,Beginner,Programming Fundamentals,High
5962,Consistent Learner,Machine Learning,3,53,77,13,77,473,4,22,Intermediate,Data Structures,Low
5963,Inactive Student,Programming,1,2,20,0,8,41,1,0,Beginner,Programming Basics,High
5964,Consistent Learner,Database,3,45,84,14,78,598,6,41,Intermediate,Data Structures,Low
5965,Inactive Student,Web Development,1,0,0,2,28,31,1,1,Beginner,Programming Basics,High
5966,Casual Learner,Operating Systems,2,21,55,5,73,186,3,12,Intermediate,Database Systems,Medium
5967,Struggling Student,Web Development,2,8,25,5,54,92,2,7,Beginner,Introduction to C++,High
5968,Inactive Student,DSA,1,0,1,0,8,13,0,2,Beginner,Programming Fundamentals,High
5969,Struggling Student,Operating Systems,2,8,34,5,55,90,1,6,Beginner,Programming Fundamentals,High
5970,Consistent Learner,DSA,3,54,88,13,83,574,6,59,Intermediate,Machine Learning,Low
5971,Casual Learner,DSA,3,21,52,5,62,218,3,16,Intermediate,Web Development,Medium
5972,Casual Learner,Machine Learning,2,34,55,5,60,302,4,8,Intermediate,Database Systems,Medium
5973,High Achiever,Operating Systems,5,69,90,18,95,1162,6,98,Advanced,Deep Learning,Low
5974,Struggling Student,Computer Networks,1,18,46,4,48,174,2,5,Beginner,Programming Fundamentals,High
5975,Struggling Student,Web Development,2,15,39,5,42,73,1,2,Beginner,Introduction to C++,High
5976,Struggling Student,Computer Networks,2,17,36,5,46,74,1,3,Beginner,Introduction to C++,High
5977,Consistent Learner,Operating Systems,4,45,88,9,83,618,6,38,Intermediate,Machine Learning,Low
5978,Casual Learner,Computer Networks,2,15,75,8,60,229,3,22,Intermediate,Web Development,Medium
5979,Consistent Learner,Computer Networks,4,39,87,9,80,642,5,22,Intermediate,Algorithms,Low
5980,Casual Learner,Programming,2,27,59,5,63,370,2,10,Intermediate,Object-Oriented Programming,Medium
5981,Casual Learner,Web Development,2,31,67,4,75,243,3,18,Intermediate,Computer Networks,Medium
5982,Struggling Student,Computer Networks,2,14,50,5,41,108,2,1,Beginner,Programming Fundamentals,High
5983,Struggling Student,Computer Networks,1,14,46,5,60,164,2,4,Beginner,Web Development,High
5984,Casual Learner,Computer Networks,2,26,63,5,66,328,3,5,Intermediate,Object-Oriented Programming,Medium
5985,High Achiever,Programming,4,71,97,12,98,722,6,45,Advanced,Advanced Algorithms,Low
5986,Struggling Student,DSA,1,5,31,3,44,155,1,1,Beginner,Programming Fundamentals,High
5987,Casual Learner,Machine Learning,3,27,74,4,60,254,3,17,Intermediate,Object-Oriented Programming,Medium
5988,Struggling Student,Programming,1,18,22,4,55,170,1,5,Beginner,Introduction to C++,High
5989,Struggling Student,Machine Learning,1,17,23,5,46,132,1,7,Beginner,Introduction to C++,High
5990,Consistent Learner,Computer Networks,4,51,86,11,88,419,4,49,Intermediate,Algorithms,Low
5991,High Achiever,Programming,4,66,90,14,99,856,7,41,Advanced,Deep Learning,Low
5992,Struggling Student,DSA,1,16,34,2,51,79,2,2,Beginner,Programming Fundamentals,High
5993,Inactive Student,Web Development,1,4,8,2,20,27,1,1,Beginner,Programming Fundamentals,High
5994,Casual Learner,Web Development,3,35,71,6,73,337,2,13,Intermediate,Data Structures,Medium
5995,Struggling Student,Database,1,5,20,2,43,87,2,5,Beginner,Programming Basics,High
5996,Casual Learner,Database,3,18,50,7,67,309,2,11,Intermediate,Object-Oriented Programming,Medium
5997,High Achiever,Operating Systems,4,62,97,18,100,1094,6,58,Advanced,Machine Learning,Low
5998,Struggling Student,Database,2,5,23,4,48,75,2,8,Beginner,Introduction to C++,High
5999,Consistent Learner,Machine Learning,4,48,77,8,76,418,4,42,Intermediate,Computer Networks,Low
6000,High Achiever,Programming,5,60,100,16,95,1011,6,119,Advanced,Machine Learning,Low
6001,Casual Learner,DSA,3,31,71,8,62,253,2,9,Intermediate,Database Systems,Medium
6002,Inactive Student,Computer Networks,1,5,12,0,5,20,1,2,Beginner,Introduction to C++,High
6003,Casual Learner,Programming,2,31,65,6,75,377,3,19,Intermediate,Database Systems,Medium
6004,High Achiever,Computer Networks,4,58,98,15,99,1070,6,64,Advanced,Deep Learning,Low
6005,High Achiever,Computer Networks,5,63,94,18,96,1177,7,42,Advanced,Machine Learning,Low
6006,Casual Learner,Computer Networks,2,22,66,6,69,398,2,22,Intermediate,Database Systems,Medium
6007,Consistent Learner,DSA,3,47,83,10,89,423,4,50,Intermediate,Machine Learning,Low
6008,Consistent Learner,Operating Systems,4,36,77,8,88,585,4,45,Intermediate,Algorithms,Low
6009,Consistent Learner,Operating Systems,4,37,80,11,82,440,6,22,Intermediate,Operating Systems,Low
6010,Consistent Learner,Web Development,3,55,90,11,85,614,6,58,Intermediate,Operating Systems,Low
6011,Struggling Student,Computer Networks,1,11,42,2,49,74,2,7,Beginner,Programming Basics,High
6012,Casual Learner,Database,3,27,53,4,65,320,4,9,Intermediate,Object-Oriented Programming,Medium
6013,Struggling Student,Web Development,2,13,33,4,47,106,1,1,Beginner,Programming Fundamentals,High
6014,Casual Learner,DSA,2,27,56,4,68,328,2,21,Intermediate,Web Development,Medium
6015,Casual Learner,Machine Learning,2,31,71,7,63,348,3,15,Intermediate,Web Development,Medium
6016,Consistent Learner,Web Development,3,43,85,13,83,595,5,30,Intermediate,Algorithms,Low
6017,High Achiever,Operating Systems,4,65,95,20,100,823,6,41,Advanced,Machine Learning,Low
6018,Struggling Student,Database,1,15,42,6,54,107,2,4,Beginner,Introduction to C++,High
6019,Struggling Student,Machine Learning,1,16,47,2,56,126,2,4,Beginner,Introduction to C++,High
6020,Inactive Student,Machine Learning,1,1,2,2,11,28,0,1,Beginner,Introduction to C++,High
6021,Casual Learner,DSA,3,16,65,8,66,215,4,7,Intermediate,Web Development,Medium
6022,High Achiever,Computer Networks,5,57,97,19,98,748,6,40,Advanced,Machine Learning,Low
6023,Consistent Learner,DSA,3,50,82,11,77,655,5,40,Intermediate,Database Systems,Low
6024,Struggling Student,Database,1,12,40,6,42,124,2,1,Beginner,Programming Basics,High
6025,Struggling Student,Programming,1,18,22,3,47,67,1,2,Beginner,Introduction to C++,High
6026,Struggling Student,Machine Learning,1,9,49,2,42,71,1,3,Beginner,Programming Basics,High
6027,Consistent Learner,Computer Networks,3,53,79,11,90,475,5,38,Intermediate,Machine Learning,Low
6028,Casual Learner,Computer Networks,3,24,60,7,62,312,4,14,Intermediate,Database Systems,Medium
6029,Casual Learner,Programming,3,35,67,5,66,281,3,24,Intermediate,Database Systems,Medium
6030,Consistent Learner,Programming,3,44,89,13,78,494,6,58,Intermediate,Data Structures,Low
6031,Struggling Student,Operating Systems,1,8,50,6,44,167,2,6,Beginner,Introduction to C++,High
6032,High Achiever,Web Development,5,72,91,14,94,906,7,118,Advanced,Advanced Algorithms,Low
6033,High Achiever,Computer Networks,4,78,97,19,98,713,7,88,Advanced,Deep Learning,Low
6034,Casual Learner,Operating Systems,3,32,73,7,71,395,4,19,Intermediate,Database Systems,Medium
6035,Casual Learner,Database,3,30,63,7,66,357,4,25,Intermediate,Web Development,Medium
6036,High Achiever,Web Development,5,56,96,20,90,798,6,100,Advanced,Machine Learning,Low
6037,Struggling Student,DSA,1,9,34,4,42,178,1,7,Beginner,Introduction to C++,High
6038,Casual Learner,Web Development,3,29,51,7,67,345,4,16,Intermediate,Database Systems,Medium
6039,Struggling Student,Programming,2,7,22,5,46,77,1,4,Beginner,Programming Basics,High
6040,High Achiever,Database,5,76,98,14,100,1021,6,61,Advanced,Advanced Algorithms,Low
6041,Struggling Student,DSA,2,10,44,5,52,139,1,1,Beginner,Programming Fundamentals,High
6042,Casual Learner,DSA,3,16,64,8,62,393,4,24,Intermediate,Web Development,Medium
6043,High Achiever,DSA,4,76,100,13,93,1079,7,68,Advanced,Deep Learning,Low
6044,Consistent Learner,Programming,4,44,89,8,84,677,6,45,Intermediate,Machine Learning,Low
6045,High Achiever,Computer Networks,5,79,92,16,97,970,7,114,Advanced,Deep Learning,Low
6046,Consistent Learner,DSA,4,46,76,12,83,453,5,29,Intermediate,Operating Systems,Low
6047,Casual Learner,Computer Networks,3,29,55,6,60,309,4,17,Intermediate,Object-Oriented Programming,Medium
6048,Casual Learner,Web Development,2,17,72,5,64,396,2,16,Intermediate,Database Systems,Medium
6049,Casual Learner,Programming,2,34,52,8,74,210,3,8,Intermediate,Data Structures,Medium
6050,Consistent Learner,Database,3,36,90,14,77,664,6,55,Intermediate,Computer Networks,Low
6051,Inactive Student,DSA,1,1,2,0,6,35,1,0,Beginner,Introduction to C++,High
6052,High Achiever,Database,5,58,100,13,95,821,7,51,Advanced,Deep Learning,Low
6053,Struggling Student,Database,1,9,33,4,51,98,2,2,Beginner,Programming Basics,High
6054,Inactive Student,Operating Systems,1,1,10,1,37,4,1,1,Beginner,Programming Fundamentals,High
6055,Casual Learner,Database,3,27,56,4,66,277,2,12,Intermediate,Web Development,Medium
6056,Casual Learner,Database,3,25,50,4,74,255,3,11,Intermediate,Database Systems,Medium
6057,Consistent Learner,Operating Systems,4,55,75,8,77,611,5,34,Intermediate,Database Systems,Low
6058,Consistent Learner,Programming,4,55,88,12,88,645,5,52,Intermediate,Operating Systems,Low
6059,High Achiever,Operating Systems,4,63,91,16,100,875,6,75,Advanced,Deep Learning,Low
6060,Casual Learner,Web Development,3,33,52,6,66,268,2,23,Intermediate,Object-Oriented Programming,Medium
6061,Casual Learner,DSA,3,17,66,6,61,276,2,24,Intermediate,Object-Oriented Programming,Medium
6062,Casual Learner,Database,3,26,53,5,64,296,2,6,Intermediate,Object-Oriented Programming,Medium
6063,Consistent Learner,Computer Networks,3,40,88,14,83,520,6,36,Intermediate,Machine Learning,Low
6064,Struggling Student,Computer Networks,1,14,45,3,60,62,2,1,Beginner,Web Development,High
6065,High Achiever,Web Development,4,62,99,14,98,824,7,56,Advanced,Deep Learning,Low
6066,Casual Learner,DSA,2,32,63,6,75,371,2,8,Intermediate,Computer Networks,Medium
6067,Struggling Student,Machine Learning,1,16,29,6,43,77,1,1,Beginner,Programming Basics,High
6068,Casual Learner,Operating Systems,2,32,53,8,66,347,4,10,Intermediate,Database Systems,Medium
6069,Consistent Learner,Web Development,4,53,77,11,89,604,4,56,Intermediate,Machine Learning,Low
6070,High Achiever,Machine Learning,4,58,97,14,97,1185,6,70,Advanced,Machine Learning,Low
6071,Inactive Student,Computer Networks,1,2,18,0,15,46,0,1,Beginner,Programming Basics,High
6072,High Achiever,Database,4,66,96,14,99,1086,7,57,Advanced,Advanced Algorithms,Low
6073,Consistent Learner,Database,3,43,75,12,83,453,5,48,Intermediate,Operating Systems,Low
6074,Casual Learner,Operating Systems,3,32,55,8,65,199,4,25,Intermediate,Object-Oriented Programming,Medium
6075,Consistent Learner,Web Development,3,38,87,9,87,466,6,51,Intermediate,Algorithms,Low
6076,Consistent Learner,Web Development,4,55,89,9,79,483,4,28,Intermediate,Data Structures,Low
6077,Consistent Learner,Operating Systems,4,41,89,14,81,601,6,25,Intermediate,Algorithms,Low
6078,Consistent Learner,Programming,4,45,79,12,90,677,5,50,Intermediate,Deep Learning,Low
6079,Casual Learner,Database,3,29,59,4,74,288,3,11,Intermediate,Database Systems,Medium
6080,Consistent Learner,Programming,4,49,84,13,76,597,6,40,Intermediate,Data Structures,Low
6081,Struggling Student,DSA,1,14,27,3,48,98,2,4,Beginner,Introduction to C++,High
6082,Struggling Student,Programming,2,10,49,2,57,143,2,8,Beginner,Introduction to C++,High
6083,Inactive Student,Database,1,3,4,2,34,50,0,2,Beginner,Introduction to C++,High
6084,Casual Learner,Programming,3,28,55,6,60,206,4,18,Intermediate,Object-Oriented Programming,Medium
6085,Consistent Learner,Database,3,49,89,8,83,546,6,50,Intermediate,Algorithms,Low
6086,Consistent Learner,Database,3,48,78,10,80,665,6,35,Intermediate,Algorithms,Low
6087,Consistent Learner,Web Development,3,36,76,12,80,410,6,50,Intermediate,Operating Systems,Low
6088,Casual Learner,Programming,2,20,51,8,64,271,2,25,Intermediate,Object-Oriented Programming,Medium
6089,High Achiever,Computer Networks,5,79,92,15,98,876,7,102,Advanced,Advanced Algorithms,Low
6090,High Achiever,Programming,4,70,99,14,97,1133,6,61,Advanced,Deep Learning,Low
6091,High Achiever,Programming,4,60,97,20,100,769,7,99,Advanced,Advanced Algorithms,Low
6092,Inactive Student,Machine Learning,1,4,16,0,21,50,1,0,Beginner,Programming Basics,High
6093,Casual Learner,Programming,2,20,55,6,61,321,2,25,Intermediate,Database Systems,Medium
6094,Casual Learner,Programming,2,22,65,8,63,305,2,16,Intermediate,Object-Oriented Programming,Medium
6095,Struggling Student,Machine Learning,2,7,29,5,40,124,2,3,Beginner,Programming Fundamentals,High
6096,High Achiever,Database,4,66,91,14,90,1030,7,89,Advanced,Machine Learning,Low
6097,High Achiever,Machine Learning,5,77,94,16,89,752,7,54,Advanced,Machine Learning,Low
6098,Inactive Student,Programming,1,1,12,1,32,46,1,0,Beginner,Introduction to C++,High
6099,High Achiever,Database,4,79,91,14,93,1008,7,104,Advanced,Deep Learning,Low
6100,Casual Learner,DSA,3,22,72,5,74,318,4,18,Intermediate,Computer Networks,Medium
6101,Casual Learner,Database,3,20,75,8,70,352,4,24,Intermediate,Database Systems,Medium
6102,Struggling Student,Programming,2,12,41,5,41,65,2,2,Beginner,Programming Fundamentals,High
6103,Struggling Student,Computer Networks,1,8,31,3,47,111,1,6,Beginner,Programming Fundamentals,High
6104,High Achiever,Computer Networks,5,60,93,16,88,1190,7,120,Advanced,Algorithms,Low
6105,Consistent Learner,Machine Learning,4,48,82,14,78,539,6,34,Intermediate,Computer Networks,Low
6106,Casual Learner,Web Development,2,17,60,6,64,399,2,8,Intermediate,Web Development,Medium
6107,Casual Learner,Machine Learning,3,34,58,8,63,339,2,17,Intermediate,Database Systems,Medium
6108,Casual Learner,Database,2,30,56,5,72,347,3,18,Intermediate,Database Systems,Medium
6109,Casual Learner,Database,2,17,56,7,68,185,4,5,Intermediate,Web Development,Medium
6110,High Achiever,Machine Learning,4,58,91,12,94,826,6,63,Advanced,Deep Learning,Low
6111,Struggling Student,DSA,1,11,31,4,58,165,2,2,Beginner,Programming Fundamentals,High
6112,Casual Learner,Computer Networks,2,35,68,7,70,399,3,7,Intermediate,Database Systems,Medium
6113,Casual Learner,Database,3,22,62,8,61,344,2,13,Intermediate,Database Systems,Medium
6114,Casual Learner,Database,2,15,59,8,68,192,4,6,Intermediate,Web Development,Medium
6115,Struggling Student,Programming,1,11,38,4,52,138,1,4,Beginner,Programming Basics,High
6116,Inactive Student,DSA,1,0,12,1,37,48,0,1,Beginner,Introduction to C++,High
6117,Consistent Learner,Operating Systems,3,36,89,10,75,572,6,56,Intermediate,Computer Networks,Low
6118,High Achiever,Web Development,5,55,98,13,88,892,7,54,Advanced,Algorithms,Low
6119,Casual Learner,Web Development,3,26,53,4,70,334,2,5,Intermediate,Computer Networks,Medium
6120,Consistent Learner,DSA,4,44,83,10,86,672,4,58,Intermediate,Algorithms,Low
6121,High Achiever,Database,5,67,95,16,97,1193,6,72,Advanced,Deep Learning,Low
6122,Inactive Student,Programming,1,1,13,2,35,32,0,0,Beginner,Introduction to C++,High
6123,Casual Learner,Operating Systems,3,35,71,5,65,195,2,24,Intermediate,Database Systems,Medium
6124,High Achiever,Operating Systems,4,55,97,20,89,937,7,56,Advanced,Algorithms,Low
6125,Inactive Student,DSA,1,2,10,2,34,7,0,2,Beginner,Programming Fundamentals,High
6126,Struggling Student,Machine Learning,1,7,43,5,54,113,1,6,Beginner,Programming Basics,High
6127,Casual Learner,Web Development,3,24,54,6,72,299,3,5,Intermediate,Data Structures,Medium
6128,Consistent Learner,Computer Networks,3,46,89,11,85,654,4,31,Intermediate,Machine Learning,Low
6129,Consistent Learner,Operating Systems,4,52,84,14,89,690,6,42,Intermediate,Algorithms,Low
6130,Casual Learner,Programming,3,33,69,4,62,392,4,13,Intermediate,Object-Oriented Programming,Medium
6131,Casual Learner,Machine Learning,2,25,59,6,69,399,4,18,Intermediate,Object-Oriented Programming,Medium
6132,Casual Learner,Database,2,18,63,6,67,321,4,19,Intermediate,Web Development,Medium
6133,Consistent Learner,Machine Learning,3,49,87,11,87,648,5,29,Intermediate,Machine Learning,Low
6134,Casual Learner,DSA,2,22,53,6,75,330,4,20,Intermediate,Data Structures,Medium
6135,Casual Learner,Database,2,18,54,6,71,373,2,20,Intermediate,Database Systems,Medium
6136,Casual Learner,Web Development,2,25,51,8,73,368,4,6,Intermediate,Data Structures,Medium
6137,Casual Learner,DSA,3,18,74,7,73,223,2,24,Intermediate,Computer Networks,Medium
6138,Consistent Learner,DSA,4,35,77,11,89,488,5,41,Intermediate,Machine Learning,Low
6139,Casual Learner,Operating Systems,2,19,75,7,63,228,3,25,Intermediate,Database Systems,Medium
6140,Inactive Student,Operating Systems,1,3,0,0,35,8,0,0,Beginner,Programming Fundamentals,High
6141,Struggling Student,DSA,1,5,25,4,47,65,2,7,Beginner,Introduction to C++,High
6142,Struggling Student,Programming,2,6,37,4,47,89,1,2,Beginner,Introduction to C++,High
6143,Casual Learner,Computer Networks,2,25,63,5,74,266,2,8,Intermediate,Computer Networks,Medium
6144,Consistent Learner,Operating Systems,3,42,87,10,79,456,5,29,Intermediate,Computer Networks,Low
6145,Struggling Student,Machine Learning,2,9,31,6,54,156,1,7,Beginner,Introduction to C++,High
6146,Consistent Learner,Machine Learning,3,36,81,9,80,449,5,55,Intermediate,Operating Systems,Low
6147,Struggling Student,Programming,2,5,23,6,44,171,1,6,Beginner,Introduction to C++,High
6148,Casual Learner,Operating Systems,2,19,75,6,63,225,2,22,Intermediate,Web Development,Medium
6149,Consistent Learner,Computer Networks,3,44,75,14,77,640,6,24,Intermediate,Computer Networks,Low
6150,Inactive Student,Database,1,5,10,2,23,56,1,1,Beginner,Programming Fundamentals,High
6151,Consistent Learner,Machine Learning,4,39,86,9,88,631,4,26,Intermediate,Machine Learning,Low
6152,High Achiever,DSA,4,62,94,17,99,1197,7,74,Advanced,Machine Learning,Low
6153,Casual Learner,Web Development,3,27,61,8,65,233,2,6,Intermediate,Object-Oriented Programming,Medium
6154,Consistent Learner,DSA,3,42,89,8,87,597,5,34,Intermediate,Algorithms,Low
6155,Casual Learner,DSA,3,17,75,8,74,340,4,10,Intermediate,Data Structures,Medium
6156,High Achiever,Database,4,74,92,19,100,1132,6,118,Advanced,Advanced Algorithms,Low
6157,Casual Learner,Computer Networks,2,28,75,7,73,341,3,9,Intermediate,Data Structures,Medium
6158,Casual Learner,Computer Networks,2,17,65,5,62,190,2,6,Intermediate,Web Development,Medium
6159,Struggling Student,Programming,2,11,21,2,50,83,1,5,Beginner,Programming Fundamentals,High
6160,Consistent Learner,Web Development,4,52,87,13,86,445,4,32,Intermediate,Operating Systems,Low
6161,Struggling Student,Database,1,12,41,3,44,118,1,3,Beginner,Programming Fundamentals,High
6162,Casual Learner,DSA,3,21,55,6,68,315,4,22,Intermediate,Object-Oriented Programming,Medium
6163,Casual Learner,Web Development,3,26,64,7,72,260,3,11,Intermediate,Computer Networks,Medium
6164,Consistent Learner,Machine Learning,3,52,78,10,88,520,4,30,Intermediate,Operating Systems,Low
6165,Struggling Student,Database,1,9,34,4,58,150,1,2,Beginner,Introduction to C++,High
6166,High Achiever,Machine Learning,5,76,97,20,98,1185,6,111,Advanced,Machine Learning,Low
6167,High Achiever,DSA,5,76,94,16,92,932,7,108,Advanced,Deep Learning,Low
6168,Casual Learner,Operating Systems,3,34,75,6,69,264,2,13,Intermediate,Object-Oriented Programming,Medium
6169,High Achiever,Database,5,59,99,13,92,767,7,47,Advanced,Deep Learning,Low
6170,High Achiever,DSA,4,63,93,20,90,925,7,76,Advanced,Advanced Algorithms,Low
6171,Consistent Learner,Operating Systems,3,41,86,10,83,587,6,60,Intermediate,Algorithms,Low
6172,Struggling Student,Computer Networks,1,18,26,5,45,167,1,7,Beginner,Introduction to C++,High
6173,Casual Learner,Operating Systems,2,16,69,7,60,241,4,24,Intermediate,Web Development,Medium
6174,Consistent Learner,Web Development,4,40,76,13,90,575,4,56,Intermediate,Machine Learning,Low
6175,Struggling Student,Programming,1,13,49,3,56,179,1,4,Beginner,Programming Fundamentals,High
6176,Consistent Learner,Web Development,3,54,84,12,85,573,4,43,Intermediate,Algorithms,Low
6177,Consistent Learner,Programming,4,38,77,10,88,468,5,52,Intermediate,Machine Learning,Low
6178,Consistent Learner,Computer Networks,4,40,77,11,87,482,6,49,Intermediate,Operating Systems,Low
6179,Consistent Learner,DSA,3,44,83,14,86,609,5,25,Intermediate,Operating Systems,Low
6180,Struggling Student,Database,2,10,26,2,42,97,2,7,Beginner,Programming Fundamentals,High
6181,Consistent Learner,Machine Learning,4,45,85,10,85,401,4,28,Intermediate,Operating Systems,Low
6182,High Achiever,Programming,5,72,91,15,89,765,6,85,Advanced,Operating Systems,Low
6183,Consistent Learner,Machine Learning,3,35,79,13,80,477,6,22,Intermediate,Algorithms,Low
6184,Struggling Student,Database,1,17,35,5,53,177,2,1,Beginner,Programming Fundamentals,High
6185,Casual Learner,Machine Learning,2,32,55,8,65,276,4,18,Intermediate,Database Systems,Medium
6186,Consistent Learner,Computer Networks,3,35,90,11,82,567,6,38,Intermediate,Operating Systems,Low
6187,Casual Learner,DSA,3,34,61,8,60,367,2,9,Intermediate,Object-Oriented Programming,Medium
6188,Consistent Learner,Database,3,36,78,9,85,513,5,32,Intermediate,Machine Learning,Low
6189,Struggling Student,Web Development,2,14,27,5,41,114,2,6,Beginner,Introduction to C++,High
6190,Consistent Learner,Programming,3,55,77,10,80,493,4,24,Intermediate,Operating Systems,Low
6191,Struggling Student,Operating Systems,2,17,42,5,45,62,2,6,Beginner,Introduction to C++,High
6192,Inactive Student,DSA,1,0,12,2,35,53,1,1,Beginner,Introduction to C++,High
6193,High Achiever,Web Development,5,80,95,12,93,1195,6,90,Advanced,Machine Learning,Low
6194,Casual Learner,DSA,3,33,68,5,64,383,4,22,Intermediate,Web Development,Medium
6195,Inactive Student,Computer Networks,1,5,13,1,32,37,0,0,Beginner,Programming Basics,High
6196,Consistent Learner,Computer Networks,4,40,86,10,84,500,4,40,Intermediate,Algorithms,Low
6197,Casual Learner,Computer Networks,3,18,58,4,73,392,2,25,Intermediate,Database Systems,Medium
6198,High Achiever,Computer Networks,4,70,94,14,88,723,7,46,Advanced,Algorithms,Low
6199,Casual Learner,Database,2,29,68,8,67,334,3,20,Intermediate,Web Development,Medium
6200,Casual Learner,Operating Systems,2,16,58,8,71,329,2,16,Intermediate,Computer Networks,Medium
6201,High Achiever,Database,5,60,94,20,100,928,7,45,Advanced,Deep Learning,Low
6202,High Achiever,Database,5,58,94,12,98,962,7,102,Advanced,Advanced Algorithms,Low
6203,Struggling Student,Operating Systems,1,10,42,5,59,135,1,3,Beginner,Programming Fundamentals,High
6204,High Achiever,Computer Networks,4,69,100,12,98,732,7,110,Advanced,Advanced Algorithms,Low
6205,Consistent Learner,Programming,4,50,87,13,82,517,4,59,Intermediate,Operating Systems,Low
6206,Inactive Student,Machine Learning,1,2,15,2,38,6,1,0,Beginner,Introduction to C++,High
6207,Casual Learner,Operating Systems,2,31,59,5,74,277,3,19,Intermediate,Database Systems,Medium
6208,High Achiever,Database,4,79,97,16,94,1076,7,96,Advanced,Advanced Algorithms,Low
6209,Consistent Learner,Web Development,3,49,78,11,84,521,5,24,Intermediate,Operating Systems,Low
6210,Inactive Student,Programming,1,0,12,2,23,37,1,0,Beginner,Introduction to C++,High
6211,High Achiever,Web Development,4,68,98,19,92,951,6,80,Advanced,Deep Learning,Low
6212,Casual Learner,Database,2,20,60,4,60,211,2,5,Intermediate,Object-Oriented Programming,Medium
6213,Casual Learner,Operating Systems,2,18,75,6,62,249,2,6,Intermediate,Object-Oriented Programming,Medium
6214,High Achiever,DSA,4,80,91,19,100,856,7,73,Advanced,Advanced Algorithms,Low
6215,Casual Learner,Database,3,33,63,4,68,213,2,21,Intermediate,Object-Oriented Programming,Medium
6216,Consistent Learner,Programming,3,43,85,14,79,534,5,20,Intermediate,Computer Networks,Low
6217,Inactive Student,Computer Networks,1,3,1,2,11,29,1,1,Beginner,Introduction to C++,High
6218,Struggling Student,Web Development,2,7,30,4,45,146,2,8,Beginner,Programming Basics,High
6219,Inactive Student,Web Development,1,4,3,2,20,52,1,1,Beginner,Introduction to C++,High
6220,Casual Learner,Computer Networks,2,15,65,5,74,218,2,12,Intermediate,Computer Networks,Medium
6221,High Achiever,Machine Learning,5,55,98,18,99,823,6,78,Advanced,Advanced Algorithms,Low
6222,Consistent Learner,DSA,4,46,76,12,80,691,6,21,Intermediate,Operating Systems,Low
6223,Consistent Learner,Machine Learning,4,47,76,9,84,542,4,29,Intermediate,Machine Learning,Low
6224,Casual Learner,Web Development,2,27,67,6,69,207,4,14,Intermediate,Database Systems,Medium
6225,Casual Learner,Database,3,29,60,4,71,240,3,25,Intermediate,Computer Networks,Medium
6226,Consistent Learner,Computer Networks,3,48,75,12,79,527,6,53,Intermediate,Data Structures,Low
6227,High Achiever,Computer Networks,4,55,100,14,97,941,6,93,Advanced,Advanced Algorithms,Low
6228,Casual Learner,Operating Systems,2,35,58,7,70,341,3,11,Intermediate,Data Structures,Medium
6229,Casual Learner,DSA,2,20,53,5,63,282,4,5,Intermediate,Object-Oriented Programming,Medium
6230,Struggling Student,Database,1,17,48,3,44,89,1,8,Beginner,Programming Basics,High
6231,Consistent Learner,Database,3,43,77,14,87,429,6,33,Intermediate,Operating Systems,Low
6232,Casual Learner,Computer Networks,2,23,74,8,68,318,4,10,Intermediate,Web Development,Medium
6233,Consistent Learner,Computer Networks,3,39,80,12,84,617,5,27,Intermediate,Operating Systems,Low
6234,Casual Learner,Web Development,2,16,66,4,72,230,2,8,Intermediate,Data Structures,Medium
6235,Casual Learner,Web Development,3,20,52,6,71,349,3,14,Intermediate,Database Systems,Medium
6236,Casual Learner,DSA,3,15,72,4,68,312,4,25,Intermediate,Web Development,Medium
6237,Inactive Student,Operating Systems,1,2,8,0,11,42,1,2,Beginner,Programming Fundamentals,High
6238,Struggling Student,DSA,1,8,35,4,56,170,2,1,Beginner,Programming Fundamentals,High
6239,Consistent Learner,Web Development,4,42,79,13,76,426,5,20,Intermediate,Computer Networks,Low
6240,Struggling Student,DSA,1,15,50,5,55,91,2,7,Beginner,Introduction to C++,High
6241,Struggling Student,Machine Learning,2,14,36,5,55,71,2,8,Beginner,Programming Basics,High
6242,Consistent Learner,Database,3,51,81,11,76,494,4,54,Intermediate,Computer Networks,Low
6243,Inactive Student,Computer Networks,1,4,9,2,3,20,1,2,Beginner,Programming Fundamentals,High
6244,Consistent Learner,Operating Systems,4,47,78,12,80,637,6,53,Intermediate,Algorithms,Low
6245,Consistent Learner,Computer Networks,3,49,87,9,83,676,4,56,Intermediate,Operating Systems,Low
6246,Consistent Learner,DSA,4,39,89,10,88,459,5,35,Intermediate,Machine Learning,Low
6247,Consistent Learner,Programming,4,35,77,8,89,564,6,41,Intermediate,Machine Learning,Low
6248,Casual Learner,Web Development,3,24,65,5,71,208,2,18,Intermediate,Database Systems,Medium
6249,Struggling Student,Operating Systems,2,9,42,6,59,161,1,8,Beginner,Programming Basics,High
6250,Struggling Student,Web Development,2,13,48,6,41,90,1,3,Beginner,Introduction to C++,High
6251,Inactive Student,Machine Learning,1,1,7,2,0,58,0,2,Beginner,Programming Basics,High
6252,Consistent Learner,Programming,4,38,85,13,85,409,4,59,Intermediate,Operating Systems,Low
6253,Consistent Learner,Operating Systems,3,51,75,9,86,537,4,26,Intermediate,Algorithms,Low
6254,Casual Learner,DSA,2,19,72,8,71,383,4,5,Intermediate,Database Systems,Medium
6255,Casual Learner,Machine Learning,2,34,67,7,71,324,4,19,Intermediate,Data Structures,Medium
6256,High Achiever,DSA,4,70,98,12,97,1002,6,106,Advanced,Machine Learning,Low
6257,Struggling Student,Computer Networks,2,8,47,6,43,140,1,7,Beginner,Programming Basics,High
6258,High Achiever,Web Development,5,72,96,15,88,1093,6,109,Advanced,Algorithms,Low
6259,Struggling Student,Machine Learning,1,14,44,4,57,110,2,1,Beginner,Introduction to C++,High
6260,Casual Learner,Computer Networks,3,23,58,6,62,210,4,16,Intermediate,Object-Oriented Programming,Medium
6261,High Achiever,Database,5,76,92,19,100,1197,6,81,Advanced,Deep Learning,Low
6262,Struggling Student,DSA,1,16,23,6,41,127,2,3,Beginner,Introduction to C++,High
6263,Casual Learner,DSA,2,15,54,5,75,385,2,20,Intermediate,Computer Networks,Medium
6264,Inactive Student,Database,1,1,3,2,22,53,0,1,Beginner,Programming Fundamentals,High
6265,Inactive Student,Computer Networks,1,1,7,0,7,44,1,0,Beginner,Introduction to C++,High
6266,High Achiever,Web Development,5,62,98,14,94,936,7,86,Advanced,Advanced Algorithms,Low
6267,Casual Learner,Web Development,3,29,53,8,68,284,2,16,Intermediate,Object-Oriented Programming,Medium
6268,Struggling Student,Database,2,16,30,5,49,174,1,7,Beginner,Programming Fundamentals,High
6269,Consistent Learner,Computer Networks,4,55,90,8,88,548,5,30,Intermediate,Operating Systems,Low
6270,High Achiever,Programming,5,70,93,18,100,709,7,70,Advanced,Advanced Algorithms,Low
6271,High Achiever,Machine Learning,4,57,90,12,88,946,7,109,Advanced,Algorithms,Low
6272,Inactive Student,Programming,1,4,5,2,26,13,1,2,Beginner,Introduction to C++,High
6273,High Achiever,Machine Learning,5,76,90,15,90,795,7,47,Advanced,Advanced Algorithms,Low
6274,Casual Learner,Machine Learning,2,22,69,5,65,301,3,25,Intermediate,Database Systems,Medium
6275,Struggling Student,Database,2,16,50,4,49,176,2,3,Beginner,Introduction to C++,High
6276,Casual Learner,Web Development,2,24,59,7,74,388,2,19,Intermediate,Database Systems,Medium
6277,High Achiever,Web Development,5,69,99,16,90,1144,6,88,Advanced,Machine Learning,Low
6278,Consistent Learner,Web Development,3,41,89,11,77,687,4,40,Intermediate,Computer Networks,Low
6279,Casual Learner,Operating Systems,2,15,67,7,75,324,2,24,Intermediate,Data Structures,Medium
6280,Consistent Learner,Programming,3,37,80,11,81,561,6,55,Intermediate,Algorithms,Low
6281,Consistent Learner,Web Development,3,36,80,11,80,487,6,40,Intermediate,Operating Systems,Low
6282,High Achiever,DSA,4,65,96,14,100,1195,7,77,Advanced,Machine Learning,Low
6283,Casual Learner,DSA,2,31,58,4,63,222,3,9,Intermediate,Object-Oriented Programming,Medium
6284,High Achiever,DSA,4,56,99,13,96,780,6,59,Advanced,Deep Learning,Low
6285,Casual Learner,Machine Learning,3,28,63,7,66,186,2,8,Intermediate,Database Systems,Medium
6286,Consistent Learner,Computer Networks,4,36,81,11,86,441,4,51,Intermediate,Machine Learning,Low
6287,Struggling Student,Computer Networks,2,13,23,4,60,73,2,8,Beginner,Web Development,High
6288,Casual Learner,Programming,3,25,52,8,64,180,4,13,Intermediate,Web Development,Medium
6289,Struggling Student,Database,1,17,36,4,42,176,2,1,Beginner,Introduction to C++,High
6290,Inactive Student,Machine Learning,1,2,11,2,37,54,0,2,Beginner,Introduction to C++,High
6291,High Achiever,Programming,4,69,95,14,96,931,7,61,Advanced,Machine Learning,Low
6292,Struggling Student,Database,2,17,43,4,41,76,1,6,Beginner,Programming Fundamentals,High
6293,Consistent Learner,Computer Networks,3,40,80,11,80,590,5,38,Intermediate,Operating Systems,Low
6294,Struggling Student,Operating Systems,2,10,40,2,47,147,1,8,Beginner,Programming Fundamentals,High
6295,Consistent Learner,DSA,4,43,88,11,89,476,4,59,Intermediate,Machine Learning,Low
6296,Casual Learner,Web Development,2,33,50,7,70,200,3,11,Intermediate,Computer Networks,Medium
6297,High Achiever,Web Development,4,67,97,16,88,1011,6,98,Advanced,Algorithms,Low
6298,Casual Learner,DSA,2,34,73,4,75,279,3,22,Intermediate,Data Structures,Medium
6299,Consistent Learner,Programming,4,55,86,10,83,412,6,31,Intermediate,Operating Systems,Low
6300,High Achiever,Machine Learning,5,67,95,12,98,1124,7,106,Advanced,Deep Learning,Low
6301,Casual Learner,Programming,3,33,55,5,67,394,3,17,Intermediate,Object-Oriented Programming,Medium
6302,Struggling Student,DSA,1,10,48,2,42,144,2,5,Beginner,Programming Fundamentals,High
6303,Casual Learner,DSA,3,34,57,8,61,269,4,13,Intermediate,Database Systems,Medium
6304,Inactive Student,Web Development,1,0,8,0,21,42,0,1,Beginner,Introduction to C++,High
6305,Casual Learner,Programming,3,20,63,4,61,318,4,13,Intermediate,Database Systems,Medium
6306,Consistent Learner,Computer Networks,3,43,89,13,87,453,4,46,Intermediate,Machine Learning,Low
6307,High Achiever,Machine Learning,5,66,95,20,93,799,7,115,Advanced,Advanced Algorithms,Low
6308,Casual Learner,Machine Learning,2,28,72,7,61,339,3,15,Intermediate,Object-Oriented Programming,Medium
6309,High Achiever,Machine Learning,5,64,100,16,99,943,6,63,Advanced,Machine Learning,Low
6310,Casual Learner,Web Development,3,24,60,7,69,302,4,19,Intermediate,Object-Oriented Programming,Medium
6311,Consistent Learner,Machine Learning,4,45,81,10,86,612,5,34,Intermediate,Algorithms,Low
6312,Struggling Student,Computer Networks,2,9,22,2,50,114,2,3,Beginner,Introduction to C++,High
6313,Casual Learner,Programming,3,27,55,7,72,373,4,23,Intermediate,Computer Networks,Medium
6314,High Achiever,Programming,5,59,97,14,88,723,7,72,Advanced,Machine Learning,Low
6315,Consistent Learner,Programming,4,43,88,8,87,605,6,39,Intermediate,Operating Systems,Low
6316,Struggling Student,Operating Systems,1,8,35,4,50,148,1,4,Beginner,Programming Fundamentals,High
6317,Struggling Student,DSA,1,9,38,3,60,79,2,5,Beginner,Web Development,High
6318,Consistent Learner,Machine Learning,3,51,80,13,75,601,5,47,Intermediate,Database Systems,Low
6319,Consistent Learner,Web Development,4,37,76,12,75,410,4,54,Intermediate,Data Structures,Low
6320,High Achiever,Programming,4,60,96,18,94,1134,6,99,Advanced,Advanced Algorithms,Low
6321,High Achiever,Computer Networks,5,80,94,16,99,1019,6,90,Advanced,Machine Learning,Low
6322,Inactive Student,Computer Networks,1,3,13,1,0,9,1,0,Beginner,Introduction to C++,High
6323,High Achiever,Programming,4,59,99,13,93,1189,6,87,Advanced,Machine Learning,Low
6324,Casual Learner,Machine Learning,2,30,52,8,74,281,4,17,Intermediate,Data Structures,Medium
6325,Consistent Learner,Database,3,54,81,9,75,456,6,23,Intermediate,Database Systems,Low
6326,Struggling Student,Programming,1,12,34,4,49,110,1,4,Beginner,Introduction to C++,High
6327,Inactive Student,Web Development,1,2,18,0,31,47,1,0,Beginner,Introduction to C++,High
6328,Casual Learner,Operating Systems,2,18,54,5,67,209,3,12,Intermediate,Database Systems,Medium
6329,Casual Learner,Web Development,2,18,65,6,62,343,2,25,Intermediate,Object-Oriented Programming,Medium
6330,Casual Learner,Programming,3,18,62,6,73,357,3,21,Intermediate,Computer Networks,Medium
6331,Casual Learner,DSA,2,34,72,7,66,345,2,19,Intermediate,Web Development,Medium
6332,Consistent Learner,DSA,4,54,88,9,86,587,5,21,Intermediate,Algorithms,Low
6333,High Achiever,Computer Networks,4,63,100,17,90,864,6,83,Advanced,Advanced Algorithms,Low
6334,Consistent Learner,Programming,3,53,87,10,83,691,6,51,Intermediate,Algorithms,Low
6335,Consistent Learner,Machine Learning,4,43,86,13,78,533,5,29,Intermediate,Data Structures,Low
6336,High Achiever,Programming,4,71,98,19,88,1023,7,49,Advanced,Algorithms,Low
6337,Struggling Student,Computer Networks,2,5,47,4,44,68,1,2,Beginner,Programming Basics,High
6338,High Achiever,Web Development,5,74,97,17,90,741,6,47,Advanced,Advanced Algorithms,Low
6339,Consistent Learner,Web Development,4,44,80,10,85,621,6,53,Intermediate,Machine Learning,Low
6340,Struggling Student,DSA,1,14,21,4,48,96,1,8,Beginner,Programming Basics,High
6341,High Achiever,Operating Systems,5,70,93,14,97,810,7,113,Advanced,Machine Learning,Low
6342,Casual Learner,Programming,3,23,71,8,75,216,4,12,Intermediate,Database Systems,Medium
6343,Struggling Student,Operating Systems,1,13,40,6,50,70,2,6,Beginner,Programming Fundamentals,High
6344,High Achiever,Database,5,70,90,12,92,966,6,40,Advanced,Advanced Algorithms,Low
6345,Inactive Student,Web Development,1,1,14,0,10,23,1,0,Beginner,Programming Fundamentals,High
6346,Consistent Learner,Operating Systems,4,41,82,9,87,482,4,41,Intermediate,Algorithms,Low
6347,Casual Learner,Operating Systems,2,24,66,5,74,240,4,9,Intermediate,Data Structures,Medium
6348,Struggling Student,Programming,2,11,28,5,55,106,1,4,Beginner,Programming Fundamentals,High
6349,High Achiever,Machine Learning,5,78,94,13,96,861,6,47,Advanced,Machine Learning,Low
6350,Casual Learner,Programming,2,18,72,4,68,373,3,11,Intermediate,Object-Oriented Programming,Medium
6351,High Achiever,Operating Systems,4,73,98,12,97,1000,6,72,Advanced,Machine Learning,Low
6352,Casual Learner,Operating Systems,3,15,51,8,75,283,4,14,Intermediate,Computer Networks,Medium
6353,Casual Learner,Database,3,31,71,6,64,221,3,10,Intermediate,Database Systems,Medium
6354,Casual Learner,Machine Learning,3,29,60,6,73,395,3,14,Intermediate,Data Structures,Medium
6355,Casual Learner,Web Development,3,25,50,4,66,217,3,9,Intermediate,Web Development,Medium
6356,Casual Learner,Web Development,3,34,58,5,65,375,2,7,Intermediate,Database Systems,Medium
6357,Consistent Learner,Machine Learning,4,40,81,12,78,540,6,55,Intermediate,Database Systems,Low
6358,High Achiever,Database,4,78,90,15,98,862,7,103,Advanced,Deep Learning,Low
6359,Casual Learner,Programming,2,23,51,6,67,312,3,11,Intermediate,Database Systems,Medium
6360,High Achiever,DSA,4,70,95,17,91,811,7,65,Advanced,Advanced Algorithms,Low
6361,Consistent Learner,Web Development,4,55,88,9,76,622,5,54,Intermediate,Database Systems,Low
6362,Casual Learner,Web Development,3,26,59,7,62,268,4,25,Intermediate,Web Development,Medium
6363,Casual Learner,DSA,2,35,57,7,70,315,2,13,Intermediate,Computer Networks,Medium
6364,Struggling Student,Computer Networks,2,15,47,3,58,127,1,7,Beginner,Programming Fundamentals,High
6365,Casual Learner,Programming,2,29,60,4,70,281,2,8,Intermediate,Computer Networks,Medium
6366,Consistent Learner,Operating Systems,4,46,78,8,90,553,6,60,Intermediate,Advanced Algorithms,Low
6367,High Achiever,Machine Learning,5,80,99,18,89,744,7,111,Advanced,Operating Systems,Low
6368,Casual Learner,Programming,3,17,73,8,74,393,2,23,Intermediate,Database Systems,Medium
6369,Inactive Student,Operating Systems,1,0,5,1,32,13,0,1,Beginner,Introduction to C++,High
6370,Consistent Learner,Operating Systems,4,40,76,11,76,591,6,24,Intermediate,Data Structures,Low
6371,Casual Learner,Operating Systems,3,28,69,4,70,248,2,15,Intermediate,Data Structures,Medium
6372,Struggling Student,Machine Learning,1,16,50,2,59,164,2,8,Beginner,Programming Basics,High
6373,Casual Learner,Programming,2,22,55,7,63,188,4,20,Intermediate,Object-Oriented Programming,Medium
6374,High Achiever,Web Development,5,74,92,13,90,822,6,65,Advanced,Deep Learning,Low
6375,Casual Learner,Machine Learning,2,25,63,6,66,200,3,9,Intermediate,Object-Oriented Programming,Medium
6376,Struggling Student,Computer Networks,2,18,32,3,42,161,1,7,Beginner,Programming Fundamentals,High
6377,Casual Learner,Programming,2,33,67,7,66,269,2,15,Intermediate,Database Systems,Medium
6378,Inactive Student,Database,1,4,6,0,35,6,0,0,Beginner,Programming Basics,High
6379,Consistent Learner,Web Development,3,53,90,9,83,452,4,42,Intermediate,Operating Systems,Low
6380,Struggling Student,Programming,2,9,42,2,54,174,2,5,Beginner,Introduction to C++,High
6381,High Achiever,Machine Learning,5,77,92,16,91,909,6,64,Advanced,Machine Learning,Low
6382,Consistent Learner,Database,3,54,84,12,75,639,4,21,Intermediate,Database Systems,Low
6383,Struggling Student,Operating Systems,2,16,48,4,56,95,2,5,Beginner,Programming Basics,High
6384,Consistent Learner,DSA,4,50,87,13,75,466,4,55,Intermediate,Data Structures,Low
6385,Casual Learner,Web Development,3,19,60,5,74,331,2,14,Intermediate,Database Systems,Medium
6386,Inactive Student,Database,1,0,18,0,25,28,1,1,Beginner,Programming Fundamentals,High
6387,High Achiever,Computer Networks,4,79,98,15,88,912,6,75,Advanced,Machine Learning,Low
6388,Consistent Learner,Computer Networks,4,38,75,13,83,485,5,48,Intermediate,Operating Systems,Low
6389,Inactive Student,Database,1,1,7,1,15,21,0,2,Beginner,Introduction to C++,High
6390,Casual Learner,Web Development,2,24,66,7,66,222,2,15,Intermediate,Object-Oriented Programming,Medium
6391,Consistent Learner,DSA,3,49,89,10,87,696,4,32,Intermediate,Algorithms,Low
6392,Casual Learner,Web Development,2,22,65,4,70,315,3,20,Intermediate,Computer Networks,Medium
6393,Consistent Learner,DSA,3,37,80,13,76,417,6,39,Intermediate,Data Structures,Low
6394,Casual Learner,DSA,3,19,51,5,67,353,4,20,Intermediate,Web Development,Medium
6395,Consistent Learner,Database,4,41,86,14,76,427,4,26,Intermediate,Database Systems,Low
6396,Casual Learner,Web Development,2,32,56,7,72,286,4,13,Intermediate,Computer Networks,Medium
6397,Struggling Student,Web Development,2,13,32,6,49,138,1,8,Beginner,Programming Fundamentals,High
6398,Casual Learner,Database,2,22,72,6,69,385,3,15,Intermediate,Object-Oriented Programming,Medium
6399,Casual Learner,Machine Learning,3,30,65,5,75,398,3,23,Intermediate,Database Systems,Medium
6400,Struggling Student,DSA,1,6,36,6,56,144,2,2,Beginner,Introduction to C++,High
6401,Inactive Student,Web Development,1,1,7,1,11,50,0,2,Beginner,Programming Basics,High
6402,High Achiever,Database,4,67,98,14,92,1010,7,98,Advanced,Machine Learning,Low
6403,Struggling Student,Computer Networks,2,15,38,2,42,178,2,1,Beginner,Introduction to C++,High
6404,Consistent Learner,Database,4,47,86,8,80,617,5,60,Intermediate,Operating Systems,Low
6405,Struggling Student,Machine Learning,1,12,31,3,51,72,1,4,Beginner,Introduction to C++,High
6406,Inactive Student,Web Development,1,1,18,0,14,19,1,1,Beginner,Introduction to C++,High
6407,High Achiever,Computer Networks,4,59,93,12,97,1121,7,102,Advanced,Deep Learning,Low
6408,High Achiever,Machine Learning,5,69,96,17,98,1090,7,50,Advanced,Machine Learning,Low
6409,Consistent Learner,Machine Learning,3,42,84,10,78,559,5,51,Intermediate,Computer Networks,Low
6410,Struggling Student,Machine Learning,1,13,38,3,51,146,1,2,Beginner,Introduction to C++,High
6411,Casual Learner,DSA,3,21,74,6,65,336,2,21,Intermediate,Object-Oriented Programming,Medium
6412,High Achiever,Computer Networks,4,77,96,20,94,929,7,73,Advanced,Deep Learning,Low
6413,Casual Learner,Web Development,3,21,54,4,74,196,4,7,Intermediate,Data Structures,Medium
6414,Casual Learner,Database,3,18,71,8,64,280,4,20,Intermediate,Web Development,Medium
6415,High Achiever,Computer Networks,5,76,90,13,93,816,7,74,Advanced,Machine Learning,Low
6416,Consistent Learner,Database,3,53,77,12,84,673,6,40,Intermediate,Operating Systems,Low
6417,Struggling Student,Operating Systems,1,12,29,3,52,70,2,3,Beginner,Programming Basics,High
6418,Struggling Student,Database,1,9,31,2,45,166,1,6,Beginner,Programming Fundamentals,High
6419,Casual Learner,Operating Systems,2,35,64,4,63,192,4,12,Intermediate,Database Systems,Medium
6420,Casual Learner,Database,2,17,67,8,63,189,2,14,Intermediate,Web Development,Medium
6421,Struggling Student,DSA,2,11,21,2,44,129,2,5,Beginner,Programming Fundamentals,High
6422,Casual Learner,Machine Learning,3,20,62,5,63,346,3,6,Intermediate,Web Development,Medium
6423,High Achiever,Machine Learning,5,68,97,12,92,1175,6,114,Advanced,Deep Learning,Low
6424,Struggling Student,Web Development,1,8,30,4,41,166,2,5,Beginner,Programming Basics,High
6425,Struggling Student,Machine Learning,1,8,47,4,58,168,2,8,Beginner,Introduction to C++,High
6426,Inactive Student,Computer Networks,1,0,17,2,26,18,1,0,Beginner,Programming Basics,High
6427,High Achiever,DSA,5,73,96,12,93,1008,6,103,Advanced,Machine Learning,Low
6428,Struggling Student,DSA,2,7,27,4,44,110,2,4,Beginner,Introduction to C++,High
6429,High Achiever,DSA,5,56,95,19,89,1158,7,60,Advanced,Operating Systems,Low
6430,Casual Learner,Web Development,3,24,66,7,61,369,2,23,Intermediate,Database Systems,Medium
6431,Consistent Learner,Programming,4,47,83,12,82,662,6,42,Intermediate,Machine Learning,Low
6432,Struggling Student,Programming,2,17,33,6,50,130,2,8,Beginner,Introduction to C++,High
6433,Casual Learner,Database,2,19,59,8,74,376,3,11,Intermediate,Computer Networks,Medium
6434,Consistent Learner,DSA,4,37,81,9,87,411,4,54,Intermediate,Operating Systems,Low
6435,Struggling Student,Programming,2,16,34,4,44,171,1,7,Beginner,Programming Fundamentals,High
6436,Consistent Learner,Computer Networks,3,41,89,8,89,437,6,47,Intermediate,Machine Learning,Low
6437,Casual Learner,Machine Learning,2,29,59,7,63,356,2,6,Intermediate,Database Systems,Medium
6438,Struggling Student,Database,2,10,32,4,53,109,1,7,Beginner,Programming Fundamentals,High
6439,Struggling Student,Web Development,1,16,37,2,46,177,1,3,Beginner,Programming Basics,High
6440,Consistent Learner,Programming,4,40,78,8,82,651,6,56,Intermediate,Operating Systems,Low
6441,Struggling Student,Programming,2,15,37,5,58,180,1,8,Beginner,Programming Fundamentals,High
6442,High Achiever,Operating Systems,4,60,93,15,93,1095,7,112,Advanced,Advanced Algorithms,Low
6443,Consistent Learner,Web Development,4,46,75,8,80,466,6,59,Intermediate,Algorithms,Low
6444,Casual Learner,Programming,2,22,56,7,60,370,3,15,Intermediate,Database Systems,Medium
6445,Struggling Student,Computer Networks,1,15,37,4,41,178,2,5,Beginner,Programming Fundamentals,High
6446,Casual Learner,Programming,2,34,54,8,64,230,3,23,Intermediate,Database Systems,Medium
6447,Struggling Student,Machine Learning,1,13,46,3,53,131,1,2,Beginner,Programming Basics,High
6448,Casual Learner,Computer Networks,2,21,57,8,66,392,2,18,Intermediate,Web Development,Medium
6449,Casual Learner,Operating Systems,2,27,52,6,61,252,3,18,Intermediate,Object-Oriented Programming,Medium
6450,Casual Learner,Database,3,17,71,6,63,309,2,25,Intermediate,Object-Oriented Programming,Medium
6451,High Achiever,Computer Networks,5,76,92,14,90,1176,6,48,Advanced,Advanced Algorithms,Low
6452,Casual Learner,Computer Networks,3,31,68,5,64,190,2,6,Intermediate,Web Development,Medium
6453,Casual Learner,Operating Systems,2,15,65,5,67,217,4,9,Intermediate,Web Development,Medium
6454,Struggling Student,Operating Systems,2,9,43,5,56,90,1,2,Beginner,Programming Fundamentals,High
6455,Struggling Student,Database,2,6,20,6,57,86,2,5,Beginner,Introduction to C++,High
6456,Consistent Learner,DSA,4,44,79,10,84,447,5,52,Intermediate,Machine Learning,Low
6457,Casual Learner,Web Development,3,16,54,5,64,309,4,25,Intermediate,Object-Oriented Programming,Medium
6458,High Achiever,Machine Learning,4,66,97,13,97,1143,6,41,Advanced,Deep Learning,Low
6459,Casual Learner,Computer Networks,3,33,72,5,67,259,2,5,Intermediate,Web Development,Medium
6460,Struggling Student,DSA,2,7,31,2,50,137,2,4,Beginner,Programming Basics,High
6461,High Achiever,Web Development,4,68,98,16,92,1158,6,110,Advanced,Deep Learning,Low
6462,Struggling Student,Web Development,2,18,41,6,59,113,1,8,Beginner,Introduction to C++,High
6463,Casual Learner,Web Development,2,33,63,5,60,257,2,23,Intermediate,Database Systems,Medium
6464,Consistent Learner,Computer Networks,3,36,77,13,84,432,4,21,Intermediate,Operating Systems,Low
6465,Struggling Student,DSA,2,14,40,3,46,66,2,6,Beginner,Programming Basics,High
6466,High Achiever,Web Development,4,65,91,17,90,1156,6,45,Advanced,Deep Learning,Low
6467,Casual Learner,Web Development,2,26,58,7,60,275,2,21,Intermediate,Database Systems,Medium
6468,Casual Learner,Machine Learning,3,17,65,4,68,212,2,14,Intermediate,Database Systems,Medium
6469,Consistent Learner,Programming,4,52,89,10,79,597,4,30,Intermediate,Data Structures,Low
6470,Struggling Student,Machine Learning,2,9,23,3,47,146,1,6,Beginner,Programming Fundamentals,High
6471,Casual Learner,Operating Systems,2,17,51,5,75,371,3,5,Intermediate,Data Structures,Medium
6472,High Achiever,Operating Systems,4,65,98,14,91,869,6,95,Advanced,Machine Learning,Low
6473,Casual Learner,Computer Networks,2,26,65,4,66,222,4,17,Intermediate,Object-Oriented Programming,Medium
6474,Consistent Learner,Web Development,3,44,82,10,83,512,6,39,Intermediate,Operating Systems,Low
6475,Inactive Student,Computer Networks,1,5,16,2,9,53,1,1,Beginner,Programming Fundamentals,High
6476,Consistent Learner,Computer Networks,4,55,88,13,84,519,4,34,Intermediate,Algorithms,Low
6477,Consistent Learner,Programming,3,36,85,12,77,656,4,43,Intermediate,Computer Networks,Low
6478,Casual Learner,Database,2,25,50,7,64,334,2,16,Intermediate,Web Development,Medium
6479,Casual Learner,Computer Networks,3,34,52,8,68,378,2,19,Intermediate,Object-Oriented Programming,Medium
6480,Consistent Learner,Programming,3,54,81,13,87,580,5,45,Intermediate,Operating Systems,Low
6481,Consistent Learner,Computer Networks,3,40,79,8,75,591,4,54,Intermediate,Computer Networks,Low
6482,Consistent Learner,Web Development,3,49,86,8,81,494,6,37,Intermediate,Machine Learning,Low
6483,Consistent Learner,Machine Learning,3,46,78,10,88,458,6,30,Intermediate,Algorithms,Low
6484,High Achiever,Database,4,78,97,20,91,840,6,40,Advanced,Deep Learning,Low
6485,Struggling Student,Operating Systems,1,17,41,5,60,67,1,1,Beginner,Web Development,High
6486,Struggling Student,Computer Networks,1,17,23,5,47,99,2,4,Beginner,Programming Basics,High
6487,High Achiever,Database,4,75,93,19,93,803,6,103,Advanced,Deep Learning,Low
6488,High Achiever,Operating Systems,5,58,92,14,92,711,6,44,Advanced,Machine Learning,Low
6489,Consistent Learner,DSA,4,45,77,12,82,575,4,60,Intermediate,Algorithms,Low
6490,Consistent Learner,Machine Learning,4,43,75,13,90,590,6,51,Intermediate,Advanced Algorithms,Low
6491,Casual Learner,Database,2,22,61,4,61,361,2,18,Intermediate,Database Systems,Medium
6492,Consistent Learner,Computer Networks,4,53,79,14,84,437,5,34,Intermediate,Operating Systems,Low
6493,Consistent Learner,Database,4,49,80,11,88,501,6,29,Intermediate,Algorithms,Low
6494,Consistent Learner,Operating Systems,3,46,89,8,83,581,6,32,Intermediate,Operating Systems,Low
6495,Struggling Student,Programming,2,8,28,6,48,131,1,6,Beginner,Programming Fundamentals,High
6496,Casual Learner,Machine Learning,2,27,66,7,69,254,2,12,Intermediate,Web Development,Medium
6497,Casual Learner,DSA,2,23,70,4,64,335,2,12,Intermediate,Object-Oriented Programming,Medium
6498,High Achiever,Programming,4,62,99,13,89,759,7,41,Advanced,Machine Learning,Low
6499,Consistent Learner,Machine Learning,4,52,88,9,77,613,4,36,Intermediate,Computer Networks,Low
6500,Consistent Learner,Computer Networks,4,42,76,10,81,554,5,60,Intermediate,Machine Learning,Low
6501,Inactive Student,Database,1,0,16,0,14,35,0,2,Beginner,Programming Fundamentals,High
6502,Casual Learner,Programming,3,17,57,7,62,328,3,21,Intermediate,Web Development,Medium
6503,Struggling Student,Programming,2,8,45,3,55,75,2,7,Beginner,Programming Basics,High
6504,Consistent Learner,Database,3,52,84,11,88,509,6,54,Intermediate,Machine Learning,Low
6505,Consistent Learner,DSA,3,41,82,14,79,464,5,23,Intermediate,Database Systems,Low
6506,Casual Learner,DSA,2,30,72,6,60,220,3,16,Intermediate,Database Systems,Medium
6507,Casual Learner,Machine Learning,2,23,61,8,61,222,2,12,Intermediate,Object-Oriented Programming,Medium
6508,High Achiever,Programming,5,75,94,20,99,712,7,51,Advanced,Deep Learning,Low
6509,Consistent Learner,Machine Learning,3,50,82,11,83,696,4,57,Intermediate,Operating Systems,Low
6510,Consistent Learner,Database,4,37,77,13,81,473,5,22,Intermediate,Machine Learning,Low
6511,High Achiever,Programming,5,68,91,15,91,879,7,96,Advanced,Machine Learning,Low
6512,Struggling Student,DSA,2,5,25,4,50,104,2,4,Beginner,Introduction to C++,High
6513,Casual Learner,Programming,3,18,70,6,74,296,4,8,Intermediate,Computer Networks,Medium
6514,High Achiever,Web Development,5,73,92,14,100,1038,6,119,Advanced,Deep Learning,Low
6515,Casual Learner,DSA,3,18,70,6,63,331,2,21,Intermediate,Object-Oriented Programming,Medium
6516,Struggling Student,Web Development,2,10,41,5,48,107,2,6,Beginner,Programming Fundamentals,High
6517,Casual Learner,Machine Learning,2,26,50,7,73,228,2,20,Intermediate,Computer Networks,Medium
6518,Struggling Student,Web Development,2,18,44,3,51,156,1,8,Beginner,Programming Basics,High
6519,Consistent Learner,Database,4,42,76,11,76,429,6,41,Intermediate,Computer Networks,Low
6520,Consistent Learner,Programming,4,40,87,9,79,522,4,23,Intermediate,Data Structures,Low
6521,Casual Learner,Computer Networks,3,30,59,7,68,354,3,24,Intermediate,Object-Oriented Programming,Medium
6522,Consistent Learner,Web Development,3,45,79,8,87,408,6,35,Intermediate,Machine Learning,Low
6523,High Achiever,Operating Systems,5,80,94,12,97,808,6,74,Advanced,Advanced Algorithms,Low
6524,Casual Learner,Computer Networks,3,23,65,8,66,273,2,24,Intermediate,Web Development,Medium
6525,Struggling Student,Database,2,7,45,2,50,97,1,7,Beginner,Programming Basics,High
6526,Struggling Student,Web Development,1,13,37,6,60,174,1,7,Beginner,Web Development,High
6527,Casual Learner,Programming,2,28,52,8,62,285,3,19,Intermediate,Object-Oriented Programming,Medium
6528,Consistent Learner,DSA,3,55,89,13,89,578,6,37,Intermediate,Algorithms,Low
6529,Consistent Learner,Web Development,4,40,75,14,83,574,4,34,Intermediate,Machine Learning,Low
6530,Struggling Student,Web Development,2,14,23,5,44,118,2,3,Beginner,Introduction to C++,High
6531,Consistent Learner,Web Development,3,47,82,8,76,638,6,53,Intermediate,Data Structures,Low
6532,Consistent Learner,DSA,3,50,90,14,81,586,5,34,Intermediate,Operating Systems,Low
6533,Consistent Learner,Programming,4,52,78,13,87,472,5,56,Intermediate,Operating Systems,Low
6534,Casual Learner,DSA,3,18,51,6,74,234,3,14,Intermediate,Database Systems,Medium
6535,Casual Learner,Operating Systems,2,16,69,6,74,337,4,13,Intermediate,Database Systems,Medium
6536,Struggling Student,Operating Systems,1,14,27,5,60,72,2,7,Beginner,Object-Oriented Programming,High
6537,Inactive Student,Computer Networks,1,4,1,2,28,36,0,2,Beginner,Introduction to C++,High
6538,Casual Learner,Web Development,2,35,75,7,75,295,3,12,Intermediate,Computer Networks,Medium
6539,Consistent Learner,DSA,4,39,90,9,87,405,4,48,Intermediate,Machine Learning,Low
6540,Consistent Learner,Database,3,55,83,8,81,661,4,52,Intermediate,Operating Systems,Low
6541,High Achiever,Programming,5,65,92,20,98,767,6,100,Advanced,Advanced Algorithms,Low
6542,High Achiever,Web Development,5,75,99,20,99,1071,7,55,Advanced,Advanced Algorithms,Low
6543,Consistent Learner,Web Development,3,48,88,10,76,487,6,20,Intermediate,Data Structures,Low
6544,Struggling Student,Machine Learning,1,7,25,3,49,97,2,7,Beginner,Programming Basics,High
6545,Inactive Student,Web Development,1,2,2,1,23,35,1,1,Beginner,Introduction to C++,High
6546,Inactive Student,Operating Systems,1,3,11,1,3,19,0,2,Beginner,Programming Fundamentals,High
6547,Consistent Learner,Operating Systems,3,41,83,8,78,495,5,58,Intermediate,Data Structures,Low
6548,Casual Learner,Operating Systems,3,33,67,6,74,293,3,10,Intermediate,Database Systems,Medium
6549,Consistent Learner,Database,4,36,89,8,85,553,5,29,Intermediate,Algorithms,Low
6550,Struggling Student,DSA,2,9,47,5,50,163,1,7,Beginner,Introduction to C++,High
6551,Struggling Student,Operating Systems,2,12,23,6,59,167,1,7,Beginner,Introduction to C++,High
6552,Casual Learner,Web Development,2,18,73,4,60,200,3,23,Intermediate,Database Systems,Medium
6553,Casual Learner,Web Development,2,16,55,5,60,186,4,12,Intermediate,Web Development,Medium
6554,Struggling Student,Database,1,8,36,3,44,91,2,6,Beginner,Programming Basics,High
6555,High Achiever,Machine Learning,5,58,92,16,93,1035,7,63,Advanced,Advanced Algorithms,Low
6556,Casual Learner,DSA,2,20,61,6,60,327,3,8,Intermediate,Object-Oriented Programming,Medium
6557,Struggling Student,Machine Learning,2,10,28,4,45,102,2,2,Beginner,Introduction to C++,High
6558,Struggling Student,Database,2,16,39,6,47,113,2,6,Beginner,Programming Basics,High
6559,Struggling Student,Computer Networks,1,11,24,6,59,163,2,6,Beginner,Programming Fundamentals,High
6560,Inactive Student,DSA,1,0,6,2,6,18,0,0,Beginner,Introduction to C++,High
6561,High Achiever,DSA,4,71,98,17,96,995,7,97,Advanced,Machine Learning,Low
6562,Casual Learner,Machine Learning,2,28,69,8,63,321,4,9,Intermediate,Object-Oriented Programming,Medium
6563,Struggling Student,Web Development,1,5,28,4,58,67,2,2,Beginner,Programming Fundamentals,High
6564,High Achiever,Computer Networks,5,63,96,20,97,727,7,108,Advanced,Advanced Algorithms,Low
6565,Casual Learner,Database,2,21,69,4,64,344,3,20,Intermediate,Web Development,Medium
6566,Struggling Student,Database,1,15,37,5,50,69,2,4,Beginner,Programming Fundamentals,High
6567,Struggling Student,DSA,2,15,50,2,47,132,2,8,Beginner,Programming Basics,High
6568,Consistent Learner,Machine Learning,3,35,83,8,83,499,4,46,Intermediate,Operating Systems,Low
6569,Casual Learner,Machine Learning,3,35,59,4,60,390,3,9,Intermediate,Object-Oriented Programming,Medium
6570,Struggling Student,Programming,1,16,47,6,52,106,2,3,Beginner,Programming Fundamentals,High
6571,Inactive Student,DSA,1,1,8,2,31,33,0,2,Beginner,Programming Basics,High
6572,Consistent Learner,DSA,3,37,84,11,84,603,5,40,Intermediate,Machine Learning,Low
6573,Consistent Learner,Computer Networks,4,37,83,8,85,614,4,49,Intermediate,Algorithms,Low
6574,Struggling Student,DSA,2,8,24,2,58,118,1,5,Beginner,Introduction to C++,High
6575,Struggling Student,Computer Networks,2,6,34,4,41,89,2,4,Beginner,Programming Fundamentals,High
6576,High Achiever,Operating Systems,5,67,98,16,89,1138,7,59,Advanced,Machine Learning,Low
6577,Consistent Learner,Programming,4,53,90,14,85,534,4,34,Intermediate,Algorithms,Low
6578,Consistent Learner,Computer Networks,3,38,85,8,79,467,6,52,Intermediate,Data Structures,Low
6579,High Achiever,DSA,4,57,93,15,95,715,7,81,Advanced,Advanced Algorithms,Low
6580,High Achiever,Computer Networks,5,55,97,14,97,852,6,44,Advanced,Deep Learning,Low
6581,High Achiever,Web Development,4,79,94,17,89,770,7,54,Advanced,Operating Systems,Low
6582,Casual Learner,Computer Networks,2,32,73,6,70,318,3,20,Intermediate,Computer Networks,Medium
6583,Struggling Student,Programming,2,18,21,3,55,125,2,4,Beginner,Programming Fundamentals,High
6584,Struggling Student,Machine Learning,2,18,33,4,52,177,1,3,Beginner,Programming Fundamentals,High
6585,Struggling Student,Web Development,2,10,45,3,43,73,1,6,Beginner,Programming Basics,High
6586,High Achiever,Operating Systems,4,65,96,18,95,1067,7,118,Advanced,Deep Learning,Low
6587,Struggling Student,DSA,2,6,23,3,59,78,1,1,Beginner,Introduction to C++,High
6588,Consistent Learner,DSA,4,55,80,10,89,604,5,42,Intermediate,Machine Learning,Low
6589,Inactive Student,Programming,1,4,10,1,16,34,1,2,Beginner,Programming Fundamentals,High
6590,Struggling Student,Computer Networks,1,11,38,2,49,90,2,5,Beginner,Programming Fundamentals,High
6591,Casual Learner,Machine Learning,3,23,50,7,61,217,3,23,Intermediate,Object-Oriented Programming,Medium
6592,Casual Learner,Database,3,16,61,5,63,324,4,23,Intermediate,Web Development,Medium
6593,High Achiever,Programming,5,69,97,15,88,972,6,82,Advanced,Algorithms,Low
6594,High Achiever,Machine Learning,4,61,93,18,100,1164,7,97,Advanced,Machine Learning,Low
6595,Consistent Learner,Machine Learning,4,53,79,10,82,676,5,26,Intermediate,Operating Systems,Low
6596,Struggling Student,Operating Systems,2,14,40,2,47,78,2,4,Beginner,Programming Basics,High
6597,High Achiever,Database,5,79,100,12,92,1088,6,94,Advanced,Machine Learning,Low
6598,Casual Learner,DSA,2,18,54,4,62,370,3,14,Intermediate,Web Development,Medium
6599,Consistent Learner,Computer Networks,4,35,79,13,84,608,6,24,Intermediate,Algorithms,Low
6600,Casual Learner,Programming,3,32,52,4,75,206,2,20,Intermediate,Database Systems,Medium
6601,Casual Learner,Operating Systems,3,22,50,8,70,204,4,14,Intermediate,Computer Networks,Medium
6602,Inactive Student,Web Development,1,0,14,0,31,11,0,1,Beginner,Programming Basics,High
6603,Consistent Learner,DSA,4,35,84,10,75,452,4,24,Intermediate,Database Systems,Low
6604,Casual Learner,Web Development,2,35,74,6,66,282,2,13,Intermediate,Database Systems,Medium
6605,Consistent Learner,Programming,3,40,75,10,82,442,4,53,Intermediate,Machine Learning,Low
6606,Casual Learner,Web Development,3,29,64,6,72,255,3,24,Intermediate,Computer Networks,Medium
6607,Struggling Student,DSA,2,8,26,3,41,132,2,2,Beginner,Introduction to C++,High
6608,Casual Learner,Database,2,17,68,8,60,356,4,20,Intermediate,Object-Oriented Programming,Medium
6609,High Achiever,Database,5,58,98,19,88,1101,6,100,Advanced,Operating Systems,Low
6610,Struggling Student,Machine Learning,1,9,45,5,54,128,1,2,Beginner,Introduction to C++,High
6611,Inactive Student,Operating Systems,1,3,8,0,21,49,0,2,Beginner,Programming Fundamentals,High
6612,Struggling Student,DSA,1,17,28,3,59,112,2,5,Beginner,Programming Fundamentals,High
6613,Casual Learner,Computer Networks,3,21,54,5,75,220,3,23,Intermediate,Computer Networks,Medium
6614,Struggling Student,Machine Learning,1,15,22,3,47,77,2,1,Beginner,Introduction to C++,High
6615,High Achiever,Web Development,5,67,90,17,94,1001,6,97,Advanced,Deep Learning,Low
6616,Inactive Student,Programming,1,2,13,2,22,42,0,1,Beginner,Programming Basics,High
6617,Inactive Student,Web Development,1,5,18,0,12,17,0,2,Beginner,Programming Fundamentals,High
6618,Casual Learner,Programming,2,25,67,4,65,261,3,10,Intermediate,Object-Oriented Programming,Medium
6619,Casual Learner,Database,3,28,51,6,69,194,3,9,Intermediate,Database Systems,Medium
6620,High Achiever,DSA,5,65,96,14,94,736,7,47,Advanced,Deep Learning,Low
6621,Casual Learner,DSA,2,15,64,5,69,298,3,17,Intermediate,Web Development,Medium
6622,High Achiever,Database,4,57,93,19,100,970,6,99,Advanced,Deep Learning,Low
6623,Casual Learner,Web Development,2,30,65,7,65,258,4,10,Intermediate,Database Systems,Medium
6624,Consistent Learner,Machine Learning,4,37,80,14,90,611,4,28,Intermediate,Advanced Algorithms,Low
6625,Casual Learner,Web Development,2,20,58,8,74,294,4,23,Intermediate,Computer Networks,Medium
6626,Struggling Student,Computer Networks,1,14,29,2,53,150,1,3,Beginner,Introduction to C++,High
6627,Consistent Learner,Programming,3,44,76,12,88,641,4,29,Intermediate,Machine Learning,Low
6628,Struggling Student,Web Development,2,13,22,2,52,168,1,5,Beginner,Introduction to C++,High
6629,High Achiever,Web Development,5,67,99,15,98,1137,7,80,Advanced,Machine Learning,Low
6630,Inactive Student,Programming,1,2,8,0,22,50,0,2,Beginner,Programming Basics,High
6631,Struggling Student,Machine Learning,2,17,29,5,55,60,1,7,Beginner,Programming Fundamentals,High
6632,Consistent Learner,DSA,3,39,82,9,87,464,5,21,Intermediate,Machine Learning,Low
6633,Consistent Learner,DSA,3,41,90,12,85,598,6,28,Intermediate,Algorithms,Low
6634,Consistent Learner,Operating Systems,3,46,77,9,75,559,5,54,Intermediate,Computer Networks,Low
6635,Struggling Student,DSA,2,18,39,4,44,97,1,6,Beginner,Programming Basics,High
6636,High Achiever,Operating Systems,5,80,91,12,99,904,7,92,Advanced,Machine Learning,Low
6637,Consistent Learner,Machine Learning,3,53,85,12,80,533,4,57,Intermediate,Operating Systems,Low
6638,Inactive Student,Machine Learning,1,0,10,2,40,32,0,0,Beginner,Programming Basics,High
6639,Inactive Student,Operating Systems,1,3,1,0,7,6,1,2,Beginner,Programming Fundamentals,High
6640,Consistent Learner,Computer Networks,3,40,80,12,77,531,6,52,Intermediate,Computer Networks,Low
6641,Consistent Learner,Database,4,53,78,14,90,682,4,43,Intermediate,Deep Learning,Low
6642,Casual Learner,Machine Learning,2,27,75,4,62,260,2,22,Intermediate,Object-Oriented Programming,Medium
6643,Consistent Learner,Web Development,4,55,84,10,81,544,5,38,Intermediate,Algorithms,Low
6644,High Achiever,Database,4,68,97,20,99,1097,7,83,Advanced,Deep Learning,Low
6645,Casual Learner,Operating Systems,2,18,74,6,71,282,4,25,Intermediate,Data Structures,Medium
6646,Struggling Student,Programming,2,9,41,2,51,116,2,7,Beginner,Introduction to C++,High
6647,High Achiever,Operating Systems,4,70,98,14,98,1186,7,52,Advanced,Deep Learning,Low
6648,Struggling Student,Web Development,1,5,34,4,57,152,1,3,Beginner,Introduction to C++,High
6649,Casual Learner,Computer Networks,2,30,56,4,63,390,4,24,Intermediate,Database Systems,Medium
6650,Casual Learner,Operating Systems,3,27,61,5,63,301,3,16,Intermediate,Web Development,Medium
6651,Consistent Learner,Machine Learning,4,41,88,12,84,555,4,55,Intermediate,Algorithms,Low
6652,Casual Learner,Machine Learning,3,18,59,6,74,327,3,16,Intermediate,Computer Networks,Medium
6653,Struggling Student,Computer Networks,2,8,37,2,50,141,2,8,Beginner,Programming Fundamentals,High
6654,Inactive Student,Web Development,1,5,4,2,5,22,1,0,Beginner,Programming Basics,High
6655,Casual Learner,DSA,2,20,75,7,72,235,4,7,Intermediate,Database Systems,Medium
6656,Struggling Student,Operating Systems,2,17,39,5,46,158,2,7,Beginner,Programming Fundamentals,High
6657,Casual Learner,Computer Networks,3,26,68,7,69,399,3,8,Intermediate,Web Development,Medium
6658,Struggling Student,Programming,2,10,27,4,41,134,2,2,Beginner,Programming Fundamentals,High
6659,Casual Learner,Computer Networks,3,35,61,4,62,385,3,15,Intermediate,Database Systems,Medium
6660,Inactive Student,Operating Systems,1,2,8,0,26,3,0,0,Beginner,Programming Basics,High
6661,Casual Learner,Web Development,2,28,69,7,73,302,2,19,Intermediate,Computer Networks,Medium
6662,Casual Learner,Operating Systems,2,21,55,5,72,233,3,11,Intermediate,Data Structures,Medium
6663,Casual Learner,Operating Systems,2,24,56,7,62,373,2,6,Intermediate,Object-Oriented Programming,Medium
6664,Casual Learner,Machine Learning,3,20,63,7,63,274,3,23,Intermediate,Object-Oriented Programming,Medium
6665,Casual Learner,Computer Networks,3,15,52,5,66,352,4,13,Intermediate,Web Development,Medium
6666,Consistent Learner,Programming,4,43,87,8,90,455,5,22,Intermediate,Machine Learning,Low
6667,Casual Learner,Computer Networks,3,26,55,8,70,231,2,6,Intermediate,Database Systems,Medium
6668,Consistent Learner,Web Development,4,52,85,12,80,476,4,28,Intermediate,Operating Systems,Low
6669,Inactive Student,Programming,1,3,11,2,39,57,1,2,Beginner,Introduction to C++,High
6670,Consistent Learner,Programming,4,43,79,13,76,442,6,20,Intermediate,Data Structures,Low
6671,Inactive Student,DSA,1,0,12,2,35,29,0,0,Beginner,Introduction to C++,High
6672,High Achiever,Operating Systems,5,68,98,19,98,1105,6,111,Advanced,Machine Learning,Low
6673,Struggling Student,Machine Learning,2,7,23,2,53,121,1,3,Beginner,Programming Basics,High
6674,High Achiever,Web Development,5,71,93,18,100,886,6,120,Advanced,Advanced Algorithms,Low
6675,High Achiever,Computer Networks,5,66,98,13,91,916,7,60,Advanced,Machine Learning,Low
6676,Struggling Student,DSA,1,13,32,2,40,77,1,4,Beginner,Programming Basics,High
6677,Struggling Student,Database,1,18,38,5,47,137,2,8,Beginner,Programming Fundamentals,High
6678,Consistent Learner,Database,3,43,87,8,79,533,6,48,Intermediate,Database Systems,Low
6679,High Achiever,Computer Networks,5,73,94,15,92,859,7,54,Advanced,Advanced Algorithms,Low
6680,Inactive Student,Operating Systems,1,2,12,1,24,5,1,0,Beginner,Programming Basics,High
6681,Consistent Learner,DSA,3,54,86,8,78,700,5,44,Intermediate,Data Structures,Low
6682,High Achiever,DSA,4,80,91,18,93,1135,6,111,Advanced,Deep Learning,Low
6683,Consistent Learner,Computer Networks,4,36,85,13,77,458,6,34,Intermediate,Computer Networks,Low
6684,Casual Learner,Computer Networks,2,34,50,6,70,340,4,7,Intermediate,Database Systems,Medium
6685,Casual Learner,Web Development,2,34,52,8,67,182,3,9,Intermediate,Object-Oriented Programming,Medium
6686,High Achiever,Machine Learning,5,73,90,17,90,944,6,54,Advanced,Machine Learning,Low
6687,Struggling Student,Web Development,2,10,47,5,55,178,1,3,Beginner,Introduction to C++,High
6688,High Achiever,Machine Learning,5,65,90,15,96,859,6,46,Advanced,Machine Learning,Low
6689,Inactive Student,Machine Learning,1,2,18,2,40,45,0,0,Beginner,Programming Basics,High
6690,Consistent Learner,DSA,4,43,83,8,87,621,4,42,Intermediate,Operating Systems,Low
6691,Casual Learner,Computer Networks,2,19,51,8,75,391,3,13,Intermediate,Computer Networks,Medium
6692,Consistent Learner,Machine Learning,3,52,80,10,85,460,5,34,Intermediate,Algorithms,Low
6693,Struggling Student,Operating Systems,1,16,35,3,48,104,2,1,Beginner,Introduction to C++,High
6694,High Achiever,DSA,4,71,100,12,96,911,6,97,Advanced,Advanced Algorithms,Low
6695,High Achiever,Web Development,4,61,95,15,96,1067,7,96,Advanced,Machine Learning,Low
6696,High Achiever,Database,4,56,95,19,88,1082,6,95,Advanced,Machine Learning,Low
6697,Casual Learner,Database,2,25,65,4,75,366,2,20,Intermediate,Computer Networks,Medium
6698,Struggling Student,DSA,1,16,28,5,58,155,1,2,Beginner,Programming Fundamentals,High
6699,Casual Learner,Programming,2,30,51,5,73,365,2,17,Intermediate,Database Systems,Medium
6700,High Achiever,Computer Networks,5,60,97,12,90,774,7,50,Advanced,Machine Learning,Low
6701,Struggling Student,Web Development,1,6,20,6,46,61,1,3,Beginner,Programming Basics,High
6702,Struggling Student,Machine Learning,1,9,42,3,60,75,1,5,Beginner,Object-Oriented Programming,High
6703,Struggling Student,Operating Systems,1,6,41,2,56,136,1,4,Beginner,Programming Basics,High
6704,Casual Learner,DSA,2,22,68,7,64,325,4,21,Intermediate,Database Systems,Medium
6705,Struggling Student,Machine Learning,2,12,22,3,41,98,1,4,Beginner,Programming Fundamentals,High
6706,Casual Learner,Web Development,2,33,50,4,75,388,4,19,Intermediate,Computer Networks,Medium
6707,Casual Learner,DSA,3,29,73,4,74,315,3,9,Intermediate,Database Systems,Medium
6708,Consistent Learner,Operating Systems,3,41,85,14,84,434,4,27,Intermediate,Operating Systems,Low
6709,Casual Learner,Computer Networks,3,23,67,6,63,383,4,16,Intermediate,Database Systems,Medium
6710,Consistent Learner,DSA,3,41,83,10,76,489,5,55,Intermediate,Computer Networks,Low
6711,Casual Learner,Database,3,17,50,8,64,342,2,19,Intermediate,Object-Oriented Programming,Medium
6712,Inactive Student,Machine Learning,1,5,14,1,34,20,0,0,Beginner,Introduction to C++,High
6713,Casual Learner,Computer Networks,3,24,71,7,60,323,4,19,Intermediate,Web Development,Medium
6714,High Achiever,Operating Systems,5,63,97,19,95,869,6,105,Advanced,Advanced Algorithms,Low
6715,High Achiever,Web Development,5,72,93,17,91,766,7,100,Advanced,Advanced Algorithms,Low
6716,High Achiever,Operating Systems,4,55,100,13,100,918,6,54,Advanced,Advanced Algorithms,Low
6717,Casual Learner,Operating Systems,3,23,74,6,73,328,2,7,Intermediate,Database Systems,Medium
6718,Casual Learner,Programming,3,17,62,6,63,362,4,5,Intermediate,Database Systems,Medium
6719,High Achiever,Database,5,65,91,18,92,1125,6,70,Advanced,Advanced Algorithms,Low
6720,High Achiever,Computer Networks,5,57,99,12,89,945,7,106,Advanced,Machine Learning,Low
6721,Consistent Learner,Database,3,43,88,14,89,461,6,33,Intermediate,Algorithms,Low
6722,Consistent Learner,Computer Networks,4,50,81,13,75,670,5,42,Intermediate,Data Structures,Low
6723,Consistent Learner,Computer Networks,3,40,83,9,85,584,4,35,Intermediate,Algorithms,Low
6724,Consistent Learner,Computer Networks,4,54,86,10,81,468,4,31,Intermediate,Machine Learning,Low
6725,Casual Learner,DSA,3,26,53,7,75,321,4,11,Intermediate,Computer Networks,Medium
6726,Inactive Student,Operating Systems,1,3,15,0,3,19,0,2,Beginner,Introduction to C++,High
6727,Struggling Student,Machine Learning,2,7,34,2,52,152,2,6,Beginner,Introduction to C++,High
6728,Consistent Learner,Database,4,41,80,12,83,409,4,37,Intermediate,Machine Learning,Low
6729,Casual Learner,Machine Learning,3,24,73,6,68,395,3,5,Intermediate,Database Systems,Medium
6730,Consistent Learner,Machine Learning,4,39,85,9,80,663,4,45,Intermediate,Operating Systems,Low
6731,Consistent Learner,Operating Systems,3,37,78,13,90,489,4,32,Intermediate,Advanced Algorithms,Low
6732,Casual Learner,DSA,2,20,51,4,71,289,4,25,Intermediate,Database Systems,Medium
6733,Casual Learner,Operating Systems,2,21,67,7,63,284,4,6,Intermediate,Object-Oriented Programming,Medium
6734,Casual Learner,Web Development,2,33,53,5,73,353,3,6,Intermediate,Computer Networks,Medium
6735,Casual Learner,Database,2,26,73,4,69,191,3,25,Intermediate,Database Systems,Medium
6736,Inactive Student,DSA,1,2,1,0,7,32,1,2,Beginner,Introduction to C++,High
6737,Struggling Student,Programming,2,8,25,3,56,100,2,7,Beginner,Programming Basics,High
6738,Struggling Student,DSA,2,11,46,2,45,88,2,3,Beginner,Programming Fundamentals,High
6739,Struggling Student,Web Development,1,6,23,6,45,128,1,4,Beginner,Programming Basics,High
6740,Struggling Student,Database,1,5,24,5,42,138,1,6,Beginner,Programming Fundamentals,High
6741,Casual Learner,Database,3,35,68,7,61,361,3,17,Intermediate,Object-Oriented Programming,Medium
6742,Consistent Learner,DSA,3,53,83,11,89,606,6,53,Intermediate,Machine Learning,Low
6743,Struggling Student,DSA,2,17,40,5,48,101,1,6,Beginner,Introduction to C++,High
6744,Casual Learner,DSA,3,21,57,5,60,190,2,5,Intermediate,Database Systems,Medium
6745,Casual Learner,Web Development,3,19,57,6,65,273,2,25,Intermediate,Object-Oriented Programming,Medium
6746,Inactive Student,DSA,1,5,16,2,5,37,1,0,Beginner,Programming Basics,High
6747,High Achiever,DSA,5,59,90,19,98,1069,6,108,Advanced,Deep Learning,Low
6748,Struggling Student,Database,1,9,32,4,53,165,2,4,Beginner,Introduction to C++,High
6749,High Achiever,Programming,5,79,93,19,91,1091,7,87,Advanced,Machine Learning,Low
6750,Consistent Learner,Database,3,45,86,13,83,619,6,30,Intermediate,Algorithms,Low
6751,Consistent Learner,Machine Learning,4,49,87,11,76,428,6,51,Intermediate,Database Systems,Low
6752,Struggling Student,Operating Systems,1,14,50,2,60,79,2,2,Beginner,Web Development,High
6753,Consistent Learner,Machine Learning,3,46,78,10,78,678,5,59,Intermediate,Database Systems,Low
6754,High Achiever,Database,5,65,96,12,96,828,7,112,Advanced,Deep Learning,Low
6755,Consistent Learner,Database,4,47,89,11,86,588,5,24,Intermediate,Algorithms,Low
6756,Consistent Learner,Programming,3,37,85,9,80,413,5,21,Intermediate,Operating Systems,Low
6757,High Achiever,Programming,5,68,92,16,90,711,6,58,Advanced,Advanced Algorithms,Low
6758,High Achiever,DSA,4,56,99,16,91,830,6,63,Advanced,Machine Learning,Low
6759,Casual Learner,DSA,3,17,71,8,71,298,3,21,Intermediate,Database Systems,Medium
6760,Consistent Learner,Programming,3,49,79,9,76,633,4,40,Intermediate,Database Systems,Low
6761,High Achiever,DSA,5,78,91,20,95,938,7,113,Advanced,Deep Learning,Low
6762,Casual Learner,Operating Systems,3,21,73,6,65,262,4,15,Intermediate,Object-Oriented Programming,Medium
6763,Struggling Student,Database,2,6,30,4,43,97,1,7,Beginner,Programming Basics,High
6764,Consistent Learner,Machine Learning,4,39,84,9,75,676,6,38,Intermediate,Computer Networks,Low
6765,Struggling Student,Computer Networks,1,11,47,4,60,75,2,5,Beginner,Web Development,High
6766,Consistent Learner,Computer Networks,3,53,87,12,81,527,5,41,Intermediate,Operating Systems,Low
6767,Casual Learner,Computer Networks,2,18,60,6,60,315,4,5,Intermediate,Database Systems,Medium
6768,Consistent Learner,Database,4,45,83,10,75,564,6,31,Intermediate,Computer Networks,Low
6769,Consistent Learner,DSA,4,36,83,11,88,657,4,58,Intermediate,Operating Systems,Low
6770,Consistent Learner,Operating Systems,4,52,82,10,76,581,4,53,Intermediate,Data Structures,Low
6771,Consistent Learner,Programming,3,49,86,10,83,651,6,23,Intermediate,Algorithms,Low
6772,Inactive Student,DSA,1,4,10,0,15,40,0,1,Beginner,Programming Fundamentals,High
6773,Consistent Learner,Machine Learning,3,44,76,9,78,463,4,37,Intermediate,Database Systems,Low
6774,Consistent Learner,Machine Learning,3,55,84,11,75,602,5,32,Intermediate,Database Systems,Low
6775,Casual Learner,DSA,2,34,63,7,73,230,3,24,Intermediate,Data Structures,Medium
6776,Casual Learner,Operating Systems,2,26,73,6,75,295,2,23,Intermediate,Data Structures,Medium
6777,Consistent Learner,Database,4,41,88,9,82,498,4,58,Intermediate,Operating Systems,Low
6778,Inactive Student,DSA,1,0,4,2,4,45,0,2,Beginner,Programming Basics,High
6779,High Achiever,Programming,4,72,97,19,91,1175,6,44,Advanced,Deep Learning,Low
6780,Struggling Student,Operating Systems,1,18,38,5,57,159,2,1,Beginner,Programming Fundamentals,High
6781,Inactive Student,Operating Systems,1,3,13,2,32,19,0,0,Beginner,Programming Basics,High
6782,Casual Learner,Programming,2,22,67,4,65,305,2,14,Intermediate,Web Development,Medium
6783,Struggling Student,Programming,2,5,31,4,46,136,1,5,Beginner,Introduction to C++,High
6784,Inactive Student,Machine Learning,1,4,16,1,30,42,0,2,Beginner,Introduction to C++,High
6785,Consistent Learner,Database,3,50,80,10,75,446,5,34,Intermediate,Computer Networks,Low
6786,Inactive Student,Machine Learning,1,2,18,1,9,55,0,0,Beginner,Programming Basics,High
6787,Consistent Learner,DSA,3,40,75,8,79,594,6,54,Intermediate,Database Systems,Low
6788,High Achiever,Programming,5,62,98,17,93,1053,7,86,Advanced,Deep Learning,Low
6789,High Achiever,Programming,4,77,97,18,89,854,6,89,Advanced,Machine Learning,Low
6790,High Achiever,Database,4,68,97,19,100,1061,6,72,Advanced,Advanced Algorithms,Low
6791,Struggling Student,Programming,1,5,36,2,41,140,1,7,Beginner,Introduction to C++,High
6792,Casual Learner,DSA,3,33,65,6,71,283,3,9,Intermediate,Database Systems,Medium
6793,Consistent Learner,Database,3,37,89,11,77,403,5,34,Intermediate,Database Systems,Low
6794,Consistent Learner,Database,4,46,87,9,81,654,4,36,Intermediate,Algorithms,Low
6795,Struggling Student,Machine Learning,1,14,21,2,40,178,1,3,Beginner,Introduction to C++,High
6796,Consistent Learner,Operating Systems,3,39,89,11,87,414,5,45,Intermediate,Algorithms,Low
6797,Consistent Learner,Machine Learning,4,50,90,10,84,456,4,28,Intermediate,Operating Systems,Low
6798,Casual Learner,Machine Learning,3,20,52,7,65,382,3,13,Intermediate,Web Development,Medium
6799,High Achiever,Computer Networks,5,56,100,16,95,985,6,65,Advanced,Deep Learning,Low
6800,Casual Learner,Web Development,2,35,63,8,69,374,4,21,Intermediate,Web Development,Medium
6801,Struggling Student,Machine Learning,1,15,24,5,47,148,1,8,Beginner,Programming Fundamentals,High
6802,Consistent Learner,Database,4,55,86,8,89,522,4,32,Intermediate,Algorithms,Low
6803,Casual Learner,Machine Learning,3,16,57,8,65,360,3,10,Intermediate,Web Development,Medium
6804,Casual Learner,Computer Networks,2,30,51,6,74,340,4,12,Intermediate,Database Systems,Medium
6805,Consistent Learner,Database,4,41,84,11,83,646,5,56,Intermediate,Machine Learning,Low
6806,Struggling Student,Machine Learning,1,8,23,2,40,69,2,3,Beginner,Programming Basics,High
6807,Struggling Student,Operating Systems,1,10,48,6,51,180,1,3,Beginner,Programming Basics,High
6808,Casual Learner,Computer Networks,3,27,51,8,65,239,2,12,Intermediate,Database Systems,Medium
6809,High Achiever,DSA,5,77,92,14,93,1068,7,113,Advanced,Advanced Algorithms,Low
6810,Struggling Student,Database,2,5,26,2,55,111,1,1,Beginner,Programming Basics,High
6811,Inactive Student,Computer Networks,1,1,5,1,30,3,1,0,Beginner,Programming Basics,High
6812,Casual Learner,Database,2,23,55,5,74,271,3,13,Intermediate,Computer Networks,Medium
6813,Consistent Learner,Database,4,55,78,11,82,499,4,24,Intermediate,Machine Learning,Low
6814,Consistent Learner,Database,4,47,86,11,77,590,6,56,Intermediate,Data Structures,Low
6815,Casual Learner,Operating Systems,3,25,70,4,74,217,4,17,Intermediate,Database Systems,Medium
6816,Consistent Learner,Operating Systems,3,48,76,8,90,447,5,50,Intermediate,Machine Learning,Low
6817,Struggling Student,DSA,1,14,50,4,50,85,1,7,Beginner,Programming Fundamentals,High
6818,Struggling Student,Programming,2,9,45,4,43,130,1,6,Beginner,Introduction to C++,High
6819,Struggling Student,Programming,2,16,27,6,40,145,2,3,Beginner,Programming Basics,High
6820,Struggling Student,Web Development,2,16,23,6,58,64,2,7,Beginner,Introduction to C++,High
6821,Struggling Student,Computer Networks,1,8,23,2,57,173,2,1,Beginner,Programming Fundamentals,High
6822,Inactive Student,Web Development,1,4,2,1,28,58,1,2,Beginner,Programming Fundamentals,High
6823,Inactive Student,Programming,1,3,15,0,27,56,1,1,Beginner,Introduction to C++,High
6824,High Achiever,Machine Learning,5,68,97,20,96,868,6,94,Advanced,Advanced Algorithms,Low
6825,Consistent Learner,DSA,4,39,86,11,84,430,4,41,Intermediate,Machine Learning,Low
6826,Inactive Student,Programming,1,5,11,0,25,32,1,0,Beginner,Programming Basics,High
6827,Casual Learner,Computer Networks,2,17,62,7,75,231,3,21,Intermediate,Data Structures,Medium
6828,Casual Learner,Database,2,23,69,7,73,295,3,19,Intermediate,Computer Networks,Medium
6829,High Achiever,Web Development,5,64,90,14,91,748,6,76,Advanced,Machine Learning,Low
6830,Casual Learner,Machine Learning,2,34,70,7,71,298,2,12,Intermediate,Computer Networks,Medium
6831,Casual Learner,Operating Systems,3,29,50,4,63,288,4,14,Intermediate,Database Systems,Medium
6832,High Achiever,DSA,4,78,94,12,90,813,7,108,Advanced,Advanced Algorithms,Low
6833,Casual Learner,DSA,2,21,67,4,69,367,3,17,Intermediate,Object-Oriented Programming,Medium
6834,Consistent Learner,Machine Learning,4,40,88,9,80,477,5,56,Intermediate,Operating Systems,Low
6835,Consistent Learner,Web Development,4,40,78,14,75,689,6,43,Intermediate,Data Structures,Low
6836,Consistent Learner,Web Development,3,49,79,14,76,621,5,49,Intermediate,Database Systems,Low
6837,Inactive Student,Machine Learning,1,5,0,1,36,31,0,0,Beginner,Programming Basics,High
6838,Casual Learner,Computer Networks,2,30,74,6,71,381,4,6,Intermediate,Computer Networks,Medium
6839,Struggling Student,Machine Learning,1,5,42,5,57,165,1,5,Beginner,Programming Fundamentals,High
6840,High Achiever,Web Development,4,63,99,18,95,776,7,57,Advanced,Deep Learning,Low
6841,Struggling Student,Operating Systems,1,14,49,2,53,176,1,8,Beginner,Programming Fundamentals,High
6842,Casual Learner,Operating Systems,2,16,58,7,64,180,2,21,Intermediate,Web Development,Medium
6843,Casual Learner,DSA,2,33,64,8,75,180,4,19,Intermediate,Database Systems,Medium
6844,High Achiever,Programming,5,76,92,16,98,788,7,76,Advanced,Machine Learning,Low
6845,High Achiever,DSA,4,80,92,13,88,1158,6,91,Advanced,Machine Learning,Low
6846,Casual Learner,Database,2,16,68,5,70,390,4,13,Intermediate,Data Structures,Medium
6847,Casual Learner,Operating Systems,2,18,72,8,63,319,2,12,Intermediate,Database Systems,Medium
6848,Consistent Learner,Web Development,3,44,81,8,85,557,5,21,Intermediate,Operating Systems,Low
6849,High Achiever,Web Development,5,76,99,20,100,1063,7,106,Advanced,Deep Learning,Low
6850,Inactive Student,Programming,1,4,15,1,32,35,1,1,Beginner,Programming Fundamentals,High
6851,Casual Learner,Machine Learning,2,20,56,5,72,245,2,15,Intermediate,Data Structures,Medium
6852,Consistent Learner,Database,4,37,90,10,79,598,5,54,Intermediate,Computer Networks,Low
6853,Struggling Student,Database,1,11,33,2,44,94,2,1,Beginner,Programming Basics,High
6854,High Achiever,Computer Networks,4,80,91,14,100,1026,7,54,Advanced,Advanced Algorithms,Low
6855,High Achiever,Computer Networks,5,56,97,18,90,1078,6,42,Advanced,Advanced Algorithms,Low
6856,Inactive Student,Web Development,1,4,20,2,10,26,0,0,Beginner,Introduction to C++,High
6857,Casual Learner,Web Development,2,15,55,4,72,229,2,14,Intermediate,Data Structures,Medium
6858,Struggling Student,Machine Learning,1,9,28,3,45,134,2,5,Beginner,Programming Basics,High
6859,Casual Learner,Operating Systems,3,31,72,7,69,217,4,17,Intermediate,Web Development,Medium
6860,High Achiever,Web Development,4,79,94,19,100,770,7,66,Advanced,Machine Learning,Low
6861,Casual Learner,Machine Learning,3,16,63,4,69,248,3,9,Intermediate,Object-Oriented Programming,Medium
6862,Consistent Learner,Database,4,46,90,8,77,623,6,50,Intermediate,Data Structures,Low
6863,Consistent Learner,DSA,3,43,79,8,78,542,4,49,Intermediate,Computer Networks,Low
6864,Casual Learner,Programming,2,28,71,7,69,332,2,23,Intermediate,Object-Oriented Programming,Medium
6865,Casual Learner,DSA,2,33,59,5,74,209,4,12,Intermediate,Computer Networks,Medium
6866,Consistent Learner,Database,4,36,88,13,84,691,4,28,Intermediate,Algorithms,Low
6867,Consistent Learner,Web Development,3,48,84,8,75,543,6,56,Intermediate,Database Systems,Low
6868,Struggling Student,Database,1,9,27,4,51,114,2,7,Beginner,Introduction to C++,High
6869,Consistent Learner,Web Development,3,51,76,14,77,471,6,22,Intermediate,Database Systems,Low
6870,Consistent Learner,Database,4,46,90,12,83,639,5,45,Intermediate,Machine Learning,Low
6871,Consistent Learner,Database,4,48,90,11,87,625,5,56,Intermediate,Operating Systems,Low
6872,High Achiever,Database,4,67,99,16,88,808,6,78,Advanced,Algorithms,Low
6873,Consistent Learner,Web Development,4,46,81,13,79,545,6,38,Intermediate,Computer Networks,Low
6874,Casual Learner,Programming,3,27,53,4,60,252,4,21,Intermediate,Object-Oriented Programming,Medium
6875,Consistent Learner,Machine Learning,3,36,85,14,78,687,4,47,Intermediate,Database Systems,Low
6876,High Achiever,Database,5,73,90,17,97,1041,6,108,Advanced,Machine Learning,Low
6877,Casual Learner,Database,2,34,64,8,61,189,3,19,Intermediate,Web Development,Medium
6878,Consistent Learner,Database,3,35,76,11,86,418,6,41,Intermediate,Algorithms,Low
6879,Casual Learner,DSA,3,23,61,4,66,290,3,6,Intermediate,Object-Oriented Programming,Medium
6880,Struggling Student,Machine Learning,2,7,50,3,41,145,2,6,Beginner,Programming Basics,High
6881,Inactive Student,Operating Systems,1,0,4,2,6,23,1,2,Beginner,Introduction to C++,High
6882,Casual Learner,Operating Systems,3,33,74,5,68,197,4,19,Intermediate,Object-Oriented Programming,Medium
6883,Casual Learner,Database,3,21,62,4,63,319,2,8,Intermediate,Web Development,Medium
6884,Casual Learner,Programming,2,19,67,4,67,218,4,16,Intermediate,Object-Oriented Programming,Medium
6885,Casual Learner,Web Development,2,24,58,8,63,300,4,9,Intermediate,Object-Oriented Programming,Medium
6886,Casual Learner,Database,2,24,67,4,62,205,3,18,Intermediate,Web Development,Medium
6887,Casual Learner,DSA,3,18,53,7,67,302,2,10,Intermediate,Object-Oriented Programming,Medium
6888,Consistent Learner,Machine Learning,4,46,76,14,81,585,5,60,Intermediate,Operating Systems,Low
6889,Casual Learner,Web Development,2,17,56,4,64,210,2,7,Intermediate,Web Development,Medium
6890,Struggling Student,DSA,2,8,28,5,52,149,2,3,Beginner,Programming Fundamentals,High
6891,High Achiever,DSA,5,60,91,17,91,1003,7,73,Advanced,Machine Learning,Low
6892,Struggling Student,Programming,1,18,50,4,53,153,1,3,Beginner,Programming Basics,High
6893,Consistent Learner,Machine Learning,4,54,84,10,89,590,4,59,Intermediate,Algorithms,Low
6894,Casual Learner,Programming,2,30,59,8,63,231,4,11,Intermediate,Database Systems,Medium
6895,Consistent Learner,Computer Networks,3,48,83,8,89,579,4,52,Intermediate,Algorithms,Low
6896,Casual Learner,Web Development,3,27,61,8,64,266,3,13,Intermediate,Web Development,Medium
6897,Struggling Student,Machine Learning,2,13,43,5,42,78,1,6,Beginner,Programming Fundamentals,High
6898,Casual Learner,Programming,3,15,65,5,61,359,4,24,Intermediate,Object-Oriented Programming,Medium
6899,Casual Learner,DSA,3,31,60,7,67,279,3,17,Intermediate,Database Systems,Medium
6900,Consistent Learner,DSA,4,40,87,9,81,678,6,49,Intermediate,Machine Learning,Low
6901,Consistent Learner,Programming,3,37,80,8,84,500,6,42,Intermediate,Operating Systems,Low
6902,Struggling Student,Computer Networks,1,14,27,6,48,80,2,3,Beginner,Programming Fundamentals,High
6903,Struggling Student,Operating Systems,1,17,37,6,43,158,2,7,Beginner,Introduction to C++,High
6904,Struggling Student,Operating Systems,2,5,29,2,45,131,2,5,Beginner,Introduction to C++,High
6905,Casual Learner,Programming,3,23,67,4,66,241,3,20,Intermediate,Web Development,Medium
6906,Inactive Student,DSA,1,4,18,0,17,55,1,0,Beginner,Programming Basics,High
6907,Struggling Student,Operating Systems,1,11,37,6,49,87,1,4,Beginner,Programming Fundamentals,High
6908,Struggling Student,Operating Systems,2,5,32,3,53,85,1,4,Beginner,Programming Fundamentals,High
6909,High Achiever,DSA,5,70,98,19,92,881,7,86,Advanced,Deep Learning,Low
6910,Struggling Student,Computer Networks,1,18,26,2,60,141,2,7,Beginner,Database Systems,High
6911,Casual Learner,Web Development,3,31,53,5,73,255,3,14,Intermediate,Computer Networks,Medium
6912,Struggling Student,DSA,2,12,23,6,51,137,1,2,Beginner,Programming Fundamentals,High
6913,Struggling Student,Database,1,18,43,3,52,98,2,8,Beginner,Introduction to C++,High
6914,Consistent Learner,Programming,3,52,84,14,84,422,6,27,Intermediate,Machine Learning,Low
6915,Casual Learner,Computer Networks,2,32,55,5,62,355,4,17,Intermediate,Object-Oriented Programming,Medium
6916,Casual Learner,DSA,3,31,67,5,68,356,3,10,Intermediate,Database Systems,Medium
6917,Inactive Student,Computer Networks,1,4,0,1,23,20,0,0,Beginner,Programming Fundamentals,High
6918,Struggling Student,Machine Learning,2,6,25,2,60,165,2,5,Beginner,Web Development,High
6919,Inactive Student,Operating Systems,1,3,11,1,14,25,1,0,Beginner,Programming Fundamentals,High
6920,Consistent Learner,Operating Systems,4,35,84,11,76,483,4,49,Intermediate,Data Structures,Low
6921,Casual Learner,DSA,3,15,62,8,65,208,4,9,Intermediate,Object-Oriented Programming,Medium
6922,Inactive Student,DSA,1,2,16,0,15,49,1,2,Beginner,Programming Fundamentals,High
6923,Consistent Learner,Machine Learning,4,55,80,13,83,591,4,36,Intermediate,Algorithms,Low
6924,Consistent Learner,Machine Learning,4,40,82,14,86,432,6,59,Intermediate,Operating Systems,Low
6925,Struggling Student,Database,2,7,47,3,59,79,2,8,Beginner,Programming Basics,High
6926,Consistent Learner,Computer Networks,4,46,85,10,84,469,4,22,Intermediate,Machine Learning,Low
6927,Consistent Learner,Machine Learning,4,40,78,9,87,629,4,35,Intermediate,Operating Systems,Low
6928,Consistent Learner,Operating Systems,3,49,75,14,88,510,4,33,Intermediate,Algorithms,Low
6929,High Achiever,Programming,5,57,99,17,93,1148,7,95,Advanced,Machine Learning,Low
6930,High Achiever,Database,4,67,96,14,89,1148,7,94,Advanced,Operating Systems,Low
6931,Struggling Student,Web Development,2,17,37,5,46,123,2,8,Beginner,Programming Basics,High
6932,Consistent Learner,Programming,3,48,87,9,88,427,4,44,Intermediate,Operating Systems,Low
6933,Casual Learner,Operating Systems,2,29,60,8,68,185,3,12,Intermediate,Object-Oriented Programming,Medium
6934,Casual Learner,Machine Learning,3,25,67,6,65,227,4,21,Intermediate,Web Development,Medium
6935,Casual Learner,Computer Networks,2,29,55,7,68,286,2,5,Intermediate,Object-Oriented Programming,Medium
6936,Struggling Student,Programming,1,17,31,6,57,82,2,1,Beginner,Programming Basics,High
6937,Consistent Learner,Web Development,3,53,83,13,89,532,5,20,Intermediate,Algorithms,Low
6938,Casual Learner,Programming,3,23,71,6,61,385,4,20,Intermediate,Web Development,Medium
6939,Inactive Student,Computer Networks,1,1,10,0,18,26,0,0,Beginner,Introduction to C++,High
6940,Struggling Student,Database,2,7,46,4,60,63,1,8,Beginner,Web Development,High
6941,Struggling Student,Computer Networks,1,5,23,4,57,68,1,4,Beginner,Programming Basics,High
6942,Struggling Student,Computer Networks,1,14,31,3,43,69,2,6,Beginner,Programming Fundamentals,High
6943,Casual Learner,Operating Systems,2,26,75,5,64,373,2,13,Intermediate,Database Systems,Medium
6944,Struggling Student,Programming,2,5,41,5,42,175,1,8,Beginner,Introduction to C++,High
6945,Consistent Learner,Web Development,3,52,76,11,75,619,4,41,Intermediate,Computer Networks,Low
6946,Struggling Student,Computer Networks,2,9,20,4,43,71,1,3,Beginner,Programming Fundamentals,High
6947,Struggling Student,Programming,1,15,29,4,41,118,1,5,Beginner,Programming Basics,High
6948,Inactive Student,Machine Learning,1,1,10,0,6,29,0,2,Beginner,Programming Basics,High
6949,Struggling Student,Web Development,1,10,48,4,45,79,2,2,Beginner,Programming Basics,High
6950,Consistent Learner,Database,3,44,78,9,88,681,6,28,Intermediate,Machine Learning,Low
6951,Consistent Learner,Computer Networks,3,45,80,11,82,674,4,59,Intermediate,Machine Learning,Low
6952,Struggling Student,Machine Learning,2,11,20,5,59,94,2,7,Beginner,Programming Fundamentals,High
6953,Casual Learner,Database,3,16,69,5,62,338,3,20,Intermediate,Web Development,Medium
6954,Casual Learner,Web Development,3,33,53,5,67,332,4,13,Intermediate,Database Systems,Medium
6955,Struggling Student,Computer Networks,2,14,26,2,54,143,2,6,Beginner,Introduction to C++,High
6956,Struggling Student,Machine Learning,2,9,39,2,45,163,1,1,Beginner,Introduction to C++,High
6957,Struggling Student,Web Development,1,17,29,5,50,177,1,3,Beginner,Programming Fundamentals,High
6958,Casual Learner,Operating Systems,2,17,66,5,74,284,4,7,Intermediate,Data Structures,Medium
6959,Casual Learner,Operating Systems,2,35,74,5,75,315,2,8,Intermediate,Data Structures,Medium
6960,High Achiever,Web Development,4,71,100,16,92,1057,7,72,Advanced,Deep Learning,Low
6961,Struggling Student,DSA,1,10,32,5,44,71,1,6,Beginner,Programming Basics,High
6962,Inactive Student,Programming,1,0,18,1,23,46,0,1,Beginner,Introduction to C++,High
6963,Struggling Student,Machine Learning,1,6,33,4,51,71,2,7,Beginner,Programming Basics,High
6964,Casual Learner,Operating Systems,2,15,50,8,75,344,3,14,Intermediate,Computer Networks,Medium
6965,Struggling Student,Database,1,12,48,5,45,80,1,6,Beginner,Introduction to C++,High
6966,Inactive Student,Web Development,1,4,6,0,17,36,0,1,Beginner,Introduction to C++,High
6967,Casual Learner,Programming,2,30,56,5,74,286,4,7,Intermediate,Computer Networks,Medium
6968,Casual Learner,Machine Learning,2,22,64,7,74,243,2,8,Intermediate,Data Structures,Medium
6969,Struggling Student,Operating Systems,2,16,45,3,54,144,2,4,Beginner,Programming Basics,High
6970,Consistent Learner,Machine Learning,4,38,86,13,77,551,6,37,Intermediate,Data Structures,Low
6971,Casual Learner,Web Development,3,28,65,5,67,330,3,24,Intermediate,Web Development,Medium
6972,Casual Learner,Programming,2,31,66,5,63,373,4,6,Intermediate,Database Systems,Medium
6973,Consistent Learner,Operating Systems,3,45,86,10,89,423,5,29,Intermediate,Machine Learning,Low
6974,Consistent Learner,Web Development,4,48,88,11,82,467,5,37,Intermediate,Operating Systems,Low
6975,Consistent Learner,Programming,4,35,80,12,90,509,5,28,Intermediate,Machine Learning,Low
6976,Casual Learner,Database,3,18,54,4,72,398,4,18,Intermediate,Data Structures,Medium
6977,Casual Learner,Computer Networks,3,31,70,5,75,238,3,10,Intermediate,Computer Networks,Medium
6978,Casual Learner,Programming,3,20,62,8,70,369,4,14,Intermediate,Database Systems,Medium
6979,Consistent Learner,Programming,4,51,85,12,82,474,4,59,Intermediate,Algorithms,Low
6980,Casual Learner,Operating Systems,2,21,73,4,68,256,2,8,Intermediate,Database Systems,Medium
6981,Casual Learner,DSA,3,32,74,6,73,244,3,5,Intermediate,Database Systems,Medium
6982,Consistent Learner,DSA,4,35,84,13,84,449,5,33,Intermediate,Algorithms,Low
6983,Casual Learner,Computer Networks,3,24,53,7,61,193,2,12,Intermediate,Object-Oriented Programming,Medium
6984,Casual Learner,Programming,3,29,58,5,63,213,4,6,Intermediate,Database Systems,Medium
6985,Struggling Student,Computer Networks,2,5,31,6,40,148,2,7,Beginner,Programming Fundamentals,High
6986,Inactive Student,Operating Systems,1,1,17,2,37,6,1,0,Beginner,Programming Fundamentals,High
6987,Struggling Student,Machine Learning,1,12,45,3,48,79,1,8,Beginner,Introduction to C++,High
6988,Consistent Learner,Operating Systems,4,49,79,9,87,616,5,48,Intermediate,Algorithms,Low
6989,Consistent Learner,Database,4,36,77,13,85,418,4,53,Intermediate,Machine Learning,Low
6990,Struggling Student,Database,2,14,22,4,52,104,1,7,Beginner,Introduction to C++,High
6991,Struggling Student,Machine Learning,1,6,24,5,42,152,2,3,Beginner,Introduction to C++,High
6992,High Achiever,Programming,5,70,90,18,96,823,7,57,Advanced,Machine Learning,Low
6993,Inactive Student,Operating Systems,1,3,8,2,20,60,1,1,Beginner,Programming Basics,High
6994,Consistent Learner,DSA,4,52,77,13,88,506,5,55,Intermediate,Algorithms,Low
6995,Consistent Learner,Operating Systems,3,44,82,11,79,590,6,45,Intermediate,Computer Networks,Low
6996,High Achiever,Database,4,78,100,15,88,875,6,108,Advanced,Machine Learning,Low
6997,Casual Learner,DSA,3,15,58,7,72,203,2,7,Intermediate,Data Structures,Medium
6998,Casual Learner,Computer Networks,2,33,61,8,62,382,3,7,Intermediate,Web Development,Medium
6999,Casual Learner,Computer Networks,2,33,72,8,73,263,2,18,Intermediate,Database Systems,Medium
7000,Struggling Student,Database,2,5,41,2,57,69,2,6,Beginner,Programming Basics,High
7001,Inactive Student,Operating Systems,1,3,9,2,12,24,0,0,Beginner,Introduction to C++,High
7002,High Achiever,DSA,5,58,98,13,90,859,6,81,Advanced,Advanced Algorithms,Low
7003,Consistent Learner,DSA,3,55,82,14,81,679,5,33,Intermediate,Algorithms,Low
7004,High Achiever,Web Development,4,80,93,14,100,958,7,117,Advanced,Advanced Algorithms,Low
7005,Consistent Learner,Web Development,3,49,89,10,88,551,6,26,Intermediate,Algorithms,Low
7006,Casual Learner,Operating Systems,3,26,54,4,75,212,3,24,Intermediate,Database Systems,Medium
7007,Struggling Student,DSA,2,11,28,6,49,148,1,4,Beginner,Programming Basics,High
7008,Inactive Student,Machine Learning,1,4,8,2,20,23,0,2,Beginner,Programming Basics,High
7009,Struggling Student,Database,2,18,39,4,44,81,2,2,Beginner,Introduction to C++,High
7010,High Achiever,DSA,5,78,93,14,93,1151,7,107,Advanced,Deep Learning,Low
7011,Struggling Student,DSA,1,16,26,3,40,104,2,2,Beginner,Programming Fundamentals,High
7012,Inactive Student,Programming,1,0,3,2,15,31,0,0,Beginner,Programming Fundamentals,High
7013,Inactive Student,Operating Systems,1,3,15,2,39,3,0,2,Beginner,Programming Basics,High
7014,Inactive Student,Computer Networks,1,2,20,0,9,4,0,0,Beginner,Programming Basics,High
7015,Casual Learner,Programming,2,16,66,7,66,236,2,6,Intermediate,Web Development,Medium
7016,Casual Learner,Programming,2,31,75,8,62,341,4,24,Intermediate,Web Development,Medium
7017,Inactive Student,Operating Systems,1,3,0,0,1,54,0,2,Beginner,Programming Fundamentals,High
7018,Casual Learner,Computer Networks,2,32,53,6,67,232,3,25,Intermediate,Web Development,Medium
7019,Casual Learner,Machine Learning,2,26,66,8,60,272,4,21,Intermediate,Database Systems,Medium
7020,Casual Learner,Operating Systems,3,31,51,7,73,322,3,23,Intermediate,Data Structures,Medium
7021,Consistent Learner,Database,4,43,83,9,81,576,6,53,Intermediate,Operating Systems,Low
7022,Inactive Student,Computer Networks,1,3,8,2,17,1,0,2,Beginner,Introduction to C++,High
7023,High Achiever,DSA,4,80,97,17,92,774,6,73,Advanced,Advanced Algorithms,Low
7024,Casual Learner,Programming,2,24,64,7,66,391,3,11,Intermediate,Web Development,Medium
7025,Casual Learner,Operating Systems,2,25,69,7,71,375,4,17,Intermediate,Database Systems,Medium
7026,Casual Learner,Computer Networks,2,23,51,5,68,317,3,15,Intermediate,Database Systems,Medium
7027,Consistent Learner,Web Development,4,53,81,13,80,613,4,33,Intermediate,Machine Learning,Low
7028,Consistent Learner,Web Development,3,51,77,8,90,583,6,44,Intermediate,Deep Learning,Low
7029,Struggling Student,Computer Networks,2,9,41,5,52,107,2,1,Beginner,Programming Fundamentals,High
7030,Casual Learner,Operating Systems,3,30,53,4,75,191,3,8,Intermediate,Data Structures,Medium
7031,Consistent Learner,Programming,3,40,81,14,85,613,4,44,Intermediate,Machine Learning,Low
7032,Casual Learner,Operating Systems,3,20,55,8,71,185,4,14,Intermediate,Database Systems,Medium
7033,Consistent Learner,Programming,4,52,84,12,87,433,6,26,Intermediate,Machine Learning,Low
7034,Consistent Learner,Web Development,4,49,87,12,79,621,6,33,Intermediate,Database Systems,Low
7035,Casual Learner,Computer Networks,2,35,51,8,75,239,4,6,Intermediate,Data Structures,Medium
7036,Casual Learner,Machine Learning,2,29,64,6,73,292,3,11,Intermediate,Data Structures,Medium
7037,Consistent Learner,Programming,4,36,85,10,85,415,4,32,Intermediate,Algorithms,Low
7038,Consistent Learner,Operating Systems,4,42,77,14,90,468,6,51,Intermediate,Advanced Algorithms,Low
7039,Consistent Learner,Web Development,3,38,86,9,83,410,4,45,Intermediate,Algorithms,Low
7040,Struggling Student,Programming,1,10,43,6,50,171,1,7,Beginner,Programming Basics,High
7041,Inactive Student,DSA,1,0,1,1,33,54,1,1,Beginner,Introduction to C++,High
7042,Casual Learner,Machine Learning,3,28,54,4,71,394,3,9,Intermediate,Data Structures,Medium
7043,Struggling Student,Programming,1,13,33,5,56,82,2,3,Beginner,Introduction to C++,High
7044,Consistent Learner,Database,3,37,77,10,89,625,6,36,Intermediate,Algorithms,Low
7045,Casual Learner,Programming,2,29,52,6,63,378,2,8,Intermediate,Web Development,Medium
7046,Consistent Learner,DSA,3,49,88,13,82,538,4,58,Intermediate,Machine Learning,Low
7047,Casual Learner,Database,3,18,67,8,72,343,4,11,Intermediate,Database Systems,Medium
7048,Inactive Student,Web Development,1,1,14,1,21,29,0,1,Beginner,Programming Fundamentals,High
7049,Inactive Student,Web Development,1,1,14,1,29,38,0,0,Beginner,Programming Fundamentals,High
7050,Casual Learner,Machine Learning,2,29,52,5,67,228,3,19,Intermediate,Web Development,Medium
7051,High Achiever,DSA,4,65,95,16,100,1090,6,68,Advanced,Deep Learning,Low
7052,Consistent Learner,Computer Networks,4,49,75,10,78,528,6,41,Intermediate,Computer Networks,Low
7053,Casual Learner,Web Development,2,21,62,6,66,218,2,16,Intermediate,Web Development,Medium
7054,Struggling Student,Programming,2,8,24,6,54,117,2,6,Beginner,Introduction to C++,High
7055,Struggling Student,Machine Learning,2,5,46,2,49,79,1,1,Beginner,Programming Fundamentals,High
7056,Casual Learner,Web Development,3,29,63,4,62,353,4,17,Intermediate,Web Development,Medium
7057,Casual Learner,Computer Networks,3,29,68,5,65,306,4,11,Intermediate,Database Systems,Medium
7058,Casual Learner,Programming,3,33,66,8,61,362,4,20,Intermediate,Web Development,Medium
7059,Casual Learner,Machine Learning,2,15,65,8,67,359,2,21,Intermediate,Object-Oriented Programming,Medium
7060,Struggling Student,Programming,1,11,48,3,48,60,1,2,Beginner,Programming Fundamentals,High
7061,Consistent Learner,Computer Networks,3,47,83,14,87,646,5,36,Intermediate,Machine Learning,Low
7062,Casual Learner,DSA,2,19,70,6,60,273,3,25,Intermediate,Database Systems,Medium
7063,Casual Learner,Machine Learning,3,31,67,4,71,327,3,13,Intermediate,Database Systems,Medium
7064,Consistent Learner,Programming,3,39,79,9,84,513,6,48,Intermediate,Algorithms,Low
7065,Inactive Student,Operating Systems,1,1,9,0,32,42,0,0,Beginner,Programming Basics,High
7066,Inactive Student,Web Development,1,1,8,2,10,34,1,0,Beginner,Programming Fundamentals,High
7067,Struggling Student,Web Development,2,10,35,3,56,147,2,4,Beginner,Programming Fundamentals,High
7068,Casual Learner,Operating Systems,2,20,54,4,75,215,2,15,Intermediate,Computer Networks,Medium
7069,Casual Learner,Computer Networks,2,25,62,4,65,227,2,13,Intermediate,Database Systems,Medium
7070,Casual Learner,DSA,2,35,72,4,67,380,4,11,Intermediate,Database Systems,Medium
7071,Casual Learner,Programming,2,27,67,6,60,337,4,18,Intermediate,Database Systems,Medium
7072,Inactive Student,DSA,1,4,7,2,23,20,1,0,Beginner,Introduction to C++,High
7073,Casual Learner,DSA,2,15,51,8,64,348,2,14,Intermediate,Database Systems,Medium
7074,Casual Learner,Computer Networks,2,22,51,7,63,180,4,16,Intermediate,Database Systems,Medium
7075,Casual Learner,Web Development,2,23,53,8,66,284,3,5,Intermediate,Database Systems,Medium
7076,Consistent Learner,Programming,4,38,78,12,79,493,4,38,Intermediate,Data Structures,Low
7077,Consistent Learner,Computer Networks,3,53,86,8,77,413,4,35,Intermediate,Data Structures,Low
7078,Consistent Learner,Computer Networks,3,38,81,12,79,676,5,52,Intermediate,Data Structures,Low
7079,Consistent Learner,DSA,4,42,85,8,80,470,4,37,Intermediate,Operating Systems,Low
7080,High Achiever,Operating Systems,4,56,91,17,91,1049,6,51,Advanced,Machine Learning,Low
7081,Consistent Learner,Web Development,4,40,77,14,84,526,6,40,Intermediate,Algorithms,Low
7082,Struggling Student,Machine Learning,2,16,42,2,59,169,2,2,Beginner,Introduction to C++,High
7083,Casual Learner,Programming,2,34,70,4,63,269,3,11,Intermediate,Web Development,Medium
7084,High Achiever,Web Development,5,56,91,16,89,1183,6,78,Advanced,Operating Systems,Low
7085,Inactive Student,Operating Systems,1,4,16,0,1,26,1,2,Beginner,Introduction to C++,High
7086,Consistent Learner,DSA,3,55,75,12,81,490,6,51,Intermediate,Algorithms,Low
7087,Casual Learner,Database,2,35,72,8,66,336,3,9,Intermediate,Database Systems,Medium
7088,Inactive Student,Computer Networks,1,5,4,0,40,20,1,1,Beginner,Introduction to C++,High
7089,Casual Learner,Web Development,2,28,64,4,64,298,4,14,Intermediate,Database Systems,Medium
7090,Struggling Student,Programming,1,5,31,6,54,76,2,4,Beginner,Programming Basics,High
7091,Casual Learner,DSA,3,35,68,7,61,297,4,11,Intermediate,Object-Oriented Programming,Medium
7092,Consistent Learner,Web Development,4,52,88,14,78,694,4,23,Intermediate,Computer Networks,Low
7093,Casual Learner,DSA,2,32,72,6,69,191,3,5,Intermediate,Object-Oriented Programming,Medium
7094,Casual Learner,Programming,3,27,75,8,68,261,4,6,Intermediate,Object-Oriented Programming,Medium
7095,Consistent Learner,Web Development,3,40,85,14,83,665,4,59,Intermediate,Algorithms,Low
7096,Casual Learner,Database,3,35,73,8,65,360,3,22,Intermediate,Object-Oriented Programming,Medium
7097,Consistent Learner,Web Development,3,45,88,10,89,449,5,29,Intermediate,Operating Systems,Low
7098,High Achiever,Web Development,4,65,93,15,92,1188,7,68,Advanced,Machine Learning,Low
7099,Casual Learner,Operating Systems,2,15,69,5,73,333,3,21,Intermediate,Computer Networks,Medium
7100,Casual Learner,DSA,2,16,72,5,61,308,3,9,Intermediate,Object-Oriented Programming,Medium
7101,Casual Learner,Web Development,3,25,69,8,60,228,3,13,Intermediate,Object-Oriented Programming,Medium
7102,Consistent Learner,Operating Systems,4,48,86,13,86,440,6,50,Intermediate,Operating Systems,Low
7103,Consistent Learner,DSA,4,36,83,10,84,688,6,28,Intermediate,Operating Systems,Low
7104,High Achiever,Database,5,65,95,16,97,744,6,107,Advanced,Machine Learning,Low
7105,High Achiever,Programming,5,77,99,16,97,850,7,56,Advanced,Machine Learning,Low
7106,Struggling Student,DSA,1,14,40,6,50,145,2,5,Beginner,Programming Basics,High
7107,Casual Learner,Machine Learning,3,22,50,6,70,390,4,15,Intermediate,Data Structures,Medium
7108,Casual Learner,Operating Systems,3,29,67,7,69,197,3,11,Intermediate,Web Development,Medium
7109,Casual Learner,DSA,2,15,73,6,65,269,2,10,Intermediate,Object-Oriented Programming,Medium
7110,High Achiever,Machine Learning,5,67,92,15,89,1192,6,95,Advanced,Machine Learning,Low
7111,Consistent Learner,Operating Systems,4,47,82,13,88,513,4,23,Intermediate,Operating Systems,Low
7112,Consistent Learner,Computer Networks,3,41,85,12,76,440,5,45,Intermediate,Database Systems,Low
7113,High Achiever,Computer Networks,5,79,95,18,97,846,6,73,Advanced,Deep Learning,Low
7114,Inactive Student,Web Development,1,1,10,2,9,44,0,2,Beginner,Programming Fundamentals,High
7115,Struggling Student,Web Development,1,10,44,5,54,93,1,7,Beginner,Programming Basics,High
7116,Struggling Student,Web Development,2,11,41,5,50,175,2,7,Beginner,Introduction to C++,High
7117,High Achiever,DSA,4,67,95,17,96,900,6,97,Advanced,Machine Learning,Low
7118,High Achiever,Web Development,5,69,99,18,97,815,6,75,Advanced,Advanced Algorithms,Low
7119,Casual Learner,DSA,2,24,59,5,73,333,2,21,Intermediate,Database Systems,Medium
7120,High Achiever,Web Development,4,77,98,15,95,1006,7,96,Advanced,Deep Learning,Low
7121,Casual Learner,Programming,3,21,57,5,73,369,2,8,Intermediate,Data Structures,Medium
7122,Inactive Student,Machine Learning,1,3,15,1,2,23,0,1,Beginner,Programming Fundamentals,High
7123,Inactive Student,Programming,1,1,10,2,6,27,1,1,Beginner,Programming Fundamentals,High
7124,Struggling Student,Machine Learning,1,15,41,5,43,125,2,7,Beginner,Introduction to C++,High
7125,Casual Learner,Operating Systems,3,27,50,8,71,399,3,17,Intermediate,Database Systems,Medium
7126,Casual Learner,Operating Systems,2,21,62,5,65,252,2,22,Intermediate,Database Systems,Medium
7127,Casual Learner,DSA,3,18,69,5,62,296,2,18,Intermediate,Database Systems,Medium
7128,Struggling Student,Database,2,11,34,3,59,67,2,1,Beginner,Introduction to C++,High
7129,Inactive Student,Web Development,1,5,15,0,12,26,1,2,Beginner,Introduction to C++,High
7130,Casual Learner,Database,3,28,63,6,75,340,2,18,Intermediate,Database Systems,Medium
7131,High Achiever,DSA,4,67,91,14,91,830,7,83,Advanced,Advanced Algorithms,Low
7132,Casual Learner,Database,3,34,52,7,73,249,4,10,Intermediate,Database Systems,Medium
7133,High Achiever,Operating Systems,4,55,99,17,98,944,6,111,Advanced,Machine Learning,Low
7134,Consistent Learner,Computer Networks,3,50,75,9,82,459,5,45,Intermediate,Machine Learning,Low
7135,Inactive Student,Programming,1,2,6,0,2,34,1,0,Beginner,Programming Fundamentals,High
7136,Casual Learner,Machine Learning,3,16,62,8,72,356,2,14,Intermediate,Computer Networks,Medium
7137,Casual Learner,Machine Learning,3,28,73,8,62,196,2,11,Intermediate,Object-Oriented Programming,Medium
7138,Inactive Student,Operating Systems,1,4,14,1,33,24,0,2,Beginner,Programming Fundamentals,High
7139,Casual Learner,Programming,3,16,75,6,68,205,3,7,Intermediate,Database Systems,Medium
7140,Casual Learner,Computer Networks,2,21,75,4,72,231,3,14,Intermediate,Computer Networks,Medium
7141,Consistent Learner,Machine Learning,4,37,75,10,75,663,6,20,Intermediate,Database Systems,Low
7142,Struggling Student,Web Development,2,18,41,6,56,150,2,6,Beginner,Programming Fundamentals,High
7143,Struggling Student,Database,1,7,29,6,47,124,2,2,Beginner,Programming Basics,High
7144,Casual Learner,Machine Learning,2,29,68,5,70,351,3,13,Intermediate,Computer Networks,Medium
7145,Consistent Learner,Operating Systems,3,45,89,14,81,431,4,57,Intermediate,Operating Systems,Low
7146,Casual Learner,DSA,3,17,74,6,71,383,4,19,Intermediate,Computer Networks,Medium
7147,Casual Learner,Operating Systems,3,26,73,7,73,238,3,11,Intermediate,Data Structures,Medium
7148,Consistent Learner,DSA,3,48,81,14,89,699,5,34,Intermediate,Algorithms,Low
7149,Inactive Student,DSA,1,1,6,2,22,25,0,1,Beginner,Programming Fundamentals,High
7150,Struggling Student,Database,2,5,43,2,43,102,1,4,Beginner,Introduction to C++,High
7151,Consistent Learner,Operating Systems,4,39,80,9,85,607,4,27,Intermediate,Algorithms,Low
7152,Consistent Learner,DSA,3,46,89,8,80,408,5,51,Intermediate,Machine Learning,Low
7153,Casual Learner,Operating Systems,2,22,70,8,73,180,3,21,Intermediate,Data Structures,Medium
7154,Casual Learner,Web Development,2,31,64,4,64,244,3,17,Intermediate,Database Systems,Medium
7155,Struggling Student,Database,1,6,41,2,55,110,1,8,Beginner,Programming Basics,High
7156,High Achiever,Computer Networks,5,56,98,18,95,856,7,69,Advanced,Advanced Algorithms,Low
7157,Inactive Student,Operating Systems,1,4,7,1,23,60,1,0,Beginner,Introduction to C++,High
7158,Struggling Student,Programming,2,15,40,5,46,91,2,1,Beginner,Introduction to C++,High
7159,Casual Learner,Programming,2,17,57,5,66,197,2,11,Intermediate,Object-Oriented Programming,Medium
7160,Consistent Learner,Web Development,4,40,88,12,84,625,4,22,Intermediate,Operating Systems,Low
7161,High Achiever,Machine Learning,4,61,95,12,91,1070,7,56,Advanced,Machine Learning,Low
7162,Casual Learner,Machine Learning,3,31,73,4,68,214,3,22,Intermediate,Database Systems,Medium
7163,Struggling Student,Programming,1,15,33,6,57,154,1,3,Beginner,Programming Basics,High
7164,Struggling Student,Database,1,15,32,5,57,104,2,4,Beginner,Programming Basics,High
7165,Inactive Student,Computer Networks,1,5,8,1,24,59,1,1,Beginner,Programming Fundamentals,High
7166,Consistent Learner,DSA,3,36,75,13,90,506,5,20,Intermediate,Machine Learning,Low
7167,Inactive Student,Web Development,1,3,9,1,17,14,1,0,Beginner,Programming Fundamentals,High
7168,Casual Learner,DSA,3,29,50,6,68,368,3,16,Intermediate,Database Systems,Medium
7169,Consistent Learner,DSA,4,55,90,13,83,488,4,23,Intermediate,Operating Systems,Low
7170,Consistent Learner,Operating Systems,3,46,84,13,89,535,6,52,Intermediate,Operating Systems,Low
7171,Casual Learner,Programming,2,31,74,7,61,317,2,19,Intermediate,Database Systems,Medium
7172,Struggling Student,DSA,1,15,42,6,57,171,2,7,Beginner,Introduction to C++,High
7173,Struggling Student,Web Development,1,5,47,4,45,121,1,4,Beginner,Programming Fundamentals,High
7174,Inactive Student,Operating Systems,1,2,9,2,33,56,1,2,Beginner,Programming Basics,High
7175,Casual Learner,DSA,2,26,56,7,67,244,3,25,Intermediate,Object-Oriented Programming,Medium
7176,Inactive Student,Computer Networks,1,3,15,2,2,16,1,2,Beginner,Programming Fundamentals,High
7177,Struggling Student,Machine Learning,1,10,40,4,48,104,1,3,Beginner,Introduction to C++,High
7178,Casual Learner,Database,2,24,67,4,74,246,3,23,Intermediate,Data Structures,Medium
7179,High Achiever,Machine Learning,4,58,90,17,96,1155,7,89,Advanced,Advanced Algorithms,Low
7180,Consistent Learner,Machine Learning,4,47,77,12,83,442,5,40,Intermediate,Operating Systems,Low
7181,Casual Learner,Database,2,30,67,7,69,377,4,8,Intermediate,Object-Oriented Programming,Medium
7182,Consistent Learner,Web Development,3,39,88,9,83,616,4,22,Intermediate,Algorithms,Low
7183,Inactive Student,Database,1,5,20,1,34,47,1,1,Beginner,Programming Basics,High
7184,Consistent Learner,Machine Learning,4,48,87,11,81,618,4,34,Intermediate,Algorithms,Low
7185,Struggling Student,Programming,1,9,30,6,53,70,2,5,Beginner,Introduction to C++,High
7186,Casual Learner,Machine Learning,3,23,72,4,71,196,4,24,Intermediate,Database Systems,Medium
7187,Casual Learner,Computer Networks,2,30,73,7,64,382,4,23,Intermediate,Web Development,Medium
7188,High Achiever,DSA,4,70,91,12,93,1003,7,41,Advanced,Machine Learning,Low
7189,Consistent Learner,Computer Networks,3,43,89,13,82,477,5,31,Intermediate,Algorithms,Low
7190,Consistent Learner,Computer Networks,4,45,78,8,88,468,5,56,Intermediate,Machine Learning,Low
7191,Inactive Student,Machine Learning,1,5,14,0,32,23,0,0,Beginner,Introduction to C++,High
7192,Casual Learner,Web Development,3,29,53,7,66,209,4,15,Intermediate,Web Development,Medium
7193,Inactive Student,Machine Learning,1,0,19,1,9,41,1,2,Beginner,Introduction to C++,High
7194,Struggling Student,Programming,1,13,43,6,42,132,1,4,Beginner,Programming Fundamentals,High
7195,Struggling Student,Operating Systems,2,5,46,3,53,142,1,4,Beginner,Introduction to C++,High
7196,Casual Learner,Computer Networks,3,24,70,5,71,345,3,6,Intermediate,Computer Networks,Medium
7197,Struggling Student,Operating Systems,2,7,47,2,49,138,2,5,Beginner,Programming Fundamentals,High
7198,Consistent Learner,Web Development,4,49,85,11,89,561,4,53,Intermediate,Machine Learning,Low
7199,Casual Learner,Machine Learning,2,24,60,5,64,352,3,7,Intermediate,Object-Oriented Programming,Medium
7200,Struggling Student,DSA,2,8,26,3,52,144,2,1,Beginner,Programming Fundamentals,High
7201,High Achiever,Computer Networks,5,64,94,20,97,1192,6,58,Advanced,Machine Learning,Low
7202,Casual Learner,DSA,3,22,61,8,63,326,2,7,Intermediate,Database Systems,Medium
7203,Casual Learner,Computer Networks,3,23,72,6,65,324,3,7,Intermediate,Object-Oriented Programming,Medium
7204,High Achiever,Database,4,76,98,19,88,718,6,113,Advanced,Algorithms,Low
7205,Consistent Learner,Database,4,46,79,8,79,477,5,45,Intermediate,Data Structures,Low
7206,Consistent Learner,DSA,4,48,79,14,79,419,5,46,Intermediate,Database Systems,Low
7207,Consistent Learner,Web Development,4,50,76,9,89,424,5,23,Intermediate,Algorithms,Low
7208,Struggling Student,Machine Learning,2,16,48,4,55,159,2,4,Beginner,Programming Fundamentals,High
7209,Struggling Student,Computer Networks,1,10,44,5,57,92,1,8,Beginner,Programming Basics,High
7210,Inactive Student,Web Development,1,5,2,2,35,22,1,2,Beginner,Programming Basics,High
7211,Casual Learner,Computer Networks,3,32,52,8,75,385,3,21,Intermediate,Data Structures,Medium
7212,Consistent Learner,Machine Learning,3,51,88,9,82,505,5,53,Intermediate,Machine Learning,Low
7213,High Achiever,Computer Networks,5,57,99,17,95,740,7,91,Advanced,Machine Learning,Low
7214,Struggling Student,Programming,1,18,20,4,55,150,1,5,Beginner,Programming Basics,High
7215,Casual Learner,Database,3,31,60,8,61,387,2,11,Intermediate,Database Systems,Medium
7216,Inactive Student,Machine Learning,1,3,2,1,27,54,0,2,Beginner,Programming Basics,High
7217,High Achiever,Operating Systems,5,75,94,14,91,941,6,97,Advanced,Advanced Algorithms,Low
7218,Casual Learner,DSA,2,23,65,4,62,217,3,5,Intermediate,Web Development,Medium
7219,Consistent Learner,Web Development,3,54,79,11,87,483,4,44,Intermediate,Algorithms,Low
7220,High Achiever,Programming,4,64,92,13,92,1066,7,95,Advanced,Machine Learning,Low
7221,High Achiever,Computer Networks,5,59,98,13,89,982,6,65,Advanced,Algorithms,Low
7222,Casual Learner,Computer Networks,3,21,61,8,62,229,4,16,Intermediate,Web Development,Medium
7223,Consistent Learner,Web Development,3,50,84,11,79,552,5,59,Intermediate,Data Structures,Low
7224,Casual Learner,Web Development,2,21,56,8,63,381,3,9,Intermediate,Object-Oriented Programming,Medium
7225,Struggling Student,Machine Learning,1,15,44,3,59,83,2,6,Beginner,Introduction to C++,High
7226,High Achiever,DSA,5,56,95,17,92,1112,7,43,Advanced,Deep Learning,Low
7227,Casual Learner,Web Development,3,26,56,5,69,208,2,18,Intermediate,Web Development,Medium
7228,High Achiever,Web Development,4,80,92,16,97,1014,6,75,Advanced,Advanced Algorithms,Low
7229,High Achiever,Computer Networks,5,58,97,20,95,963,7,103,Advanced,Deep Learning,Low
7230,Struggling Student,Computer Networks,2,5,20,4,50,156,2,6,Beginner,Introduction to C++,High
7231,Casual Learner,DSA,3,26,57,7,66,296,2,10,Intermediate,Database Systems,Medium
7232,Struggling Student,Computer Networks,2,8,34,3,48,99,2,8,Beginner,Programming Fundamentals,High
7233,Inactive Student,DSA,1,1,12,2,20,59,0,1,Beginner,Programming Fundamentals,High
7234,Struggling Student,DSA,2,14,25,2,41,134,1,3,Beginner,Introduction to C++,High
7235,Struggling Student,Machine Learning,2,8,47,4,41,77,2,1,Beginner,Programming Fundamentals,High
7236,Inactive Student,Database,1,1,16,2,38,30,0,1,Beginner,Programming Fundamentals,High
7237,Consistent Learner,Programming,3,50,83,12,87,655,6,28,Intermediate,Machine Learning,Low
7238,Struggling Student,Web Development,2,14,24,4,52,68,1,6,Beginner,Programming Fundamentals,High
7239,Inactive Student,Computer Networks,1,4,20,0,7,34,0,1,Beginner,Programming Fundamentals,High
7240,Consistent Learner,Web Development,4,35,85,8,85,452,5,57,Intermediate,Machine Learning,Low
7241,Casual Learner,Web Development,2,22,60,7,65,298,2,17,Intermediate,Object-Oriented Programming,Medium
7242,High Achiever,Database,4,56,99,13,95,1112,6,119,Advanced,Advanced Algorithms,Low
7243,Consistent Learner,Web Development,3,52,78,11,90,534,4,55,Intermediate,Advanced Algorithms,Low
7244,Casual Learner,Database,3,33,64,6,66,199,4,8,Intermediate,Database Systems,Medium
7245,Struggling Student,Database,2,16,22,5,49,87,1,3,Beginner,Programming Fundamentals,High
7246,Casual Learner,Web Development,3,15,51,8,74,244,2,22,Intermediate,Computer Networks,Medium
7247,Casual Learner,Operating Systems,2,32,71,7,71,305,2,23,Intermediate,Computer Networks,Medium
7248,Inactive Student,Machine Learning,1,3,5,2,12,3,1,1,Beginner,Programming Fundamentals,High
7249,Inactive Student,Operating Systems,1,3,17,1,6,24,1,2,Beginner,Introduction to C++,High
7250,High Achiever,Operating Systems,4,55,90,15,90,784,6,92,Advanced,Deep Learning,Low
7251,Casual Learner,Programming,3,35,63,7,65,337,4,12,Intermediate,Database Systems,Medium
7252,Struggling Student,Machine Learning,2,16,22,2,45,169,1,7,Beginner,Programming Basics,High
7253,Struggling Student,Machine Learning,1,7,33,4,59,171,1,1,Beginner,Programming Basics,High
7254,High Achiever,Programming,4,60,96,17,98,1100,6,96,Advanced,Deep Learning,Low
7255,Consistent Learner,Computer Networks,3,46,89,12,81,617,4,46,Intermediate,Operating Systems,Low
7256,High Achiever,DSA,4,65,93,14,93,770,7,46,Advanced,Machine Learning,Low
7257,High Achiever,Programming,4,60,93,12,95,808,6,49,Advanced,Advanced Algorithms,Low
7258,High Achiever,Programming,4,63,100,15,99,1096,7,84,Advanced,Machine Learning,Low
7259,Inactive Student,Programming,1,0,2,0,28,51,1,1,Beginner,Programming Basics,High
7260,Inactive Student,Programming,1,5,11,2,3,2,0,0,Beginner,Programming Fundamentals,High
7261,Casual Learner,Web Development,2,25,66,4,71,340,2,7,Intermediate,Computer Networks,Medium
7262,High Achiever,Operating Systems,5,55,100,16,89,784,6,83,Advanced,Algorithms,Low
7263,Struggling Student,Programming,1,13,34,4,41,126,1,7,Beginner,Introduction to C++,High
7264,Struggling Student,DSA,1,14,35,3,57,61,2,2,Beginner,Introduction to C++,High
7265,Casual Learner,DSA,3,18,69,4,61,250,3,8,Intermediate,Database Systems,Medium
7266,High Achiever,Web Development,4,80,97,17,100,909,6,45,Advanced,Advanced Algorithms,Low
7267,Consistent Learner,DSA,4,52,82,10,77,481,5,41,Intermediate,Data Structures,Low
7268,Inactive Student,Computer Networks,1,1,9,1,39,39,0,1,Beginner,Programming Basics,High
7269,Struggling Student,Computer Networks,1,16,41,4,55,103,1,2,Beginner,Introduction to C++,High
7270,Casual Learner,Database,3,21,70,7,68,395,2,25,Intermediate,Web Development,Medium
7271,Casual Learner,Machine Learning,3,31,67,4,63,319,3,16,Intermediate,Database Systems,Medium
7272,Casual Learner,Web Development,2,29,64,6,75,289,3,9,Intermediate,Database Systems,Medium
7273,High Achiever,Operating Systems,5,58,90,16,90,1098,6,71,Advanced,Machine Learning,Low
7274,Casual Learner,Computer Networks,3,22,67,7,64,399,4,7,Intermediate,Database Systems,Medium
7275,Casual Learner,Web Development,2,15,73,7,72,209,3,24,Intermediate,Data Structures,Medium
7276,High Achiever,Machine Learning,5,62,94,19,93,861,6,96,Advanced,Deep Learning,Low
7277,Inactive Student,Programming,1,2,9,1,15,48,1,1,Beginner,Introduction to C++,High
7278,Struggling Student,DSA,2,11,25,5,46,136,2,2,Beginner,Programming Fundamentals,High
7279,Inactive Student,Machine Learning,1,0,7,2,14,12,1,2,Beginner,Programming Fundamentals,High
7280,Casual Learner,Programming,3,25,55,8,65,298,3,20,Intermediate,Web Development,Medium
7281,Casual Learner,DSA,3,32,69,8,73,210,3,5,Intermediate,Data Structures,Medium
7282,High Achiever,Programming,4,62,100,19,96,927,6,109,Advanced,Deep Learning,Low
7283,Casual Learner,Operating Systems,3,31,70,8,65,326,2,6,Intermediate,Web Development,Medium
7284,High Achiever,Operating Systems,5,70,92,17,96,852,6,46,Advanced,Advanced Algorithms,Low
7285,Casual Learner,Operating Systems,3,20,70,6,60,329,3,18,Intermediate,Web Development,Medium
7286,Consistent Learner,Web Development,3,45,75,11,75,493,5,43,Intermediate,Computer Networks,Low
7287,Consistent Learner,Machine Learning,4,41,89,13,83,413,5,20,Intermediate,Machine Learning,Low
7288,Struggling Student,Machine Learning,1,7,28,2,53,146,1,8,Beginner,Introduction to C++,High
7289,Inactive Student,DSA,1,3,18,2,28,48,0,0,Beginner,Programming Fundamentals,High
7290,Struggling Student,Database,1,17,46,3,41,74,1,6,Beginner,Programming Basics,High
7291,Struggling Student,Machine Learning,2,9,34,2,48,127,2,6,Beginner,Programming Basics,High
7292,Consistent Learner,Programming,3,49,84,13,83,650,4,42,Intermediate,Machine Learning,Low
7293,Consistent Learner,DSA,4,38,85,13,75,405,5,36,Intermediate,Computer Networks,Low
7294,Casual Learner,Machine Learning,2,28,67,5,61,200,2,6,Intermediate,Object-Oriented Programming,Medium
7295,Struggling Student,Operating Systems,1,10,45,3,52,179,1,1,Beginner,Introduction to C++,High
7296,Casual Learner,Computer Networks,3,30,68,6,75,260,4,19,Intermediate,Data Structures,Medium
7297,Struggling Student,Machine Learning,2,14,45,5,44,107,1,1,Beginner,Introduction to C++,High
7298,Struggling Student,Web Development,1,11,30,6,54,162,2,3,Beginner,Programming Fundamentals,High
7299,Consistent Learner,Computer Networks,4,38,78,8,77,652,6,32,Intermediate,Data Structures,Low
7300,Inactive Student,Database,1,3,2,2,3,37,0,2,Beginner,Introduction to C++,High
7301,Casual Learner,Programming,3,28,61,8,62,314,4,12,Intermediate,Database Systems,Medium
7302,Struggling Student,Programming,2,6,40,5,42,76,2,6,Beginner,Programming Fundamentals,High
7303,High Achiever,Web Development,5,72,94,15,97,759,7,108,Advanced,Machine Learning,Low
7304,Struggling Student,Web Development,2,5,45,6,46,94,2,5,Beginner,Programming Basics,High
7305,Consistent Learner,DSA,4,45,77,8,89,631,4,51,Intermediate,Machine Learning,Low
7306,Struggling Student,Web Development,1,10,35,6,40,167,1,2,Beginner,Programming Fundamentals,High
7307,Casual Learner,Machine Learning,2,20,51,4,74,367,2,22,Intermediate,Computer Networks,Medium
7308,Casual Learner,Database,3,22,64,4,63,211,2,17,Intermediate,Web Development,Medium
7309,Casual Learner,Machine Learning,3,35,54,5,68,326,3,18,Intermediate,Object-Oriented Programming,Medium
7310,Inactive Student,Operating Systems,1,5,7,1,34,31,1,2,Beginner,Programming Fundamentals,High
7311,Consistent Learner,Programming,3,38,75,13,88,467,5,43,Intermediate,Algorithms,Low
7312,High Achiever,Programming,5,79,97,13,96,1183,6,89,Advanced,Deep Learning,Low
7313,High Achiever,Operating Systems,5,58,90,18,96,833,7,94,Advanced,Deep Learning,Low
7314,Consistent Learner,Web Development,4,52,83,8,84,494,6,57,Intermediate,Algorithms,Low
7315,Casual Learner,DSA,3,23,68,7,66,288,3,16,Intermediate,Database Systems,Medium
7316,Casual Learner,Programming,2,17,72,5,69,335,4,19,Intermediate,Database Systems,Medium
7317,Casual Learner,Database,2,25,61,7,64,211,4,12,Intermediate,Object-Oriented Programming,Medium
7318,Casual Learner,Machine Learning,2,22,68,7,67,385,4,6,Intermediate,Object-Oriented Programming,Medium
7319,Struggling Student,Machine Learning,1,14,34,5,55,152,1,3,Beginner,Programming Basics,High
7320,Casual Learner,Programming,2,21,61,4,67,228,3,18,Intermediate,Web Development,Medium
7321,Struggling Student,Machine Learning,2,18,39,4,59,78,2,4,Beginner,Introduction to C++,High
7322,Casual Learner,Database,3,30,56,5,69,264,3,8,Intermediate,Web Development,Medium
7323,Inactive Student,Operating Systems,1,2,8,2,27,34,1,1,Beginner,Programming Basics,High
7324,Inactive Student,Computer Networks,1,3,1,1,4,58,0,2,Beginner,Programming Basics,High
7325,Casual Learner,Programming,3,17,62,8,69,249,3,10,Intermediate,Web Development,Medium
7326,Inactive Student,DSA,1,4,12,0,11,17,1,0,Beginner,Programming Basics,High
7327,Consistent Learner,Machine Learning,4,45,83,11,78,484,4,22,Intermediate,Database Systems,Low
7328,Consistent Learner,Programming,4,52,76,12,76,594,6,31,Intermediate,Database Systems,Low
7329,High Achiever,Machine Learning,5,75,97,18,99,946,7,65,Advanced,Machine Learning,Low
7330,Inactive Student,Machine Learning,1,4,17,0,36,6,1,2,Beginner,Introduction to C++,High
7331,Casual Learner,Programming,3,31,66,6,63,329,4,14,Intermediate,Web Development,Medium
7332,Consistent Learner,Web Development,4,38,77,14,75,518,6,37,Intermediate,Database Systems,Low
7333,Casual Learner,Computer Networks,2,28,53,7,66,318,3,20,Intermediate,Object-Oriented Programming,Medium
7334,Casual Learner,Programming,3,22,65,4,74,223,2,22,Intermediate,Database Systems,Medium
7335,High Achiever,DSA,4,67,91,18,91,857,6,83,Advanced,Deep Learning,Low
7336,Consistent Learner,Machine Learning,4,54,75,14,78,643,5,30,Intermediate,Database Systems,Low
7337,High Achiever,Programming,4,69,95,17,88,849,6,81,Advanced,Machine Learning,Low
7338,Casual Learner,Database,2,19,65,7,60,199,4,16,Intermediate,Object-Oriented Programming,Medium
7339,Consistent Learner,Machine Learning,4,54,79,13,82,700,4,58,Intermediate,Algorithms,Low
7340,Inactive Student,Operating Systems,1,1,16,2,7,46,0,2,Beginner,Programming Fundamentals,High
7341,Inactive Student,Database,1,5,1,0,31,16,0,0,Beginner,Introduction to C++,High
7342,Consistent Learner,Computer Networks,4,41,80,9,90,596,4,60,Intermediate,Machine Learning,Low
7343,Consistent Learner,Web Development,3,53,83,10,79,546,5,31,Intermediate,Data Structures,Low
7344,Consistent Learner,Web Development,4,50,79,12,82,525,4,39,Intermediate,Operating Systems,Low
7345,Consistent Learner,Computer Networks,4,36,81,9,79,476,6,48,Intermediate,Database Systems,Low
7346,Consistent Learner,Web Development,4,51,81,10,83,436,5,34,Intermediate,Algorithms,Low
7347,Casual Learner,Operating Systems,2,31,74,4,64,253,4,9,Intermediate,Database Systems,Medium
7348,High Achiever,Operating Systems,4,74,96,15,93,1115,7,87,Advanced,Machine Learning,Low
7349,High Achiever,Computer Networks,4,59,90,15,97,950,7,119,Advanced,Advanced Algorithms,Low
7350,High Achiever,Programming,4,74,93,18,95,924,7,50,Advanced,Deep Learning,Low
7351,Inactive Student,Database,1,2,19,1,18,17,1,0,Beginner,Programming Fundamentals,High
7352,Inactive Student,Web Development,1,1,15,0,27,35,0,0,Beginner,Programming Basics,High
7353,Consistent Learner,Operating Systems,4,52,81,9,90,580,5,48,Intermediate,Advanced Algorithms,Low
7354,Casual Learner,Operating Systems,2,30,67,6,62,239,4,11,Intermediate,Object-Oriented Programming,Medium
7355,High Achiever,Web Development,5,61,91,14,94,829,7,88,Advanced,Advanced Algorithms,Low
7356,Struggling Student,Web Development,2,10,46,5,41,105,2,2,Beginner,Introduction to C++,High
7357,High Achiever,Machine Learning,4,75,98,15,91,1104,6,69,Advanced,Deep Learning,Low
7358,Consistent Learner,Operating Systems,4,45,75,8,81,571,6,39,Intermediate,Algorithms,Low
7359,Struggling Student,Programming,1,16,28,2,42,174,1,8,Beginner,Programming Basics,High
7360,Struggling Student,DSA,1,15,40,3,44,64,1,8,Beginner,Programming Basics,High
7361,Inactive Student,Machine Learning,1,1,4,2,27,49,0,1,Beginner,Programming Fundamentals,High
7362,Consistent Learner,Operating Systems,4,48,82,8,90,408,6,59,Intermediate,Deep Learning,Low
7363,Struggling Student,Machine Learning,2,17,27,6,59,125,2,6,Beginner,Introduction to C++,High
7364,Casual Learner,Programming,2,34,68,6,62,202,2,9,Intermediate,Web Development,Medium
7365,Inactive Student,Database,1,4,20,0,33,55,0,1,Beginner,Programming Basics,High
7366,Struggling Student,DSA,1,12,31,3,44,139,2,5,Beginner,Programming Fundamentals,High
7367,Struggling Student,DSA,1,5,42,2,47,152,1,7,Beginner,Introduction to C++,High
7368,Struggling Student,DSA,1,8,39,5,59,69,1,7,Beginner,Introduction to C++,High
7369,Consistent Learner,Computer Networks,3,37,85,8,87,550,6,36,Intermediate,Machine Learning,Low
7370,Struggling Student,Machine Learning,1,8,39,5,51,178,2,3,Beginner,Introduction to C++,High
7371,Casual Learner,Programming,2,15,59,7,60,230,2,10,Intermediate,Database Systems,Medium
7372,High Achiever,Programming,5,76,93,13,91,1055,7,119,Advanced,Deep Learning,Low
7373,Consistent Learner,Operating Systems,3,46,81,12,82,451,4,59,Intermediate,Operating Systems,Low
7374,High Achiever,Operating Systems,5,60,98,14,91,1077,7,55,Advanced,Deep Learning,Low
7375,High Achiever,Programming,4,76,99,19,90,1082,6,108,Advanced,Machine Learning,Low
7376,High Achiever,Operating Systems,4,56,91,17,100,750,6,93,Advanced,Machine Learning,Low
7377,Struggling Student,Machine Learning,2,17,36,4,58,121,1,5,Beginner,Programming Fundamentals,High
7378,Casual Learner,Computer Networks,2,33,64,7,72,396,3,12,Intermediate,Data Structures,Medium
7379,Inactive Student,Programming,1,4,9,1,12,4,1,0,Beginner,Programming Basics,High
7380,Inactive Student,Web Development,1,2,7,0,30,5,1,1,Beginner,Programming Fundamentals,High
7381,Consistent Learner,Computer Networks,4,35,90,11,79,500,4,28,Intermediate,Database Systems,Low
7382,Inactive Student,Database,1,0,18,2,17,58,1,1,Beginner,Programming Fundamentals,High
7383,Consistent Learner,Web Development,4,53,81,11,75,437,5,25,Intermediate,Database Systems,Low
7384,Struggling Student,Web Development,2,8,43,2,55,85,2,3,Beginner,Programming Basics,High
7385,Struggling Student,Computer Networks,2,12,31,6,48,127,1,7,Beginner,Programming Basics,High
7386,Casual Learner,Web Development,2,18,56,8,63,181,2,23,Intermediate,Database Systems,Medium
7387,Struggling Student,Machine Learning,1,7,41,3,47,146,2,7,Beginner,Programming Basics,High
7388,Consistent Learner,Operating Systems,3,39,82,14,84,467,4,46,Intermediate,Machine Learning,Low
7389,High Achiever,Programming,5,75,94,14,91,1157,6,86,Advanced,Deep Learning,Low
7390,Struggling Student,Operating Systems,2,17,34,5,53,61,2,2,Beginner,Programming Fundamentals,High
7391,Casual Learner,Database,2,30,58,5,69,224,2,5,Intermediate,Web Development,Medium
7392,Consistent Learner,Machine Learning,3,53,75,9,78,622,6,46,Intermediate,Database Systems,Low
7393,Consistent Learner,Machine Learning,3,39,87,13,90,549,6,55,Intermediate,Deep Learning,Low
7394,High Achiever,Computer Networks,4,69,96,18,89,775,7,102,Advanced,Operating Systems,Low
7395,Consistent Learner,Computer Networks,4,53,89,11,88,554,5,56,Intermediate,Algorithms,Low
7396,Inactive Student,Database,1,4,20,0,11,35,0,1,Beginner,Introduction to C++,High
7397,Casual Learner,Web Development,3,32,55,6,69,385,3,19,Intermediate,Database Systems,Medium
7398,Consistent Learner,Database,4,52,80,8,76,455,4,51,Intermediate,Computer Networks,Low
7399,Consistent Learner,DSA,4,40,77,9,90,466,6,36,Intermediate,Machine Learning,Low
7400,Struggling Student,Programming,2,11,43,4,47,172,2,3,Beginner,Programming Basics,High
7401,Casual Learner,Computer Networks,2,25,75,7,64,276,3,19,Intermediate,Web Development,Medium
7402,Casual Learner,Programming,2,19,73,4,66,189,3,11,Intermediate,Object-Oriented Programming,Medium
7403,High Achiever,Operating Systems,5,69,99,12,99,714,6,56,Advanced,Machine Learning,Low
7404,Struggling Student,DSA,1,8,36,6,49,67,2,6,Beginner,Introduction to C++,High
7405,High Achiever,Operating Systems,5,60,97,13,96,763,6,89,Advanced,Machine Learning,Low
7406,High Achiever,Machine Learning,5,64,94,20,88,921,7,97,Advanced,Operating Systems,Low
7407,Consistent Learner,Computer Networks,4,39,76,13,88,565,4,45,Intermediate,Machine Learning,Low
7408,High Achiever,Web Development,5,63,97,15,95,719,7,61,Advanced,Advanced Algorithms,Low
7409,High Achiever,Database,4,66,92,15,96,930,7,107,Advanced,Deep Learning,Low
7410,Struggling Student,Operating Systems,1,5,38,6,50,94,2,1,Beginner,Introduction to C++,High
7411,Casual Learner,DSA,3,35,65,7,67,351,2,21,Intermediate,Web Development,Medium
7412,High Achiever,DSA,5,64,100,15,98,809,7,45,Advanced,Deep Learning,Low
7413,Consistent Learner,DSA,4,48,76,9,76,655,4,48,Intermediate,Data Structures,Low
7414,Casual Learner,Web Development,3,32,51,5,62,291,4,25,Intermediate,Database Systems,Medium
7415,Casual Learner,Web Development,2,23,62,7,60,191,3,15,Intermediate,Web Development,Medium
7416,Struggling Student,Computer Networks,1,14,38,4,58,84,2,5,Beginner,Programming Fundamentals,High
7417,Struggling Student,Programming,2,6,31,6,41,83,2,3,Beginner,Introduction to C++,High
7418,Casual Learner,DSA,3,25,60,7,69,379,2,24,Intermediate,Database Systems,Medium
7419,Struggling Student,Computer Networks,1,13,40,6,41,115,2,1,Beginner,Programming Basics,High
7420,Casual Learner,Database,2,33,70,4,72,200,3,23,Intermediate,Data Structures,Medium
7421,High Achiever,Operating Systems,4,62,96,15,92,865,6,108,Advanced,Machine Learning,Low
7422,Consistent Learner,DSA,3,40,87,10,83,536,5,52,Intermediate,Algorithms,Low
7423,Casual Learner,Machine Learning,3,28,53,6,65,342,4,18,Intermediate,Web Development,Medium
7424,High Achiever,Machine Learning,4,66,96,19,92,1033,6,120,Advanced,Deep Learning,Low
7425,Casual Learner,Machine Learning,3,33,53,7,60,288,2,22,Intermediate,Object-Oriented Programming,Medium
7426,High Achiever,Web Development,4,67,90,14,99,1015,6,58,Advanced,Deep Learning,Low
7427,Inactive Student,Machine Learning,1,5,14,0,19,30,0,1,Beginner,Introduction to C++,High
7428,Consistent Learner,Web Development,4,36,75,14,75,493,4,56,Intermediate,Computer Networks,Low
7429,Casual Learner,Web Development,3,24,75,7,60,346,3,22,Intermediate,Database Systems,Medium
7430,Casual Learner,Programming,3,25,62,4,64,259,3,18,Intermediate,Object-Oriented Programming,Medium
7431,Consistent Learner,Machine Learning,4,37,79,14,86,434,5,28,Intermediate,Operating Systems,Low
7432,Struggling Student,Programming,1,11,49,2,48,82,1,5,Beginner,Introduction to C++,High
7433,Consistent Learner,Machine Learning,4,51,86,8,81,616,6,24,Intermediate,Operating Systems,Low
7434,Consistent Learner,Operating Systems,3,55,83,10,87,518,5,55,Intermediate,Algorithms,Low
7435,Struggling Student,Computer Networks,1,17,34,3,59,71,2,2,Beginner,Introduction to C++,High
7436,High Achiever,DSA,4,60,99,12,93,967,7,48,Advanced,Advanced Algorithms,Low
7437,Inactive Student,Web Development,1,5,20,2,10,24,0,0,Beginner,Programming Basics,High
7438,Inactive Student,Database,1,4,8,1,1,29,0,2,Beginner,Programming Fundamentals,High
7439,Consistent Learner,Database,3,38,82,12,85,483,4,30,Intermediate,Operating Systems,Low
7440,Consistent Learner,Programming,4,40,82,8,77,585,5,50,Intermediate,Computer Networks,Low
7441,Casual Learner,Computer Networks,2,23,69,8,67,200,4,10,Intermediate,Object-Oriented Programming,Medium
7442,Consistent Learner,Programming,4,42,85,14,84,525,6,30,Intermediate,Operating Systems,Low
7443,Consistent Learner,Operating Systems,3,39,81,12,89,667,6,37,Intermediate,Algorithms,Low
7444,High Achiever,Web Development,5,73,91,16,96,930,7,75,Advanced,Machine Learning,Low
7445,Casual Learner,Programming,2,33,55,4,63,316,4,20,Intermediate,Object-Oriented Programming,Medium
7446,Struggling Student,Web Development,1,7,44,6,44,164,2,1,Beginner,Programming Basics,High
7447,High Achiever,DSA,4,57,96,20,100,717,7,70,Advanced,Machine Learning,Low
7448,Inactive Student,Programming,1,4,14,1,40,41,0,1,Beginner,Introduction to C++,High
7449,Consistent Learner,Machine Learning,3,48,88,10,76,571,5,43,Intermediate,Database Systems,Low
7450,Consistent Learner,Programming,3,39,88,13,90,442,5,24,Intermediate,Deep Learning,Low
7451,High Achiever,Web Development,5,65,93,17,92,1149,6,51,Advanced,Advanced Algorithms,Low
7452,Casual Learner,Computer Networks,3,18,52,8,73,331,4,8,Intermediate,Database Systems,Medium
7453,Struggling Student,DSA,1,13,31,6,45,132,1,1,Beginner,Programming Basics,High
7454,Struggling Student,Computer Networks,2,14,24,3,58,94,2,8,Beginner,Introduction to C++,High
7455,Casual Learner,Web Development,3,18,53,8,71,298,2,6,Intermediate,Data Structures,Medium
7456,Struggling Student,Operating Systems,1,5,49,5,47,116,2,7,Beginner,Introduction to C++,High
7457,Consistent Learner,Operating Systems,4,38,85,10,90,484,6,22,Intermediate,Machine Learning,Low
7458,Consistent Learner,Computer Networks,3,52,88,14,85,436,5,44,Intermediate,Machine Learning,Low
7459,Inactive Student,Operating Systems,1,5,20,2,14,41,1,0,Beginner,Introduction to C++,High
7460,Consistent Learner,Operating Systems,3,47,81,10,82,461,4,27,Intermediate,Operating Systems,Low
7461,Consistent Learner,Computer Networks,3,35,78,9,80,539,6,47,Intermediate,Algorithms,Low
7462,Consistent Learner,Programming,3,35,81,10,75,632,5,25,Intermediate,Data Structures,Low
7463,Struggling Student,Programming,1,5,49,4,50,167,1,8,Beginner,Programming Fundamentals,High
7464,Consistent Learner,Web Development,3,51,84,10,82,566,6,37,Intermediate,Machine Learning,Low
7465,Casual Learner,Programming,3,27,55,5,61,182,2,19,Intermediate,Object-Oriented Programming,Medium
7466,Consistent Learner,Web Development,4,50,76,12,77,569,4,54,Intermediate,Computer Networks,Low
7467,High Achiever,Computer Networks,5,70,98,15,91,1094,7,107,Advanced,Machine Learning,Low
7468,Casual Learner,Database,3,27,58,6,71,294,3,12,Intermediate,Data Structures,Medium
7469,High Achiever,Programming,4,68,96,20,97,1060,7,79,Advanced,Machine Learning,Low
7470,Casual Learner,Web Development,2,23,66,8,62,225,3,16,Intermediate,Object-Oriented Programming,Medium
7471,Casual Learner,Computer Networks,3,26,56,8,75,325,3,13,Intermediate,Database Systems,Medium
7472,Consistent Learner,Programming,4,52,88,14,88,669,5,56,Intermediate,Algorithms,Low
7473,Casual Learner,DSA,3,23,60,5,66,394,4,9,Intermediate,Database Systems,Medium
7474,High Achiever,Operating Systems,4,61,90,20,99,998,6,57,Advanced,Machine Learning,Low
7475,Struggling Student,Computer Networks,2,8,39,5,43,155,2,1,Beginner,Programming Basics,High
7476,High Achiever,Operating Systems,4,73,94,13,92,1039,6,115,Advanced,Machine Learning,Low
7477,High Achiever,Machine Learning,5,56,91,19,95,1122,7,119,Advanced,Advanced Algorithms,Low
7478,Inactive Student,Machine Learning,1,1,16,0,8,18,1,0,Beginner,Programming Basics,High
7479,High Achiever,Computer Networks,5,77,97,12,98,1111,6,77,Advanced,Advanced Algorithms,Low
7480,High Achiever,Operating Systems,5,73,99,15,100,852,7,111,Advanced,Deep Learning,Low
7481,Casual Learner,DSA,3,23,73,7,74,335,2,5,Intermediate,Computer Networks,Medium
7482,Struggling Student,DSA,1,17,43,5,57,82,1,3,Beginner,Introduction to C++,High
7483,Casual Learner,Programming,2,27,73,8,68,397,3,14,Intermediate,Object-Oriented Programming,Medium
7484,Casual Learner,DSA,3,26,71,7,72,228,4,16,Intermediate,Computer Networks,Medium
7485,Struggling Student,Web Development,1,6,22,2,46,106,2,3,Beginner,Introduction to C++,High
7486,Casual Learner,Web Development,3,25,63,6,69,237,2,11,Intermediate,Object-Oriented Programming,Medium
7487,Inactive Student,Programming,1,5,11,1,4,12,1,2,Beginner,Programming Basics,High
7488,Consistent Learner,DSA,3,54,76,13,84,620,4,53,Intermediate,Machine Learning,Low
7489,Consistent Learner,Computer Networks,4,44,76,11,79,547,6,22,Intermediate,Computer Networks,Low
7490,High Achiever,Web Development,5,58,97,12,96,1108,7,111,Advanced,Machine Learning,Low
7491,Consistent Learner,Computer Networks,3,50,89,13,78,437,5,30,Intermediate,Database Systems,Low
7492,Consistent Learner,Programming,4,55,81,14,88,442,4,31,Intermediate,Algorithms,Low
7493,Consistent Learner,Operating Systems,4,42,80,14,80,499,5,31,Intermediate,Operating Systems,Low
7494,Casual Learner,Programming,3,33,69,4,63,382,2,11,Intermediate,Object-Oriented Programming,Medium
7495,Casual Learner,Web Development,3,17,75,8,72,297,2,23,Intermediate,Database Systems,Medium
7496,Casual Learner,Web Development,3,31,52,7,65,282,3,20,Intermediate,Object-Oriented Programming,Medium
7497,Struggling Student,Programming,2,17,37,3,53,144,2,8,Beginner,Programming Basics,High
7498,High Achiever,DSA,4,58,92,19,89,1041,6,50,Advanced,Machine Learning,Low
7499,High Achiever,Machine Learning,5,75,90,18,100,778,7,68,Advanced,Machine Learning,Low
7500,Struggling Student,Web Development,1,18,28,6,59,79,2,3,Beginner,Introduction to C++,High
7501,Casual Learner,Web Development,2,29,66,6,60,262,3,22,Intermediate,Database Systems,Medium
7502,Inactive Student,Computer Networks,1,0,4,0,26,6,0,2,Beginner,Introduction to C++,High
7503,Casual Learner,Web Development,2,30,50,4,68,248,4,21,Intermediate,Database Systems,Medium
7504,Casual Learner,Computer Networks,3,31,70,8,64,374,3,22,Intermediate,Object-Oriented Programming,Medium
7505,Inactive Student,DSA,1,5,11,2,32,14,0,2,Beginner,Programming Fundamentals,High
7506,Casual Learner,Programming,3,33,56,7,73,389,3,10,Intermediate,Data Structures,Medium
7507,Consistent Learner,Programming,3,47,77,8,77,469,6,29,Intermediate,Database Systems,Low
7508,Casual Learner,Web Development,3,21,69,8,66,305,3,25,Intermediate,Web Development,Medium
7509,Casual Learner,Operating Systems,2,28,74,6,65,291,4,18,Intermediate,Database Systems,Medium
7510,Casual Learner,Programming,2,23,54,5,70,348,2,20,Intermediate,Computer Networks,Medium
7511,Casual Learner,Database,2,24,51,7,62,359,4,17,Intermediate,Object-Oriented Programming,Medium
7512,Struggling Student,Web Development,2,11,28,5,56,151,2,7,Beginner,Programming Basics,High
7513,Casual Learner,Web Development,3,18,57,4,60,282,3,17,Intermediate,Object-Oriented Programming,Medium
7514,Struggling Student,Machine Learning,2,7,39,4,50,75,1,6,Beginner,Introduction to C++,High
7515,High Achiever,Machine Learning,4,57,100,16,100,966,6,91,Advanced,Advanced Algorithms,Low
7516,High Achiever,Web Development,5,73,95,12,91,1028,7,67,Advanced,Advanced Algorithms,Low
7517,Struggling Student,Web Development,1,8,35,4,40,102,2,4,Beginner,Programming Basics,High
7518,Inactive Student,Computer Networks,1,3,0,0,30,35,1,1,Beginner,Programming Fundamentals,High
7519,Inactive Student,Database,1,0,12,2,33,13,1,1,Beginner,Programming Fundamentals,High
7520,Struggling Student,Database,2,13,35,2,44,87,1,8,Beginner,Programming Fundamentals,High
7521,Struggling Student,Programming,2,11,29,2,40,112,2,5,Beginner,Programming Basics,High
7522,Consistent Learner,Web Development,4,54,85,13,79,546,6,21,Intermediate,Computer Networks,Low
7523,Casual Learner,Computer Networks,3,18,60,6,60,296,3,20,Intermediate,Database Systems,Medium
7524,Consistent Learner,Machine Learning,4,55,82,14,80,449,5,55,Intermediate,Algorithms,Low
7525,Casual Learner,Database,2,23,72,4,69,376,2,17,Intermediate,Database Systems,Medium
7526,Consistent Learner,Database,3,53,77,13,88,425,4,60,Intermediate,Algorithms,Low
7527,Struggling Student,DSA,2,15,30,5,55,172,1,7,Beginner,Introduction to C++,High
7528,High Achiever,DSA,5,77,91,19,100,978,6,78,Advanced,Advanced Algorithms,Low
7529,Casual Learner,Programming,3,26,73,8,72,206,3,18,Intermediate,Computer Networks,Medium
7530,Consistent Learner,Operating Systems,3,37,82,14,87,675,5,43,Intermediate,Machine Learning,Low
7531,Consistent Learner,Programming,3,40,90,11,90,406,6,36,Intermediate,Deep Learning,Low
7532,Consistent Learner,Web Development,3,52,87,12,84,432,4,58,Intermediate,Algorithms,Low
7533,Consistent Learner,Machine Learning,3,51,88,9,82,562,6,40,Intermediate,Operating Systems,Low
7534,Casual Learner,Database,2,29,51,8,66,201,4,7,Intermediate,Web Development,Medium
7535,Consistent Learner,Computer Networks,3,39,85,14,85,517,5,33,Intermediate,Operating Systems,Low
7536,High Achiever,Database,4,60,96,18,94,1056,6,45,Advanced,Deep Learning,Low
7537,Casual Learner,Database,3,28,75,4,60,361,2,21,Intermediate,Web Development,Medium
7538,Consistent Learner,Database,3,37,77,13,78,467,4,25,Intermediate,Database Systems,Low
7539,High Achiever,Operating Systems,5,57,95,17,100,830,6,99,Advanced,Advanced Algorithms,Low
7540,Casual Learner,Programming,3,17,51,6,71,214,4,22,Intermediate,Database Systems,Medium
7541,Casual Learner,Computer Networks,3,31,66,4,60,361,4,13,Intermediate,Web Development,Medium
7542,Casual Learner,DSA,3,15,60,4,71,392,3,17,Intermediate,Database Systems,Medium
7543,Inactive Student,Operating Systems,1,1,15,0,35,6,0,0,Beginner,Programming Basics,High
7544,Consistent Learner,Database,4,52,87,9,88,616,6,22,Intermediate,Algorithms,Low
7545,Casual Learner,Database,3,32,60,8,74,264,2,18,Intermediate,Database Systems,Medium
7546,Struggling Student,Operating Systems,2,5,46,2,51,112,1,5,Beginner,Introduction to C++,High
7547,Struggling Student,DSA,1,14,40,2,57,71,1,7,Beginner,Programming Basics,High
7548,Struggling Student,Machine Learning,2,7,39,3,58,152,2,7,Beginner,Programming Basics,High
7549,Consistent Learner,Programming,4,38,75,14,75,504,5,36,Intermediate,Computer Networks,Low
7550,Casual Learner,Machine Learning,2,18,75,5,60,338,3,24,Intermediate,Web Development,Medium
7551,Struggling Student,Programming,1,16,42,5,54,168,2,8,Beginner,Programming Basics,High
7552,Consistent Learner,Operating Systems,4,47,79,13,81,694,6,38,Intermediate,Machine Learning,Low
7553,Casual Learner,Web Development,2,24,60,7,71,338,4,5,Intermediate,Computer Networks,Medium
7554,Consistent Learner,Machine Learning,3,53,85,12,76,583,5,21,Intermediate,Data Structures,Low
7555,Struggling Student,Web Development,2,17,46,3,50,153,1,1,Beginner,Programming Basics,High
7556,High Achiever,Operating Systems,4,55,98,19,100,717,6,69,Advanced,Machine Learning,Low
7557,Struggling Student,DSA,2,11,35,5,53,145,2,8,Beginner,Programming Fundamentals,High
7558,High Achiever,Database,4,56,98,12,97,1038,6,40,Advanced,Deep Learning,Low
7559,Casual Learner,Machine Learning,3,30,55,5,69,377,4,15,Intermediate,Database Systems,Medium
7560,High Achiever,Operating Systems,5,56,93,16,91,844,6,96,Advanced,Machine Learning,Low
7561,Casual Learner,Programming,2,35,70,6,75,340,2,15,Intermediate,Computer Networks,Medium
7562,Consistent Learner,DSA,4,53,83,9,90,545,5,43,Intermediate,Machine Learning,Low
7563,Casual Learner,Web Development,3,21,68,8,65,309,3,11,Intermediate,Database Systems,Medium
7564,Inactive Student,Computer Networks,1,5,7,1,5,4,1,0,Beginner,Introduction to C++,High
7565,Casual Learner,Operating Systems,2,35,62,6,61,290,3,11,Intermediate,Web Development,Medium
7566,Consistent Learner,Programming,4,44,76,14,87,691,5,43,Intermediate,Algorithms,Low
7567,Consistent Learner,DSA,4,52,80,11,79,573,5,35,Intermediate,Computer Networks,Low
7568,Consistent Learner,Programming,3,39,83,14,77,446,5,50,Intermediate,Data Structures,Low
7569,Consistent Learner,Computer Networks,3,48,90,9,78,647,5,30,Intermediate,Data Structures,Low
7570,High Achiever,DSA,4,79,99,14,94,1081,6,93,Advanced,Machine Learning,Low
7571,Casual Learner,Web Development,2,30,56,8,71,273,2,12,Intermediate,Data Structures,Medium
7572,High Achiever,DSA,5,79,98,20,100,919,6,82,Advanced,Advanced Algorithms,Low
7573,Consistent Learner,DSA,3,35,90,14,86,593,5,39,Intermediate,Machine Learning,Low
7574,Consistent Learner,Computer Networks,4,36,87,10,79,469,5,46,Intermediate,Data Structures,Low
7575,Casual Learner,Database,2,28,50,5,63,219,2,24,Intermediate,Object-Oriented Programming,Medium
7576,Consistent Learner,DSA,3,52,77,10,85,541,4,35,Intermediate,Algorithms,Low
7577,Casual Learner,Database,2,25,58,7,68,226,2,16,Intermediate,Database Systems,Medium
7578,Casual Learner,Operating Systems,2,30,52,8,65,341,2,20,Intermediate,Database Systems,Medium
7579,Consistent Learner,Computer Networks,3,44,87,9,90,660,4,28,Intermediate,Advanced Algorithms,Low
7580,Casual Learner,Database,3,21,66,4,65,375,4,8,Intermediate,Web Development,Medium
7581,Casual Learner,Operating Systems,2,23,72,4,60,368,4,22,Intermediate,Web Development,Medium
7582,Inactive Student,Computer Networks,1,3,17,2,28,2,0,1,Beginner,Programming Basics,High
7583,High Achiever,Database,4,72,94,19,100,844,7,45,Advanced,Machine Learning,Low
7584,High Achiever,Database,4,75,91,14,90,783,7,78,Advanced,Advanced Algorithms,Low
7585,Inactive Student,DSA,1,1,14,0,19,40,1,2,Beginner,Programming Fundamentals,High
7586,Casual Learner,Operating Systems,2,22,66,8,66,257,3,18,Intermediate,Web Development,Medium
7587,Consistent Learner,Machine Learning,4,40,81,9,85,502,6,50,Intermediate,Machine Learning,Low
7588,Casual Learner,Operating Systems,2,20,70,7,74,196,3,14,Intermediate,Computer Networks,Medium
7589,Consistent Learner,Operating Systems,4,38,84,10,84,607,4,44,Intermediate,Algorithms,Low
7590,Consistent Learner,DSA,4,46,86,12,85,692,6,26,Intermediate,Operating Systems,Low
7591,Inactive Student,Computer Networks,1,4,18,0,14,59,1,1,Beginner,Introduction to C++,High
7592,Casual Learner,Database,3,34,68,6,70,234,4,24,Intermediate,Data Structures,Medium
7593,High Achiever,Operating Systems,4,62,90,20,91,774,6,63,Advanced,Machine Learning,Low
7594,Struggling Student,Operating Systems,2,6,48,5,53,77,2,2,Beginner,Programming Fundamentals,High
7595,Casual Learner,Operating Systems,2,35,50,5,67,235,2,9,Intermediate,Database Systems,Medium
7596,Consistent Learner,Operating Systems,3,55,78,8,76,627,5,59,Intermediate,Computer Networks,Low
7597,Casual Learner,Computer Networks,3,17,50,6,68,313,3,6,Intermediate,Database Systems,Medium
7598,Struggling Student,Operating Systems,1,5,37,5,53,112,2,2,Beginner,Introduction to C++,High
7599,Struggling Student,Machine Learning,1,11,24,3,47,158,1,4,Beginner,Introduction to C++,High
7600,Consistent Learner,Web Development,4,43,84,11,86,688,4,20,Intermediate,Machine Learning,Low
7601,Consistent Learner,Machine Learning,4,36,89,9,79,588,5,58,Intermediate,Data Structures,Low
7602,Casual Learner,Computer Networks,2,30,65,5,73,335,2,16,Intermediate,Data Structures,Medium
7603,Consistent Learner,DSA,3,54,87,11,79,631,4,41,Intermediate,Data Structures,Low
7604,Casual Learner,Programming,2,16,50,8,69,191,3,16,Intermediate,Web Development,Medium
7605,Casual Learner,DSA,2,30,54,6,70,331,4,12,Intermediate,Data Structures,Medium
7606,Casual Learner,Database,3,31,71,7,66,249,2,16,Intermediate,Object-Oriented Programming,Medium
7607,Casual Learner,Web Development,3,29,64,4,66,303,4,11,Intermediate,Database Systems,Medium
7608,Casual Learner,Web Development,3,19,67,4,66,284,3,8,Intermediate,Web Development,Medium
7609,Inactive Student,Machine Learning,1,4,8,2,25,47,1,0,Beginner,Programming Basics,High
7610,Consistent Learner,Database,4,51,79,9,81,539,6,49,Intermediate,Algorithms,Low
7611,Inactive Student,DSA,1,2,1,1,9,24,0,2,Beginner,Introduction to C++,High
7612,Casual Learner,Web Development,3,24,52,6,75,383,3,19,Intermediate,Computer Networks,Medium
7613,Consistent Learner,Machine Learning,4,38,82,11,75,677,6,53,Intermediate,Computer Networks,Low
7614,Inactive Student,Computer Networks,1,0,18,0,10,1,1,2,Beginner,Introduction to C++,High
7615,Consistent Learner,Computer Networks,3,50,86,14,86,466,5,34,Intermediate,Operating Systems,Low
7616,Inactive Student,Computer Networks,1,1,11,1,8,58,1,0,Beginner,Programming Basics,High
7617,Struggling Student,DSA,1,13,38,5,46,153,2,7,Beginner,Programming Basics,High
7618,Casual Learner,Web Development,3,16,56,5,64,382,2,25,Intermediate,Database Systems,Medium
7619,Struggling Student,Machine Learning,1,15,32,3,41,85,1,6,Beginner,Programming Fundamentals,High
7620,Struggling Student,Web Development,2,9,27,5,40,97,1,4,Beginner,Introduction to C++,High
7621,High Achiever,Machine Learning,4,69,95,12,94,1179,6,115,Advanced,Deep Learning,Low
7622,Struggling Student,Web Development,1,13,45,6,56,61,2,6,Beginner,Programming Basics,High
7623,Struggling Student,DSA,1,14,23,4,45,132,2,8,Beginner,Programming Basics,High
7624,Struggling Student,Web Development,2,11,45,6,52,154,1,7,Beginner,Introduction to C++,High
7625,Consistent Learner,Programming,3,49,78,9,89,633,6,36,Intermediate,Operating Systems,Low
7626,High Achiever,Web Development,5,65,98,20,96,766,6,116,Advanced,Machine Learning,Low
7627,Casual Learner,DSA,3,16,59,8,63,252,4,8,Intermediate,Web Development,Medium
7628,Inactive Student,Operating Systems,1,2,13,0,15,15,0,2,Beginner,Programming Fundamentals,High
7629,Consistent Learner,Web Development,4,40,76,8,82,631,4,39,Intermediate,Operating Systems,Low
7630,Casual Learner,Programming,3,18,73,8,71,202,2,6,Intermediate,Database Systems,Medium
7631,Consistent Learner,Database,3,54,76,13,75,501,5,59,Intermediate,Data Structures,Low
7632,Casual Learner,Database,3,35,51,8,66,328,4,9,Intermediate,Web Development,Medium
7633,Consistent Learner,DSA,3,41,76,11,82,654,4,46,Intermediate,Machine Learning,Low
7634,High Achiever,Machine Learning,5,79,96,13,90,1022,7,102,Advanced,Advanced Algorithms,Low
7635,Struggling Student,Computer Networks,1,18,42,3,46,84,1,7,Beginner,Programming Basics,High
7636,Struggling Student,Programming,1,15,44,4,52,90,1,2,Beginner,Introduction to C++,High
7637,Inactive Student,Operating Systems,1,1,3,1,13,3,0,1,Beginner,Programming Basics,High
7638,Consistent Learner,Operating Systems,4,37,89,11,78,486,6,52,Intermediate,Computer Networks,Low
7639,Consistent Learner,DSA,3,43,86,10,79,474,6,33,Intermediate,Computer Networks,Low
7640,Casual Learner,Computer Networks,3,30,66,4,72,225,2,13,Intermediate,Data Structures,Medium
7641,Casual Learner,Database,3,25,64,4,75,288,2,7,Intermediate,Computer Networks,Medium
7642,Consistent Learner,Programming,4,41,85,8,79,432,5,31,Intermediate,Data Structures,Low
7643,Inactive Student,Web Development,1,5,3,0,16,56,0,0,Beginner,Programming Fundamentals,High
7644,Inactive Student,Database,1,2,10,2,11,0,0,2,Beginner,Programming Fundamentals,High
7645,Consistent Learner,Programming,3,43,83,10,78,592,4,58,Intermediate,Database Systems,Low
7646,Struggling Student,Database,1,17,34,2,59,79,1,8,Beginner,Programming Fundamentals,High
7647,Struggling Student,Operating Systems,1,17,50,3,60,88,1,4,Beginner,Web Development,High
7648,Consistent Learner,Web Development,4,35,86,9,84,475,5,24,Intermediate,Machine Learning,Low
7649,High Achiever,DSA,5,71,98,13,98,780,6,87,Advanced,Deep Learning,Low
7650,Inactive Student,Database,1,1,8,2,36,39,0,0,Beginner,Programming Fundamentals,High
7651,Casual Learner,DSA,2,18,62,4,60,259,2,8,Intermediate,Web Development,Medium
7652,Inactive Student,Operating Systems,1,0,4,1,7,3,0,1,Beginner,Programming Fundamentals,High
7653,High Achiever,Computer Networks,4,78,99,18,95,836,7,116,Advanced,Deep Learning,Low
7654,Casual Learner,Programming,2,24,68,5,63,291,2,24,Intermediate,Object-Oriented Programming,Medium
7655,Casual Learner,Database,2,26,61,7,69,327,2,22,Intermediate,Database Systems,Medium
7656,Casual Learner,Web Development,2,30,64,4,70,265,3,14,Intermediate,Computer Networks,Medium
7657,Casual Learner,Web Development,3,22,54,5,68,379,3,23,Intermediate,Database Systems,Medium
7658,Consistent Learner,Operating Systems,3,45,88,8,81,481,5,32,Intermediate,Machine Learning,Low
7659,Consistent Learner,Machine Learning,3,48,80,8,84,662,4,36,Intermediate,Algorithms,Low
7660,High Achiever,Database,4,57,97,15,96,756,6,48,Advanced,Advanced Algorithms,Low
7661,Casual Learner,Machine Learning,3,22,73,5,65,252,3,8,Intermediate,Database Systems,Medium
7662,Casual Learner,Database,3,30,57,8,61,228,2,17,Intermediate,Web Development,Medium
7663,Casual Learner,DSA,2,32,74,8,71,344,4,13,Intermediate,Data Structures,Medium
7664,Casual Learner,Operating Systems,3,22,52,8,60,381,4,22,Intermediate,Database Systems,Medium
7665,Casual Learner,Computer Networks,2,23,62,8,73,361,3,15,Intermediate,Computer Networks,Medium
7666,Casual Learner,Machine Learning,3,16,52,6,69,218,4,9,Intermediate,Web Development,Medium
7667,Casual Learner,Programming,3,26,65,7,65,188,2,15,Intermediate,Web Development,Medium
7668,Consistent Learner,Operating Systems,3,52,88,10,82,560,6,35,Intermediate,Operating Systems,Low
7669,Consistent Learner,Programming,4,50,88,11,77,483,6,37,Intermediate,Computer Networks,Low
7670,Inactive Student,Computer Networks,1,0,2,1,14,40,0,2,Beginner,Programming Basics,High
7671,High Achiever,Web Development,4,80,97,15,94,904,6,46,Advanced,Deep Learning,Low
7672,Casual Learner,Operating Systems,2,30,54,6,68,296,2,23,Intermediate,Web Development,Medium
7673,Inactive Student,Web Development,1,3,8,1,0,29,0,1,Beginner,Programming Basics,High
7674,Consistent Learner,DSA,4,39,88,13,86,586,5,60,Intermediate,Machine Learning,Low
7675,Inactive Student,Web Development,1,3,16,0,7,10,0,0,Beginner,Introduction to C++,High
7676,Casual Learner,Database,3,26,57,4,68,185,3,13,Intermediate,Object-Oriented Programming,Medium
7677,Casual Learner,Machine Learning,2,31,64,5,74,399,2,20,Intermediate,Computer Networks,Medium
7678,Inactive Student,Machine Learning,1,5,6,0,22,39,0,1,Beginner,Programming Basics,High
7679,Consistent Learner,Database,4,52,79,9,79,678,6,20,Intermediate,Data Structures,Low
7680,Struggling Student,Programming,1,11,26,5,56,180,1,2,Beginner,Programming Fundamentals,High
7681,Casual Learner,Operating Systems,2,32,56,8,70,376,3,11,Intermediate,Database Systems,Medium
7682,Casual Learner,Operating Systems,3,17,54,8,69,194,2,21,Intermediate,Database Systems,Medium
7683,Struggling Student,Operating Systems,2,13,48,6,54,160,1,5,Beginner,Programming Fundamentals,High
7684,Struggling Student,Programming,1,17,23,6,60,119,1,3,Beginner,Object-Oriented Programming,High
7685,Struggling Student,Database,1,14,49,4,41,138,2,3,Beginner,Programming Basics,High
7686,Struggling Student,Database,2,5,41,4,58,157,1,4,Beginner,Programming Basics,High
7687,Inactive Student,DSA,1,3,16,1,13,42,0,1,Beginner,Programming Fundamentals,High
7688,Casual Learner,Database,2,34,70,8,70,325,4,21,Intermediate,Data Structures,Medium
7689,Consistent Learner,Machine Learning,3,45,85,8,86,575,5,51,Intermediate,Machine Learning,Low
7690,Casual Learner,DSA,2,29,56,4,61,286,2,17,Intermediate,Database Systems,Medium
7691,Casual Learner,Database,3,16,59,5,61,249,4,22,Intermediate,Web Development,Medium
7692,High Achiever,DSA,5,75,94,19,94,809,6,98,Advanced,Deep Learning,Low
7693,Struggling Student,Machine Learning,1,13,20,4,54,160,1,2,Beginner,Programming Basics,High
7694,Struggling Student,DSA,2,11,47,2,48,135,1,2,Beginner,Programming Fundamentals,High
7695,Casual Learner,Machine Learning,3,15,75,6,74,328,4,19,Intermediate,Data Structures,Medium
7696,High Achiever,Machine Learning,4,78,92,19,99,735,6,94,Advanced,Machine Learning,Low
7697,Struggling Student,DSA,2,10,35,6,49,69,1,4,Beginner,Programming Basics,High
7698,High Achiever,Programming,4,62,98,20,94,1015,6,111,Advanced,Deep Learning,Low
7699,Casual Learner,Programming,3,15,69,6,62,356,4,15,Intermediate,Database Systems,Medium
7700,Consistent Learner,Database,3,48,85,13,83,579,6,33,Intermediate,Operating Systems,Low
7701,Consistent Learner,Machine Learning,3,55,76,10,81,558,4,43,Intermediate,Algorithms,Low
7702,Consistent Learner,Operating Systems,4,53,80,14,81,421,6,54,Intermediate,Algorithms,Low
7703,Struggling Student,Web Development,1,9,31,5,51,69,1,1,Beginner,Introduction to C++,High
7704,Inactive Student,DSA,1,3,14,1,20,54,0,2,Beginner,Programming Basics,High
7705,Casual Learner,DSA,3,33,68,8,62,292,4,5,Intermediate,Web Development,Medium
7706,Struggling Student,DSA,2,6,30,3,44,117,1,8,Beginner,Programming Fundamentals,High
7707,Consistent Learner,DSA,4,41,88,8,89,456,5,55,Intermediate,Algorithms,Low
7708,Consistent Learner,Machine Learning,3,45,78,14,90,659,4,21,Intermediate,Deep Learning,Low
7709,Consistent Learner,Computer Networks,4,35,81,10,89,674,4,43,Intermediate,Machine Learning,Low
7710,Consistent Learner,Operating Systems,3,41,85,11,87,446,5,36,Intermediate,Machine Learning,Low
7711,High Achiever,Database,5,73,99,19,97,980,7,68,Advanced,Machine Learning,Low
7712,Struggling Student,DSA,1,12,42,6,42,74,1,8,Beginner,Introduction to C++,High
7713,Casual Learner,Database,2,27,61,5,60,225,4,5,Intermediate,Object-Oriented Programming,Medium
7714,Casual Learner,Computer Networks,3,26,70,5,66,220,2,14,Intermediate,Object-Oriented Programming,Medium
7715,Struggling Student,Computer Networks,2,7,24,4,54,175,1,5,Beginner,Programming Basics,High
7716,Casual Learner,Database,3,16,52,5,72,303,2,14,Intermediate,Database Systems,Medium
7717,High Achiever,Machine Learning,4,59,90,12,96,862,7,81,Advanced,Machine Learning,Low
7718,High Achiever,Machine Learning,4,60,96,16,92,1038,7,79,Advanced,Machine Learning,Low
7719,High Achiever,DSA,4,78,92,12,97,950,7,83,Advanced,Advanced Algorithms,Low
7720,Consistent Learner,Database,4,38,90,12,88,469,4,53,Intermediate,Operating Systems,Low
7721,Casual Learner,Web Development,3,34,56,6,66,224,4,13,Intermediate,Web Development,Medium
7722,High Achiever,Database,4,67,98,12,89,929,7,47,Advanced,Algorithms,Low
7723,Casual Learner,Database,3,29,61,4,67,345,2,18,Intermediate,Web Development,Medium
7724,Struggling Student,Operating Systems,1,10,34,3,53,114,2,1,Beginner,Programming Fundamentals,High
7725,Inactive Student,Computer Networks,1,3,17,0,7,11,0,0,Beginner,Programming Basics,High
7726,Casual Learner,Operating Systems,2,34,64,4,69,293,3,15,Intermediate,Web Development,Medium
7727,Consistent Learner,Operating Systems,4,36,85,8,81,651,4,24,Intermediate,Operating Systems,Low
7728,Consistent Learner,Database,3,52,75,12,84,685,4,57,Intermediate,Machine Learning,Low
7729,High Achiever,Computer Networks,5,68,92,12,100,1100,7,69,Advanced,Advanced Algorithms,Low
7730,Consistent Learner,DSA,3,38,86,14,87,518,5,32,Intermediate,Operating Systems,Low
7731,Struggling Student,Web Development,2,18,36,3,60,104,1,4,Beginner,Web Development,High
7732,High Achiever,Operating Systems,5,70,94,15,99,787,7,81,Advanced,Deep Learning,Low
7733,Consistent Learner,DSA,3,46,75,11,86,529,4,32,Intermediate,Operating Systems,Low
7734,Struggling Student,Web Development,2,18,28,3,44,133,2,3,Beginner,Programming Fundamentals,High
7735,Struggling Student,DSA,1,7,23,3,47,146,2,1,Beginner,Programming Fundamentals,High
7736,Consistent Learner,Computer Networks,3,51,90,14,76,492,6,47,Intermediate,Data Structures,Low
7737,High Achiever,Database,4,56,96,13,88,1086,7,53,Advanced,Algorithms,Low
7738,Struggling Student,Web Development,2,12,41,5,50,84,1,4,Beginner,Programming Fundamentals,High
7739,Consistent Learner,Computer Networks,4,50,81,11,84,474,4,48,Intermediate,Operating Systems,Low
7740,Consistent Learner,Operating Systems,4,40,80,12,75,536,6,34,Intermediate,Database Systems,Low
7741,Casual Learner,Web Development,3,20,73,5,61,374,4,22,Intermediate,Database Systems,Medium
7742,Casual Learner,Programming,2,31,51,8,63,301,3,15,Intermediate,Database Systems,Medium
7743,Struggling Student,Computer Networks,2,17,30,3,55,170,1,1,Beginner,Introduction to C++,High
7744,Inactive Student,Programming,1,1,6,0,24,49,0,2,Beginner,Introduction to C++,High
7745,Consistent Learner,Programming,3,47,79,11,90,425,4,55,Intermediate,Advanced Algorithms,Low
7746,Consistent Learner,Computer Networks,3,42,88,13,83,697,4,35,Intermediate,Machine Learning,Low
7747,Struggling Student,Web Development,1,11,36,6,59,122,1,4,Beginner,Programming Basics,High
7748,Casual Learner,Programming,2,17,67,6,71,249,2,16,Intermediate,Database Systems,Medium
7749,Struggling Student,Database,2,18,20,3,57,70,2,2,Beginner,Introduction to C++,High
7750,Struggling Student,Web Development,2,14,48,2,55,138,1,4,Beginner,Programming Basics,High
7751,Casual Learner,DSA,2,30,57,7,64,230,2,15,Intermediate,Database Systems,Medium
7752,Casual Learner,Operating Systems,2,29,55,7,73,389,4,12,Intermediate,Data Structures,Medium
7753,Struggling Student,Computer Networks,2,17,36,4,45,150,1,7,Beginner,Programming Basics,High
7754,Consistent Learner,Machine Learning,4,47,81,12,83,675,5,38,Intermediate,Algorithms,Low
7755,High Achiever,DSA,5,73,90,15,100,830,6,89,Advanced,Advanced Algorithms,Low
7756,Struggling Student,Web Development,1,9,28,4,57,86,1,5,Beginner,Programming Basics,High
7757,Inactive Student,Operating Systems,1,2,9,1,33,39,1,0,Beginner,Programming Basics,High
7758,Casual Learner,Computer Networks,3,30,75,5,72,307,3,25,Intermediate,Database Systems,Medium
7759,Casual Learner,Machine Learning,2,30,56,6,70,358,4,19,Intermediate,Data Structures,Medium
7760,High Achiever,Programming,5,71,90,18,93,865,6,62,Advanced,Deep Learning,Low
7761,Consistent Learner,DSA,3,41,77,10,88,550,4,22,Intermediate,Algorithms,Low
7762,High Achiever,Web Development,5,66,97,18,94,1087,7,84,Advanced,Advanced Algorithms,Low
7763,High Achiever,DSA,5,62,94,16,95,1180,7,88,Advanced,Advanced Algorithms,Low
7764,Consistent Learner,Web Development,4,48,82,11,88,461,4,20,Intermediate,Machine Learning,Low
7765,Inactive Student,Machine Learning,1,3,15,1,30,54,1,0,Beginner,Introduction to C++,High
7766,Casual Learner,Operating Systems,2,27,75,8,65,269,2,24,Intermediate,Web Development,Medium
7767,Inactive Student,Programming,1,2,11,1,21,50,0,2,Beginner,Programming Basics,High
7768,Casual Learner,Machine Learning,2,35,56,7,64,246,4,22,Intermediate,Object-Oriented Programming,Medium
7769,Struggling Student,Database,2,12,35,6,47,175,1,4,Beginner,Programming Fundamentals,High
7770,Consistent Learner,Computer Networks,3,39,89,12,87,480,6,44,Intermediate,Algorithms,Low
7771,Struggling Student,Operating Systems,1,9,49,2,47,100,1,4,Beginner,Programming Fundamentals,High
7772,Struggling Student,Web Development,2,6,29,2,45,62,1,2,Beginner,Programming Fundamentals,High
7773,High Achiever,Web Development,5,62,96,20,93,789,6,98,Advanced,Advanced Algorithms,Low
7774,Inactive Student,Web Development,1,3,3,0,21,21,1,2,Beginner,Programming Fundamentals,High
7775,Struggling Student,Operating Systems,1,13,47,4,40,60,1,2,Beginner,Programming Basics,High
7776,Consistent Learner,DSA,3,40,83,8,90,616,6,46,Intermediate,Deep Learning,Low
7777,Casual Learner,Computer Networks,2,34,67,7,72,254,3,11,Intermediate,Data Structures,Medium
7778,Casual Learner,Web Development,2,21,53,4,74,390,4,14,Intermediate,Database Systems,Medium
7779,Consistent Learner,DSA,3,36,90,11,89,497,6,43,Intermediate,Algorithms,Low
7780,Consistent Learner,Web Development,4,37,83,10,77,484,5,43,Intermediate,Database Systems,Low
7781,Struggling Student,Machine Learning,1,7,34,3,41,138,1,6,Beginner,Programming Basics,High
7782,Inactive Student,Programming,1,1,0,2,33,29,1,1,Beginner,Introduction to C++,High
7783,Inactive Student,Web Development,1,3,1,0,18,30,1,2,Beginner,Programming Fundamentals,High
7784,Casual Learner,Operating Systems,2,19,75,8,60,323,3,6,Intermediate,Object-Oriented Programming,Medium
7785,Consistent Learner,Programming,4,41,88,8,76,446,4,53,Intermediate,Data Structures,Low
7786,High Achiever,Database,4,65,100,14,100,929,6,45,Advanced,Advanced Algorithms,Low
7787,Consistent Learner,Programming,4,41,84,8,87,471,6,39,Intermediate,Algorithms,Low
7788,Struggling Student,Database,2,12,29,5,59,63,2,8,Beginner,Programming Fundamentals,High
7789,Consistent Learner,DSA,3,52,81,12,85,646,5,54,Intermediate,Machine Learning,Low
7790,Consistent Learner,Machine Learning,3,41,85,11,79,536,4,58,Intermediate,Database Systems,Low
7791,High Achiever,Operating Systems,5,62,91,20,98,998,6,99,Advanced,Advanced Algorithms,Low
7792,Consistent Learner,Operating Systems,4,48,90,13,87,632,6,32,Intermediate,Machine Learning,Low
7793,Casual Learner,Computer Networks,3,27,67,8,61,367,4,15,Intermediate,Web Development,Medium
7794,Casual Learner,Computer Networks,3,28,61,5,63,277,2,25,Intermediate,Web Development,Medium
7795,Consistent Learner,Web Development,4,43,75,8,76,568,4,25,Intermediate,Computer Networks,Low
7796,Consistent Learner,DSA,4,44,78,13,75,480,4,23,Intermediate,Database Systems,Low
7797,Casual Learner,Database,3,35,65,8,60,358,4,12,Intermediate,Database Systems,Medium
7798,High Achiever,Operating Systems,4,78,97,15,98,1168,6,96,Advanced,Deep Learning,Low
7799,Inactive Student,Programming,1,3,14,0,25,9,1,0,Beginner,Programming Fundamentals,High
7800,High Achiever,Computer Networks,5,78,100,14,94,1197,6,52,Advanced,Advanced Algorithms,Low
7801,Inactive Student,Machine Learning,1,5,1,2,20,58,1,2,Beginner,Programming Basics,High
7802,Struggling Student,Computer Networks,1,16,25,3,44,154,1,7,Beginner,Introduction to C++,High
7803,Casual Learner,DSA,3,25,71,6,61,200,4,20,Intermediate,Object-Oriented Programming,Medium
7804,High Achiever,Programming,4,55,92,19,90,791,6,90,Advanced,Machine Learning,Low
7805,Inactive Student,Web Development,1,2,20,0,39,38,0,2,Beginner,Programming Fundamentals,High
7806,High Achiever,Web Development,4,62,94,12,97,1064,7,108,Advanced,Deep Learning,Low
7807,Consistent Learner,Database,4,53,80,9,79,596,5,28,Intermediate,Database Systems,Low
7808,Consistent Learner,Computer Networks,4,47,82,12,75,629,5,28,Intermediate,Computer Networks,Low
7809,Consistent Learner,DSA,3,51,77,9,79,670,4,20,Intermediate,Data Structures,Low
7810,Struggling Student,Computer Networks,2,5,40,5,40,139,1,2,Beginner,Introduction to C++,High
7811,High Achiever,Computer Networks,4,77,93,18,89,781,6,115,Advanced,Algorithms,Low
7812,Consistent Learner,Programming,4,45,83,13,89,579,4,41,Intermediate,Algorithms,Low
7813,Consistent Learner,Machine Learning,4,52,89,9,86,410,5,49,Intermediate,Operating Systems,Low
7814,High Achiever,DSA,4,76,93,19,99,1080,6,114,Advanced,Machine Learning,Low
7815,Struggling Student,Programming,1,9,49,5,49,97,1,1,Beginner,Programming Fundamentals,High
7816,High Achiever,Computer Networks,4,62,99,17,96,814,6,57,Advanced,Advanced Algorithms,Low
7817,Casual Learner,Programming,2,18,55,8,62,309,3,25,Intermediate,Web Development,Medium
7818,Casual Learner,Computer Networks,3,24,60,8,61,243,4,6,Intermediate,Object-Oriented Programming,Medium
7819,Consistent Learner,Operating Systems,3,55,81,10,88,686,6,22,Intermediate,Machine Learning,Low
7820,Casual Learner,Programming,3,26,62,4,64,208,4,20,Intermediate,Database Systems,Medium
7821,Casual Learner,Web Development,3,20,56,6,61,291,4,22,Intermediate,Web Development,Medium
7822,Casual Learner,DSA,3,25,70,5,73,279,4,24,Intermediate,Computer Networks,Medium
7823,Casual Learner,Programming,3,21,73,6,64,206,4,5,Intermediate,Web Development,Medium
7824,Struggling Student,Machine Learning,1,6,32,6,56,77,1,8,Beginner,Programming Fundamentals,High
7825,Inactive Student,Machine Learning,1,5,11,0,19,8,0,1,Beginner,Introduction to C++,High
7826,Casual Learner,Programming,3,22,61,5,72,295,3,17,Intermediate,Database Systems,Medium
7827,Struggling Student,Machine Learning,1,10,27,2,46,110,1,1,Beginner,Programming Basics,High
7828,Struggling Student,Computer Networks,2,15,49,2,50,73,1,1,Beginner,Programming Basics,High
7829,Struggling Student,Computer Networks,2,5,21,6,57,155,2,3,Beginner,Introduction to C++,High
7830,Consistent Learner,Web Development,3,49,78,11,89,579,4,20,Intermediate,Machine Learning,Low
7831,Casual Learner,Operating Systems,3,23,52,6,75,367,2,12,Intermediate,Computer Networks,Medium
7832,Casual Learner,DSA,3,29,59,5,70,318,4,8,Intermediate,Computer Networks,Medium
7833,Struggling Student,Computer Networks,2,14,48,5,49,114,2,2,Beginner,Programming Fundamentals,High
7834,Casual Learner,Web Development,3,27,56,4,72,187,2,10,Intermediate,Computer Networks,Medium
7835,Casual Learner,Machine Learning,3,32,68,7,69,206,4,20,Intermediate,Object-Oriented Programming,Medium
7836,Casual Learner,DSA,3,19,66,8,64,308,2,21,Intermediate,Object-Oriented Programming,Medium
7837,Struggling Student,Programming,2,8,41,2,44,104,1,1,Beginner,Programming Basics,High
7838,Casual Learner,Operating Systems,2,24,55,7,61,318,3,22,Intermediate,Object-Oriented Programming,Medium
7839,Struggling Student,DSA,2,11,35,2,58,134,2,6,Beginner,Programming Fundamentals,High
7840,High Achiever,Web Development,4,67,91,15,89,1033,6,55,Advanced,Machine Learning,Low
7841,Inactive Student,Machine Learning,1,5,17,2,33,43,0,1,Beginner,Programming Fundamentals,High
7842,Consistent Learner,Web Development,4,54,90,10,79,482,4,34,Intermediate,Computer Networks,Low
7843,Inactive Student,Database,1,2,9,1,4,5,1,2,Beginner,Programming Fundamentals,High
7844,Struggling Student,Database,2,14,43,4,54,164,1,2,Beginner,Introduction to C++,High
7845,Struggling Student,Database,2,15,42,4,60,141,1,6,Beginner,Object-Oriented Programming,High
7846,Consistent Learner,Programming,4,45,77,13,81,437,4,29,Intermediate,Algorithms,Low
7847,Struggling Student,Machine Learning,1,16,32,5,41,98,1,6,Beginner,Introduction to C++,High
7848,Struggling Student,Programming,1,12,24,5,41,119,2,6,Beginner,Programming Basics,High
7849,Casual Learner,Database,2,35,63,6,61,193,3,22,Intermediate,Web Development,Medium
7850,Inactive Student,Database,1,2,11,0,8,32,0,1,Beginner,Programming Basics,High
7851,Casual Learner,Operating Systems,2,32,69,8,62,208,3,18,Intermediate,Database Systems,Medium
7852,Struggling Student,Machine Learning,2,7,41,4,56,155,1,3,Beginner,Introduction to C++,High
7853,Struggling Student,Database,2,9,42,6,51,139,1,4,Beginner,Programming Basics,High
7854,Inactive Student,Database,1,4,18,0,14,16,1,2,Beginner,Programming Basics,High
7855,Struggling Student,DSA,1,13,35,2,52,135,2,7,Beginner,Programming Fundamentals,High
7856,Casual Learner,Database,3,32,74,8,64,372,4,25,Intermediate,Object-Oriented Programming,Medium
7857,Consistent Learner,Operating Systems,4,48,76,11,79,568,5,56,Intermediate,Database Systems,Low
7858,Consistent Learner,Computer Networks,3,41,77,10,83,614,4,47,Intermediate,Machine Learning,Low
7859,Casual Learner,DSA,2,21,71,7,60,290,2,24,Intermediate,Database Systems,Medium
7860,Struggling Student,Machine Learning,2,9,34,3,55,77,2,6,Beginner,Introduction to C++,High
7861,Casual Learner,Web Development,3,25,52,4,69,315,4,12,Intermediate,Web Development,Medium
7862,Consistent Learner,DSA,4,41,88,8,77,559,5,51,Intermediate,Data Structures,Low
7863,Consistent Learner,Computer Networks,4,50,77,12,83,539,5,59,Intermediate,Machine Learning,Low
7864,Inactive Student,Machine Learning,1,3,2,1,2,56,1,1,Beginner,Introduction to C++,High
7865,High Achiever,Machine Learning,5,58,92,18,92,1121,6,81,Advanced,Machine Learning,Low
7866,Inactive Student,DSA,1,4,7,0,8,29,1,2,Beginner,Programming Fundamentals,High
7867,Casual Learner,Computer Networks,2,25,75,7,65,210,4,18,Intermediate,Database Systems,Medium
7868,Consistent Learner,Computer Networks,3,39,88,8,87,439,5,36,Intermediate,Operating Systems,Low
7869,Casual Learner,Computer Networks,3,26,70,5,65,294,4,23,Intermediate,Object-Oriented Programming,Medium
7870,Casual Learner,Programming,3,25,75,6,75,193,2,18,Intermediate,Computer Networks,Medium
7871,Casual Learner,DSA,2,35,54,8,73,347,2,5,Intermediate,Database Systems,Medium
7872,Struggling Student,Computer Networks,1,8,49,5,48,66,2,7,Beginner,Programming Basics,High
7873,Struggling Student,Operating Systems,1,12,22,3,57,130,1,7,Beginner,Programming Basics,High
7874,High Achiever,Computer Networks,5,79,98,19,90,891,7,45,Advanced,Deep Learning,Low
7875,Casual Learner,Computer Networks,3,32,66,4,73,309,2,5,Intermediate,Database Systems,Medium
7876,Consistent Learner,Operating Systems,3,39,89,11,81,457,5,49,Intermediate,Machine Learning,Low
7877,Casual Learner,Operating Systems,2,30,67,8,68,228,3,22,Intermediate,Web Development,Medium
7878,Casual Learner,DSA,3,19,64,6,62,249,2,17,Intermediate,Database Systems,Medium
7879,Struggling Student,Computer Networks,2,13,20,6,60,107,1,2,Beginner,Database Systems,High
7880,Struggling Student,Web Development,1,10,39,4,57,161,2,6,Beginner,Programming Basics,High
7881,Struggling Student,Programming,2,15,40,3,45,128,2,6,Beginner,Introduction to C++,High
7882,Struggling Student,Machine Learning,1,7,24,6,42,141,2,2,Beginner,Programming Basics,High
7883,Casual Learner,DSA,2,33,58,4,66,231,3,23,Intermediate,Web Development,Medium
7884,Casual Learner,Database,2,21,62,7,67,271,4,22,Intermediate,Database Systems,Medium
7885,Consistent Learner,Machine Learning,3,52,88,11,78,507,6,29,Intermediate,Data Structures,Low
7886,Casual Learner,Programming,2,34,63,7,72,351,3,19,Intermediate,Database Systems,Medium
7887,Casual Learner,Computer Networks,2,22,61,7,72,243,4,21,Intermediate,Computer Networks,Medium
7888,Struggling Student,Operating Systems,1,13,25,3,54,61,2,8,Beginner,Introduction to C++,High
7889,Casual Learner,DSA,2,32,59,5,70,195,3,19,Intermediate,Data Structures,Medium
7890,Casual Learner,DSA,3,32,52,4,68,288,2,17,Intermediate,Web Development,Medium
7891,Consistent Learner,Computer Networks,3,37,86,14,84,592,4,28,Intermediate,Algorithms,Low
7892,Consistent Learner,Machine Learning,3,40,80,12,88,628,4,26,Intermediate,Operating Systems,Low
7893,Casual Learner,Computer Networks,2,35,70,8,68,388,4,9,Intermediate,Web Development,Medium
7894,Casual Learner,Computer Networks,3,18,53,8,70,359,4,6,Intermediate,Data Structures,Medium
7895,High Achiever,Computer Networks,4,57,95,14,89,1041,6,112,Advanced,Machine Learning,Low
7896,High Achiever,Database,4,56,91,20,99,1116,7,69,Advanced,Deep Learning,Low
7897,Struggling Student,Machine Learning,2,17,27,2,59,126,1,7,Beginner,Introduction to C++,High
7898,Casual Learner,Web Development,2,31,51,4,73,358,3,22,Intermediate,Database Systems,Medium
7899,Struggling Student,Web Development,1,7,41,4,51,96,1,6,Beginner,Programming Basics,High
7900,Casual Learner,Web Development,3,28,66,4,70,246,4,5,Intermediate,Computer Networks,Medium
7901,Casual Learner,Operating Systems,3,20,53,7,75,226,4,23,Intermediate,Database Systems,Medium
7902,High Achiever,DSA,4,62,100,16,99,1103,7,101,Advanced,Machine Learning,Low
7903,Casual Learner,Database,3,17,71,7,66,215,3,14,Intermediate,Object-Oriented Programming,Medium
7904,High Achiever,Web Development,5,78,100,18,95,1134,7,120,Advanced,Machine Learning,Low
7905,Inactive Student,Programming,1,5,16,2,19,29,1,1,Beginner,Programming Fundamentals,High
7906,Casual Learner,Computer Networks,3,21,61,8,72,186,3,7,Intermediate,Data Structures,Medium
7907,Consistent Learner,Operating Systems,3,52,83,13,90,595,5,29,Intermediate,Machine Learning,Low
7908,Struggling Student,Database,2,7,25,4,54,75,1,4,Beginner,Programming Fundamentals,High
7909,Inactive Student,Machine Learning,1,4,2,2,18,40,0,1,Beginner,Programming Basics,High
7910,High Achiever,Database,5,75,98,14,94,730,7,44,Advanced,Machine Learning,Low
7911,Struggling Student,Database,1,12,42,6,54,103,1,3,Beginner,Programming Basics,High
7912,Casual Learner,Programming,3,28,65,7,69,397,4,7,Intermediate,Web Development,Medium
7913,Casual Learner,DSA,2,35,52,7,66,356,4,18,Intermediate,Web Development,Medium
7914,Inactive Student,Database,1,1,13,0,13,27,0,2,Beginner,Programming Fundamentals,High
7915,High Achiever,DSA,5,65,99,18,93,934,6,99,Advanced,Machine Learning,Low
7916,Casual Learner,Operating Systems,2,31,75,6,63,365,3,19,Intermediate,Database Systems,Medium
7917,Consistent Learner,Operating Systems,3,51,76,9,87,650,4,58,Intermediate,Machine Learning,Low
7918,Casual Learner,Machine Learning,3,29,71,7,62,370,3,13,Intermediate,Object-Oriented Programming,Medium
7919,Casual Learner,Database,3,16,58,8,62,218,4,12,Intermediate,Database Systems,Medium
7920,Struggling Student,Operating Systems,1,7,36,2,45,137,2,1,Beginner,Programming Basics,High
7921,Consistent Learner,Database,4,39,76,12,88,650,4,54,Intermediate,Operating Systems,Low
7922,Inactive Student,Web Development,1,3,11,0,39,27,1,0,Beginner,Introduction to C++,High
7923,Struggling Student,Web Development,1,8,47,6,45,121,2,2,Beginner,Introduction to C++,High
7924,Consistent Learner,Machine Learning,3,54,89,13,85,400,5,34,Intermediate,Algorithms,Low
7925,Casual Learner,Computer Networks,2,21,62,4,63,255,3,20,Intermediate,Object-Oriented Programming,Medium
7926,Consistent Learner,Programming,3,50,76,9,80,486,5,52,Intermediate,Operating Systems,Low
7927,High Achiever,Web Development,4,64,93,19,92,876,7,97,Advanced,Advanced Algorithms,Low
7928,Consistent Learner,Operating Systems,3,53,84,8,77,692,4,51,Intermediate,Database Systems,Low
7929,Inactive Student,Operating Systems,1,2,16,0,31,28,1,2,Beginner,Introduction to C++,High
7930,Inactive Student,Web Development,1,4,5,0,29,42,0,0,Beginner,Programming Fundamentals,High
7931,Consistent Learner,Computer Networks,4,49,86,12,85,647,6,60,Intermediate,Machine Learning,Low
7932,Consistent Learner,Web Development,3,37,81,10,78,637,4,55,Intermediate,Database Systems,Low
7933,Inactive Student,Web Development,1,2,1,2,7,29,0,0,Beginner,Programming Fundamentals,High
7934,Inactive Student,Web Development,1,0,6,1,10,18,0,2,Beginner,Programming Basics,High
7935,Casual Learner,Database,3,22,75,8,68,260,3,14,Intermediate,Object-Oriented Programming,Medium
7936,Casual Learner,Operating Systems,3,19,58,6,74,268,2,24,Intermediate,Computer Networks,Medium
7937,Casual Learner,Computer Networks,2,16,52,6,64,336,2,11,Intermediate,Database Systems,Medium
7938,Casual Learner,Operating Systems,2,26,71,8,72,316,3,15,Intermediate,Data Structures,Medium
7939,Consistent Learner,Programming,3,37,87,10,85,669,5,42,Intermediate,Algorithms,Low
7940,High Achiever,Programming,4,65,95,17,96,752,6,46,Advanced,Deep Learning,Low
7941,Consistent Learner,Programming,4,48,90,11,80,453,4,47,Intermediate,Algorithms,Low
7942,High Achiever,Operating Systems,5,78,93,20,88,1169,6,94,Advanced,Algorithms,Low
7943,Struggling Student,Machine Learning,1,12,36,3,47,114,1,1,Beginner,Programming Fundamentals,High
7944,Casual Learner,Computer Networks,3,31,64,5,62,327,2,17,Intermediate,Object-Oriented Programming,Medium
7945,Casual Learner,Computer Networks,2,28,60,4,73,319,2,5,Intermediate,Database Systems,Medium
7946,Struggling Student,DSA,1,10,26,4,55,173,1,1,Beginner,Programming Fundamentals,High
7947,Consistent Learner,Machine Learning,4,37,90,8,80,405,4,42,Intermediate,Machine Learning,Low
7948,Inactive Student,Database,1,0,20,0,34,28,0,0,Beginner,Programming Fundamentals,High
7949,Consistent Learner,DSA,4,39,82,9,86,577,6,36,Intermediate,Algorithms,Low
7950,Casual Learner,Database,2,21,55,4,65,353,3,11,Intermediate,Object-Oriented Programming,Medium
7951,High Achiever,Machine Learning,4,62,90,15,94,1022,6,70,Advanced,Machine Learning,Low
7952,High Achiever,Web Development,5,78,99,12,92,1120,7,73,Advanced,Deep Learning,Low
7953,Casual Learner,Computer Networks,2,15,69,8,63,210,2,19,Intermediate,Web Development,Medium
7954,Struggling Student,Programming,2,11,46,5,55,127,2,6,Beginner,Programming Basics,High
7955,Inactive Student,DSA,1,2,20,2,12,46,0,1,Beginner,Programming Fundamentals,High
7956,Struggling Student,Machine Learning,2,8,34,2,42,146,1,1,Beginner,Programming Basics,High
7957,Consistent Learner,Web Development,3,41,87,9,90,567,4,46,Intermediate,Machine Learning,Low
7958,Consistent Learner,DSA,3,46,78,14,78,602,4,50,Intermediate,Computer Networks,Low
7959,Struggling Student,Operating Systems,2,18,31,5,60,90,2,3,Beginner,Database Systems,High
7960,Struggling Student,DSA,1,8,28,3,53,160,1,3,Beginner,Introduction to C++,High
7961,Struggling Student,DSA,1,11,48,6,59,76,2,3,Beginner,Programming Fundamentals,High
7962,Casual Learner,Programming,2,20,69,6,60,184,4,20,Intermediate,Database Systems,Medium
7963,High Achiever,Programming,4,79,92,15,97,1022,7,41,Advanced,Advanced Algorithms,Low
7964,Struggling Student,Machine Learning,2,10,33,5,57,132,2,7,Beginner,Introduction to C++,High
7965,Struggling Student,Database,1,17,46,5,42,86,1,4,Beginner,Programming Basics,High
7966,Struggling Student,DSA,2,9,25,3,43,87,2,4,Beginner,Programming Basics,High
7967,High Achiever,Operating Systems,4,62,90,12,98,725,7,61,Advanced,Advanced Algorithms,Low
7968,Consistent Learner,Programming,3,35,79,12,81,400,6,41,Intermediate,Operating Systems,Low
7969,Casual Learner,DSA,2,20,50,7,71,219,2,5,Intermediate,Computer Networks,Medium
7970,Consistent Learner,Database,4,54,81,8,88,403,5,30,Intermediate,Algorithms,Low
7971,Struggling Student,Operating Systems,1,9,27,6,55,96,2,4,Beginner,Introduction to C++,High
7972,Struggling Student,Programming,2,8,31,6,53,76,2,7,Beginner,Programming Basics,High
7973,High Achiever,Computer Networks,5,67,93,14,93,770,7,71,Advanced,Advanced Algorithms,Low
7974,Casual Learner,Web Development,3,23,67,8,62,239,4,8,Intermediate,Database Systems,Medium
7975,High Achiever,Programming,4,70,95,18,97,1184,7,48,Advanced,Deep Learning,Low
7976,Consistent Learner,Operating Systems,4,35,78,9,90,687,5,30,Intermediate,Advanced Algorithms,Low
7977,Consistent Learner,Computer Networks,3,49,78,12,83,495,6,38,Intermediate,Algorithms,Low
7978,Struggling Student,Computer Networks,2,11,41,3,56,61,1,6,Beginner,Programming Basics,High
7979,High Achiever,Operating Systems,4,56,94,13,94,836,7,51,Advanced,Deep Learning,Low
7980,Consistent Learner,Operating Systems,4,43,90,14,76,496,4,27,Intermediate,Computer Networks,Low
7981,Casual Learner,DSA,3,16,73,8,68,222,2,16,Intermediate,Web Development,Medium
7982,Consistent Learner,DSA,3,48,76,11,77,516,5,60,Intermediate,Database Systems,Low
7983,Consistent Learner,Computer Networks,4,39,79,10,84,621,4,47,Intermediate,Machine Learning,Low
7984,Consistent Learner,Programming,4,50,89,9,82,573,6,42,Intermediate,Algorithms,Low
7985,Inactive Student,DSA,1,3,8,2,35,18,1,2,Beginner,Programming Fundamentals,High
7986,Consistent Learner,Programming,4,53,83,10,87,450,5,34,Intermediate,Machine Learning,Low
7987,Consistent Learner,Programming,4,51,84,10,90,401,5,51,Intermediate,Deep Learning,Low
7988,High Achiever,Computer Networks,4,76,92,18,88,778,7,46,Advanced,Algorithms,Low
7989,Struggling Student,Web Development,1,6,20,5,49,125,1,3,Beginner,Programming Basics,High
7990,High Achiever,Database,5,73,99,20,88,731,6,76,Advanced,Operating Systems,Low
7991,Consistent Learner,Computer Networks,4,47,85,10,77,434,4,37,Intermediate,Computer Networks,Low
7992,Consistent Learner,DSA,4,36,88,14,77,527,6,31,Intermediate,Computer Networks,Low
7993,High Achiever,Computer Networks,4,78,99,17,90,1052,6,111,Advanced,Deep Learning,Low
7994,Casual Learner,Machine Learning,2,21,75,8,73,303,3,18,Intermediate,Computer Networks,Medium
7995,Casual Learner,Computer Networks,3,33,59,8,72,237,3,22,Intermediate,Database Systems,Medium
7996,Struggling Student,Computer Networks,2,10,38,5,43,174,1,8,Beginner,Programming Fundamentals,High
7997,High Achiever,Computer Networks,4,71,97,12,94,801,6,101,Advanced,Advanced Algorithms,Low
7998,Casual Learner,Web Development,3,29,54,7,74,364,2,10,Intermediate,Database Systems,Medium
7999,Struggling Student,Programming,1,11,22,4,59,88,2,5,Beginner,Programming Basics,High
8000,Casual Learner,Web Development,2,16,72,5,64,391,4,5,Intermediate,Database Systems,Medium
8001,Consistent Learner,Machine Learning,4,54,88,9,83,445,6,35,Intermediate,Algorithms,Low
8002,Consistent Learner,Machine Learning,3,39,82,13,77,546,6,25,Intermediate,Database Systems,Low
8003,Consistent Learner,Operating Systems,4,51,79,10,83,575,6,27,Intermediate,Machine Learning,Low
8004,Consistent Learner,DSA,3,46,76,8,87,464,4,42,Intermediate,Algorithms,Low
8005,High Achiever,Database,4,66,99,16,100,1017,6,109,Advanced,Machine Learning,Low
8006,Consistent Learner,Database,3,51,82,10,79,626,4,46,Intermediate,Data Structures,Low
8007,Casual Learner,Computer Networks,2,23,69,7,72,254,2,12,Intermediate,Database Systems,Medium
8008,Inactive Student,Programming,1,3,20,0,15,49,0,1,Beginner,Programming Basics,High
8009,Consistent Learner,Database,3,49,89,12,79,440,6,26,Intermediate,Database Systems,Low
8010,High Achiever,Database,4,64,95,18,88,1018,6,52,Advanced,Algorithms,Low
8011,Struggling Student,Operating Systems,1,12,25,2,58,146,2,1,Beginner,Programming Basics,High
8012,Casual Learner,Programming,3,21,52,6,65,209,2,24,Intermediate,Web Development,Medium
8013,Struggling Student,Programming,2,13,46,5,45,104,2,2,Beginner,Introduction to C++,High
8014,Casual Learner,Web Development,3,23,71,7,70,345,2,14,Intermediate,Database Systems,Medium
8015,Consistent Learner,Web Development,3,48,80,12,86,516,5,60,Intermediate,Operating Systems,Low
8016,Struggling Student,Operating Systems,2,14,25,6,60,162,1,8,Beginner,Object-Oriented Programming,High
8017,Struggling Student,Programming,1,16,33,3,51,158,2,4,Beginner,Programming Basics,High
8018,Consistent Learner,Programming,3,39,90,13,76,623,6,38,Intermediate,Database Systems,Low
8019,Consistent Learner,Machine Learning,3,53,75,10,90,445,4,35,Intermediate,Machine Learning,Low
8020,Struggling Student,DSA,2,14,39,2,52,69,2,1,Beginner,Programming Basics,High
8021,Casual Learner,Web Development,3,16,74,7,68,252,2,24,Intermediate,Object-Oriented Programming,Medium
8022,Struggling Student,Computer Networks,2,12,34,5,60,71,2,1,Beginner,Database Systems,High
8023,Casual Learner,DSA,3,15,51,6,69,219,4,18,Intermediate,Object-Oriented Programming,Medium
8024,Consistent Learner,Web Development,4,36,85,8,89,557,5,39,Intermediate,Machine Learning,Low
8025,Inactive Student,DSA,1,4,17,0,20,34,0,2,Beginner,Programming Basics,High
8026,Struggling Student,Database,2,7,32,3,54,86,1,1,Beginner,Introduction to C++,High
8027,Struggling Student,Web Development,2,14,39,6,58,65,2,4,Beginner,Programming Fundamentals,High
8028,Casual Learner,Programming,2,27,56,4,60,260,4,25,Intermediate,Web Development,Medium
8029,Struggling Student,Database,1,12,45,5,43,92,1,5,Beginner,Programming Fundamentals,High
8030,Casual Learner,Web Development,2,28,69,4,75,380,2,12,Intermediate,Computer Networks,Medium
8031,High Achiever,Programming,4,74,92,12,88,1018,6,54,Advanced,Machine Learning,Low
8032,Casual Learner,Machine Learning,2,18,71,7,71,185,4,21,Intermediate,Computer Networks,Medium
8033,Consistent Learner,Machine Learning,3,54,82,13,87,531,5,58,Intermediate,Algorithms,Low
8034,Casual Learner,Web Development,2,15,69,7,61,236,2,21,Intermediate,Web Development,Medium
8035,Consistent Learner,Operating Systems,3,41,80,9,82,591,4,49,Intermediate,Machine Learning,Low
8036,Consistent Learner,Web Development,3,49,76,10,79,562,4,24,Intermediate,Computer Networks,Low
8037,Struggling Student,Computer Networks,2,7,21,5,59,111,2,8,Beginner,Introduction to C++,High
8038,Casual Learner,Computer Networks,3,32,75,8,75,211,2,5,Intermediate,Computer Networks,Medium
8039,Casual Learner,Operating Systems,2,34,65,5,60,190,3,18,Intermediate,Object-Oriented Programming,Medium
8040,High Achiever,Database,5,71,99,20,94,881,7,79,Advanced,Advanced Algorithms,Low
8041,Inactive Student,Machine Learning,1,1,12,1,40,1,1,2,Beginner,Programming Basics,High
8042,Casual Learner,Operating Systems,3,26,50,4,66,314,2,14,Intermediate,Web Development,Medium
8043,High Achiever,DSA,4,57,95,15,89,880,6,41,Advanced,Machine Learning,Low
8044,Casual Learner,DSA,3,21,59,8,70,347,4,14,Intermediate,Data Structures,Medium
8045,Consistent Learner,Web Development,3,43,77,13,89,666,5,33,Intermediate,Machine Learning,Low
8046,Consistent Learner,Programming,3,40,86,11,78,596,6,42,Intermediate,Computer Networks,Low
8047,Casual Learner,DSA,3,19,58,7,66,373,4,18,Intermediate,Object-Oriented Programming,Medium
8048,Consistent Learner,Computer Networks,3,45,75,10,75,435,6,35,Intermediate,Computer Networks,Low
8049,Struggling Student,Computer Networks,1,16,43,6,49,90,1,5,Beginner,Introduction to C++,High
8050,Struggling Student,Database,2,16,29,3,49,143,1,6,Beginner,Programming Fundamentals,High
8051,Consistent Learner,Programming,3,39,87,14,85,472,6,34,Intermediate,Operating Systems,Low
8052,Struggling Student,Operating Systems,1,6,21,5,44,128,2,6,Beginner,Programming Basics,High
8053,High Achiever,Programming,4,77,97,15,93,1005,6,49,Advanced,Machine Learning,Low
8054,Consistent Learner,Operating Systems,4,49,75,13,84,546,4,36,Intermediate,Operating Systems,Low
8055,High Achiever,Database,4,80,90,14,93,1014,7,104,Advanced,Advanced Algorithms,Low
8056,Casual Learner,Operating Systems,3,29,56,8,67,335,3,13,Intermediate,Object-Oriented Programming,Medium
8057,Casual Learner,Web Development,2,32,61,6,61,214,4,17,Intermediate,Object-Oriented Programming,Medium
8058,Struggling Student,Database,1,9,44,3,50,87,2,6,Beginner,Introduction to C++,High
8059,Casual Learner,Programming,3,20,50,7,61,243,3,20,Intermediate,Web Development,Medium
8060,Casual Learner,Operating Systems,2,30,56,7,67,389,2,8,Intermediate,Database Systems,Medium
8061,Struggling Student,DSA,2,12,26,5,49,151,1,2,Beginner,Programming Fundamentals,High
8062,Consistent Learner,Machine Learning,4,52,75,10,79,694,4,54,Intermediate,Database Systems,Low
8063,Consistent Learner,Machine Learning,3,36,80,10,85,664,5,52,Intermediate,Algorithms,Low
8064,Consistent Learner,Web Development,3,38,81,8,80,480,4,34,Intermediate,Machine Learning,Low
8065,Struggling Student,DSA,2,9,21,4,60,89,1,5,Beginner,Object-Oriented Programming,High
8066,Struggling Student,Programming,2,9,45,5,57,153,2,1,Beginner,Programming Fundamentals,High
8067,Casual Learner,Programming,2,21,65,4,72,270,4,15,Intermediate,Data Structures,Medium
8068,High Achiever,Computer Networks,4,78,94,18,93,833,6,112,Advanced,Advanced Algorithms,Low
8069,Consistent Learner,Operating Systems,3,35,87,8,86,487,6,40,Intermediate,Algorithms,Low
8070,High Achiever,Operating Systems,4,69,97,20,99,926,7,42,Advanced,Deep Learning,Low
8071,Casual Learner,Computer Networks,2,15,62,5,64,262,2,7,Intermediate,Database Systems,Medium
8072,Struggling Student,Database,1,12,41,4,57,142,1,3,Beginner,Programming Basics,High
8073,Struggling Student,Operating Systems,1,11,48,2,49,142,2,8,Beginner,Programming Basics,High
8074,Casual Learner,Computer Networks,2,28,63,4,71,306,4,17,Intermediate,Database Systems,Medium
8075,High Achiever,DSA,4,57,91,14,99,1133,7,115,Advanced,Advanced Algorithms,Low
8076,Struggling Student,DSA,1,13,42,6,57,117,1,2,Beginner,Introduction to C++,High
8077,Inactive Student,Computer Networks,1,2,8,1,22,4,1,2,Beginner,Introduction to C++,High
8078,High Achiever,Web Development,4,62,94,12,96,1042,7,117,Advanced,Deep Learning,Low
8079,Casual Learner,DSA,2,25,72,4,64,340,3,25,Intermediate,Database Systems,Medium
8080,Consistent Learner,DSA,3,53,78,13,87,580,5,40,Intermediate,Operating Systems,Low
8081,Consistent Learner,Machine Learning,3,48,79,8,85,467,6,51,Intermediate,Operating Systems,Low
8082,Consistent Learner,Computer Networks,4,36,89,9,86,431,6,32,Intermediate,Algorithms,Low
8083,Casual Learner,Computer Networks,2,15,54,4,73,377,4,10,Intermediate,Data Structures,Medium
8084,High Achiever,DSA,5,65,92,20,89,805,7,113,Advanced,Machine Learning,Low
8085,Casual Learner,Operating Systems,3,25,54,5,64,276,3,7,Intermediate,Object-Oriented Programming,Medium
8086,Consistent Learner,DSA,3,38,88,9,75,563,4,28,Intermediate,Database Systems,Low
8087,Struggling Student,Database,1,8,21,6,60,135,2,3,Beginner,Web Development,High
8088,Consistent Learner,Operating Systems,4,44,90,14,90,408,5,21,Intermediate,Machine Learning,Low
8089,Consistent Learner,Web Development,3,37,86,10,85,469,5,36,Intermediate,Algorithms,Low
8090,Inactive Student,Programming,1,3,18,0,37,56,1,1,Beginner,Introduction to C++,High
8091,Struggling Student,Operating Systems,2,6,41,6,40,92,2,5,Beginner,Programming Fundamentals,High
8092,High Achiever,Database,5,78,97,20,99,1125,6,117,Advanced,Machine Learning,Low
8093,Consistent Learner,Computer Networks,4,48,87,8,78,670,5,23,Intermediate,Data Structures,Low
8094,Casual Learner,Machine Learning,2,15,63,4,61,219,2,11,Intermediate,Object-Oriented Programming,Medium
8095,Consistent Learner,Web Development,4,49,85,9,78,610,4,43,Intermediate,Computer Networks,Low
8096,Struggling Student,DSA,2,16,28,4,51,175,1,8,Beginner,Introduction to C++,High
8097,Inactive Student,Database,1,3,16,2,36,6,1,1,Beginner,Programming Fundamentals,High
8098,Consistent Learner,Machine Learning,4,50,86,13,78,557,4,40,Intermediate,Computer Networks,Low
8099,Casual Learner,Web Development,3,19,55,4,65,180,2,20,Intermediate,Web Development,Medium
8100,Consistent Learner,Web Development,3,35,78,10,85,495,4,31,Intermediate,Algorithms,Low
8101,High Achiever,Machine Learning,4,79,94,14,98,1163,6,73,Advanced,Machine Learning,Low
8102,Casual Learner,DSA,3,22,66,6,66,183,3,7,Intermediate,Web Development,Medium
8103,Casual Learner,Web Development,3,15,69,4,67,363,3,8,Intermediate,Web Development,Medium
8104,Consistent Learner,Programming,3,41,82,8,82,691,4,44,Intermediate,Operating Systems,Low
8105,High Achiever,Operating Systems,5,77,97,14,99,1089,6,97,Advanced,Machine Learning,Low
8106,High Achiever,Database,5,70,96,14,91,957,7,85,Advanced,Advanced Algorithms,Low
8107,High Achiever,DSA,4,80,91,18,89,957,6,64,Advanced,Algorithms,Low
8108,Inactive Student,Computer Networks,1,1,16,1,37,48,1,0,Beginner,Introduction to C++,High
8109,Consistent Learner,Database,3,46,84,14,90,583,5,24,Intermediate,Deep Learning,Low
8110,Struggling Student,Computer Networks,2,14,36,3,45,83,1,2,Beginner,Programming Basics,High
8111,Casual Learner,Computer Networks,2,34,52,8,62,299,3,5,Intermediate,Object-Oriented Programming,Medium
8112,Casual Learner,Computer Networks,2,30,64,4,74,331,3,17,Intermediate,Database Systems,Medium
8113,Casual Learner,Computer Networks,3,27,63,4,64,200,4,19,Intermediate,Database Systems,Medium
8114,Struggling Student,Computer Networks,2,16,28,4,43,104,2,6,Beginner,Introduction to C++,High
8115,Consistent Learner,Operating Systems,4,45,80,10,77,510,4,54,Intermediate,Data Structures,Low
8116,Casual Learner,Programming,2,20,69,6,71,308,3,13,Intermediate,Database Systems,Medium
8117,Casual Learner,DSA,3,20,62,6,61,385,3,8,Intermediate,Web Development,Medium
8118,Struggling Student,Database,1,8,23,2,48,115,2,3,Beginner,Introduction to C++,High
8119,Consistent Learner,Computer Networks,4,46,88,10,85,543,4,24,Intermediate,Operating Systems,Low
8120,Consistent Learner,Programming,3,51,80,11,85,450,4,57,Intermediate,Machine Learning,Low
8121,Casual Learner,Machine Learning,2,27,74,5,66,295,2,25,Intermediate,Object-Oriented Programming,Medium
8122,Casual Learner,Programming,2,21,71,8,62,353,2,9,Intermediate,Object-Oriented Programming,Medium
8123,Casual Learner,Web Development,2,26,67,6,64,268,4,7,Intermediate,Object-Oriented Programming,Medium
8124,Inactive Student,Machine Learning,1,3,9,0,10,15,0,2,Beginner,Introduction to C++,High
8125,Casual Learner,Programming,2,20,69,7,71,305,2,11,Intermediate,Database Systems,Medium
8126,Inactive Student,Programming,1,4,14,0,34,5,1,2,Beginner,Introduction to C++,High
8127,Consistent Learner,Web Development,3,55,89,13,83,666,6,26,Intermediate,Operating Systems,Low
8128,Casual Learner,Programming,3,32,74,6,64,331,3,18,Intermediate,Database Systems,Medium
8129,Consistent Learner,Machine Learning,4,55,87,12,85,463,6,29,Intermediate,Machine Learning,Low
8130,High Achiever,Computer Networks,5,76,98,18,97,776,7,76,Advanced,Machine Learning,Low
8131,Casual Learner,Programming,2,22,69,4,72,211,2,9,Intermediate,Computer Networks,Medium
8132,High Achiever,Programming,4,70,90,16,88,848,7,109,Advanced,Operating Systems,Low
8133,Casual Learner,Operating Systems,3,22,65,6,61,275,2,8,Intermediate,Web Development,Medium
8134,Casual Learner,Computer Networks,2,19,51,7,67,324,3,6,Intermediate,Web Development,Medium
8135,High Achiever,Computer Networks,4,58,96,14,97,861,6,46,Advanced,Deep Learning,Low
8136,Casual Learner,Machine Learning,3,30,63,7,68,196,4,17,Intermediate,Database Systems,Medium
8137,Inactive Student,Programming,1,3,8,2,21,55,1,2,Beginner,Introduction to C++,High
8138,Consistent Learner,DSA,4,45,76,10,87,549,5,34,Intermediate,Operating Systems,Low
8139,Casual Learner,Computer Networks,3,25,53,5,73,264,2,20,Intermediate,Database Systems,Medium
8140,Casual Learner,Web Development,2,18,60,6,65,260,3,7,Intermediate,Web Development,Medium
8141,Casual Learner,Machine Learning,2,20,52,4,64,277,4,8,Intermediate,Web Development,Medium
8142,Casual Learner,Database,2,27,56,6,70,314,4,15,Intermediate,Database Systems,Medium
8143,Struggling Student,Machine Learning,2,12,22,2,49,107,2,3,Beginner,Introduction to C++,High
8144,Inactive Student,DSA,1,2,5,1,11,13,1,2,Beginner,Programming Basics,High
8145,Casual Learner,Machine Learning,3,15,50,6,64,269,2,11,Intermediate,Database Systems,Medium
8146,Consistent Learner,Operating Systems,3,45,87,8,80,450,4,60,Intermediate,Machine Learning,Low
8147,High Achiever,Machine Learning,5,78,98,19,92,779,7,54,Advanced,Deep Learning,Low
8148,Casual Learner,Database,3,18,75,5,62,376,4,17,Intermediate,Object-Oriented Programming,Medium
8149,Casual Learner,Web Development,2,22,72,5,61,186,3,8,Intermediate,Object-Oriented Programming,Medium
8150,Struggling Student,Computer Networks,1,11,37,6,51,179,1,8,Beginner,Introduction to C++,High
8151,Inactive Student,Operating Systems,1,4,0,0,12,14,1,0,Beginner,Programming Basics,High
8152,Consistent Learner,Machine Learning,4,46,88,9,81,664,5,45,Intermediate,Algorithms,Low
8153,Casual Learner,Machine Learning,2,27,73,8,63,261,3,15,Intermediate,Database Systems,Medium
8154,High Achiever,Operating Systems,5,79,90,16,95,1030,7,54,Advanced,Advanced Algorithms,Low
8155,High Achiever,DSA,5,80,92,17,96,833,7,87,Advanced,Advanced Algorithms,Low
8156,Inactive Student,Machine Learning,1,1,6,0,21,30,0,1,Beginner,Introduction to C++,High
8157,Casual Learner,Computer Networks,3,21,66,6,68,185,4,13,Intermediate,Web Development,Medium
8158,Casual Learner,DSA,3,34,64,5,60,338,2,20,Intermediate,Database Systems,Medium
8159,Struggling Student,Programming,2,5,20,4,52,178,2,1,Beginner,Programming Fundamentals,High
8160,Casual Learner,Machine Learning,2,30,57,7,63,310,4,15,Intermediate,Database Systems,Medium
8161,Struggling Student,DSA,2,10,25,2,52,97,1,1,Beginner,Programming Fundamentals,High
8162,Inactive Student,Programming,1,0,16,0,33,10,1,1,Beginner,Programming Fundamentals,High
8163,Casual Learner,Computer Networks,3,19,52,4,64,208,4,16,Intermediate,Web Development,Medium
8164,Struggling Student,Operating Systems,2,8,26,3,57,73,2,5,Beginner,Programming Basics,High
8165,Casual Learner,Web Development,2,18,64,7,60,276,4,25,Intermediate,Object-Oriented Programming,Medium
8166,Casual Learner,Database,2,21,64,4,63,333,4,12,Intermediate,Database Systems,Medium
8167,Consistent Learner,Operating Systems,4,45,77,10,81,608,5,47,Intermediate,Algorithms,Low
8168,Casual Learner,Computer Networks,2,26,59,6,65,199,4,6,Intermediate,Web Development,Medium
8169,Consistent Learner,Web Development,3,40,85,12,83,405,5,51,Intermediate,Machine Learning,Low
8170,Struggling Student,Machine Learning,1,17,43,2,54,91,2,5,Beginner,Introduction to C++,High
8171,High Achiever,Computer Networks,5,73,97,16,88,1024,7,95,Advanced,Operating Systems,Low
8172,Consistent Learner,Web Development,4,43,79,10,85,695,4,35,Intermediate,Machine Learning,Low
8173,Casual Learner,Machine Learning,3,33,60,6,73,319,2,5,Intermediate,Data Structures,Medium
8174,Consistent Learner,Programming,4,48,83,11,86,503,4,51,Intermediate,Operating Systems,Low
8175,Consistent Learner,Machine Learning,4,53,88,9,90,535,4,33,Intermediate,Machine Learning,Low
8176,Consistent Learner,Computer Networks,3,39,82,10,82,640,4,35,Intermediate,Machine Learning,Low
8177,Consistent Learner,Web Development,4,51,86,11,86,516,6,24,Intermediate,Machine Learning,Low
8178,Casual Learner,Programming,2,34,58,7,67,240,2,20,Intermediate,Database Systems,Medium
8179,Consistent Learner,Operating Systems,3,47,81,12,83,668,4,27,Intermediate,Machine Learning,Low
8180,Consistent Learner,Operating Systems,3,45,78,9,85,646,5,53,Intermediate,Algorithms,Low
8181,Struggling Student,Operating Systems,1,7,29,5,60,66,2,4,Beginner,Web Development,High
8182,Casual Learner,Computer Networks,2,31,60,6,68,224,2,17,Intermediate,Object-Oriented Programming,Medium
8183,Casual Learner,Machine Learning,2,34,75,7,61,194,4,20,Intermediate,Web Development,Medium
8184,Casual Learner,Database,2,25,74,4,72,205,3,19,Intermediate,Data Structures,Medium
8185,Inactive Student,Machine Learning,1,1,1,1,22,4,0,0,Beginner,Introduction to C++,High
8186,Casual Learner,Web Development,3,29,68,7,63,183,2,10,Intermediate,Object-Oriented Programming,Medium
8187,High Achiever,Database,4,58,97,15,98,782,6,80,Advanced,Advanced Algorithms,Low
8188,Casual Learner,Computer Networks,3,24,56,4,64,246,4,18,Intermediate,Database Systems,Medium
8189,Consistent Learner,Computer Networks,3,54,84,8,84,524,5,55,Intermediate,Algorithms,Low
8190,Struggling Student,Programming,1,14,31,6,54,151,1,7,Beginner,Programming Basics,High
8191,Struggling Student,Web Development,1,9,21,4,42,173,1,1,Beginner,Programming Basics,High
8192,Consistent Learner,DSA,3,53,86,9,80,631,6,27,Intermediate,Operating Systems,Low
8193,Consistent Learner,DSA,3,48,90,8,88,470,6,57,Intermediate,Machine Learning,Low
8194,Inactive Student,Computer Networks,1,5,17,0,29,49,1,1,Beginner,Programming Fundamentals,High
8195,Inactive Student,Database,1,2,4,2,15,14,1,0,Beginner,Programming Fundamentals,High
8196,High Achiever,Web Development,4,59,93,14,92,1151,7,79,Advanced,Deep Learning,Low
8197,Inactive Student,Machine Learning,1,3,18,0,31,5,1,1,Beginner,Programming Fundamentals,High
8198,High Achiever,Web Development,4,61,95,19,97,934,6,111,Advanced,Deep Learning,Low
8199,Casual Learner,Database,2,29,66,7,75,338,4,12,Intermediate,Computer Networks,Medium
8200,Struggling Student,DSA,2,14,27,6,49,154,2,8,Beginner,Programming Basics,High
8201,High Achiever,Programming,4,65,92,13,88,854,6,55,Advanced,Machine Learning,Low
8202,Inactive Student,Machine Learning,1,5,2,0,34,54,0,0,Beginner,Programming Basics,High
8203,Consistent Learner,Web Development,3,44,79,9,85,468,6,37,Intermediate,Operating Systems,Low
8204,Consistent Learner,Computer Networks,3,36,83,8,89,603,4,55,Intermediate,Machine Learning,Low
8205,Struggling Student,Programming,1,8,40,2,42,112,2,1,Beginner,Programming Fundamentals,High
8206,Consistent Learner,DSA,4,47,79,8,78,670,6,21,Intermediate,Database Systems,Low
8207,Casual Learner,Database,2,31,68,4,63,257,4,21,Intermediate,Object-Oriented Programming,Medium
8208,High Achiever,Machine Learning,4,60,90,18,90,1116,7,76,Advanced,Machine Learning,Low
8209,Casual Learner,Operating Systems,2,17,71,7,73,367,3,7,Intermediate,Database Systems,Medium
8210,Struggling Student,Programming,2,12,43,4,52,127,1,2,Beginner,Programming Fundamentals,High
8211,Consistent Learner,DSA,3,45,82,14,80,513,4,36,Intermediate,Operating Systems,Low
8212,Consistent Learner,DSA,3,40,81,10,87,524,5,50,Intermediate,Algorithms,Low
8213,Struggling Student,Web Development,1,16,28,5,43,174,1,2,Beginner,Introduction to C++,High
8214,Consistent Learner,DSA,4,49,81,8,90,469,6,36,Intermediate,Machine Learning,Low
8215,Consistent Learner,Database,3,35,80,13,86,547,4,47,Intermediate,Operating Systems,Low
8216,Consistent Learner,Operating Systems,4,49,88,10,77,651,4,50,Intermediate,Computer Networks,Low
8217,Casual Learner,Computer Networks,3,22,55,8,63,213,2,25,Intermediate,Database Systems,Medium
8218,Consistent Learner,Database,4,44,83,8,83,700,4,20,Intermediate,Algorithms,Low
8219,High Achiever,Operating Systems,5,74,90,15,96,793,7,41,Advanced,Machine Learning,Low
8220,High Achiever,DSA,4,76,98,15,100,858,6,89,Advanced,Deep Learning,Low
8221,Inactive Student,Database,1,3,13,0,1,37,0,1,Beginner,Introduction to C++,High
8222,Casual Learner,Machine Learning,2,24,74,8,68,184,3,18,Intermediate,Database Systems,Medium
8223,Consistent Learner,Operating Systems,4,37,85,11,78,648,6,56,Intermediate,Data Structures,Low
8224,Casual Learner,Programming,2,19,66,8,66,382,3,23,Intermediate,Web Development,Medium
8225,High Achiever,Machine Learning,5,80,94,17,93,1086,6,100,Advanced,Deep Learning,Low
8226,Struggling Student,Operating Systems,1,18,39,6,44,171,1,4,Beginner,Programming Fundamentals,High
8227,Casual Learner,Machine Learning,3,23,50,4,60,196,2,15,Intermediate,Database Systems,Medium
8228,Casual Learner,Machine Learning,3,30,69,4,67,365,3,13,Intermediate,Web Development,Medium
8229,Consistent Learner,Database,3,39,78,14,87,698,5,53,Intermediate,Operating Systems,Low
8230,Struggling Student,Computer Networks,2,14,35,6,54,164,1,5,Beginner,Programming Fundamentals,High
8231,Struggling Student,Database,2,8,47,4,55,76,1,4,Beginner,Programming Fundamentals,High
8232,High Achiever,DSA,5,56,95,19,97,846,6,80,Advanced,Deep Learning,Low
8233,Consistent Learner,Programming,3,36,77,13,86,557,5,49,Intermediate,Machine Learning,Low
8234,High Achiever,Database,5,70,93,19,98,991,7,105,Advanced,Machine Learning,Low
8235,Struggling Student,DSA,1,17,41,3,45,169,2,1,Beginner,Introduction to C++,High
8236,Inactive Student,Operating Systems,1,4,12,2,4,30,0,0,Beginner,Programming Fundamentals,High
8237,Struggling Student,DSA,2,15,21,6,43,160,2,6,Beginner,Introduction to C++,High
8238,Consistent Learner,DSA,3,40,82,13,79,605,4,25,Intermediate,Database Systems,Low
8239,Inactive Student,Database,1,1,12,2,33,33,0,0,Beginner,Programming Basics,High
8240,Inactive Student,Machine Learning,1,4,20,0,8,17,0,0,Beginner,Introduction to C++,High
8241,Casual Learner,Computer Networks,2,28,52,8,68,377,3,17,Intermediate,Web Development,Medium
8242,Struggling Student,DSA,2,13,31,5,46,62,1,4,Beginner,Programming Fundamentals,High
8243,Struggling Student,Operating Systems,2,13,29,5,54,70,2,7,Beginner,Introduction to C++,High
8244,Consistent Learner,Computer Networks,3,54,79,8,82,626,4,27,Intermediate,Operating Systems,Low
8245,Consistent Learner,DSA,4,43,75,14,81,459,5,57,Intermediate,Machine Learning,Low
8246,Casual Learner,Computer Networks,3,23,57,6,62,317,4,8,Intermediate,Database Systems,Medium
8247,Struggling Student,Web Development,2,18,41,4,42,107,1,3,Beginner,Programming Basics,High
8248,Casual Learner,Database,3,34,67,5,62,327,3,8,Intermediate,Database Systems,Medium
8249,High Achiever,Web Development,4,71,96,13,96,1034,6,110,Advanced,Deep Learning,Low
8250,Consistent Learner,Programming,3,36,81,9,86,513,5,40,Intermediate,Machine Learning,Low
8251,Casual Learner,Computer Networks,3,21,69,7,65,182,4,15,Intermediate,Database Systems,Medium
8252,High Achiever,Computer Networks,5,77,94,14,88,1010,6,58,Advanced,Machine Learning,Low
8253,Casual Learner,Operating Systems,2,34,63,7,61,294,2,6,Intermediate,Database Systems,Medium
8254,Struggling Student,Programming,1,16,44,2,47,140,1,4,Beginner,Programming Basics,High
8255,Consistent Learner,Computer Networks,3,42,86,13,84,514,4,51,Intermediate,Operating Systems,Low
8256,Inactive Student,Database,1,1,13,2,21,25,0,0,Beginner,Introduction to C++,High
8257,Casual Learner,Database,2,20,52,7,67,310,2,13,Intermediate,Database Systems,Medium
8258,Casual Learner,Web Development,2,20,57,8,75,216,3,22,Intermediate,Database Systems,Medium
8259,Consistent Learner,Web Development,3,54,87,13,76,634,6,32,Intermediate,Computer Networks,Low
8260,Struggling Student,Programming,2,6,31,2,54,68,1,2,Beginner,Introduction to C++,High
8261,Struggling Student,Operating Systems,2,8,42,4,58,150,2,2,Beginner,Introduction to C++,High
8262,Casual Learner,DSA,2,16,72,8,65,322,2,25,Intermediate,Database Systems,Medium
8263,Consistent Learner,DSA,4,55,85,8,77,563,4,54,Intermediate,Data Structures,Low
8264,High Achiever,Operating Systems,5,63,98,18,89,1187,7,97,Advanced,Operating Systems,Low
8265,Casual Learner,Machine Learning,2,20,58,7,72,356,3,24,Intermediate,Data Structures,Medium
8266,Inactive Student,Machine Learning,1,3,6,2,39,41,1,2,Beginner,Programming Basics,High
8267,High Achiever,Computer Networks,5,67,99,15,88,717,7,79,Advanced,Machine Learning,Low
8268,Casual Learner,Operating Systems,2,24,69,6,69,216,4,22,Intermediate,Object-Oriented Programming,Medium
8269,Struggling Student,Programming,1,7,30,4,42,165,1,7,Beginner,Introduction to C++,High
8270,Struggling Student,Computer Networks,1,12,40,6,45,167,2,3,Beginner,Programming Fundamentals,High
8271,Casual Learner,DSA,2,22,63,8,60,322,3,18,Intermediate,Object-Oriented Programming,Medium
8272,Consistent Learner,DSA,4,42,77,11,86,424,4,31,Intermediate,Machine Learning,Low
8273,Struggling Student,Database,1,16,41,3,49,175,1,8,Beginner,Introduction to C++,High
8274,High Achiever,Computer Networks,5,58,93,19,95,945,6,106,Advanced,Deep Learning,Low
8275,Consistent Learner,Database,4,35,83,14,79,422,6,54,Intermediate,Database Systems,Low
8276,Struggling Student,Computer Networks,2,12,43,6,53,84,2,5,Beginner,Programming Basics,High
8277,High Achiever,Computer Networks,4,80,92,14,94,1009,7,55,Advanced,Deep Learning,Low
8278,Consistent Learner,Database,4,41,78,12,90,406,6,42,Intermediate,Machine Learning,Low
8279,Casual Learner,Operating Systems,2,19,52,7,64,365,3,24,Intermediate,Object-Oriented Programming,Medium
8280,Consistent Learner,DSA,4,35,84,13,75,654,5,56,Intermediate,Data Structures,Low
8281,Casual Learner,Database,2,28,54,5,64,262,4,9,Intermediate,Web Development,Medium
8282,Casual Learner,Database,2,19,68,4,66,233,2,9,Intermediate,Database Systems,Medium
8283,Casual Learner,Programming,2,33,55,4,63,285,3,21,Intermediate,Object-Oriented Programming,Medium
8284,Consistent Learner,DSA,4,45,77,9,88,606,6,35,Intermediate,Algorithms,Low
8285,Casual Learner,Programming,3,31,57,4,74,280,4,5,Intermediate,Computer Networks,Medium
8286,Consistent Learner,Web Development,3,45,75,11,90,519,6,26,Intermediate,Advanced Algorithms,Low
8287,Struggling Student,Database,1,18,34,5,51,90,1,6,Beginner,Programming Fundamentals,High
8288,Casual Learner,Database,2,33,75,6,67,389,2,10,Intermediate,Web Development,Medium
8289,Consistent Learner,Computer Networks,3,41,85,14,75,601,6,53,Intermediate,Database Systems,Low
8290,Struggling Student,DSA,1,16,36,6,40,80,2,5,Beginner,Introduction to C++,High
8291,Struggling Student,Computer Networks,1,12,37,2,52,108,2,5,Beginner,Programming Fundamentals,High
8292,Consistent Learner,Computer Networks,4,50,87,12,80,603,6,52,Intermediate,Machine Learning,Low
8293,Struggling Student,Programming,1,12,44,2,43,73,1,7,Beginner,Programming Basics,High
8294,Consistent Learner,DSA,4,35,85,10,84,582,5,41,Intermediate,Algorithms,Low
8295,Consistent Learner,Computer Networks,3,43,80,9,88,438,5,40,Intermediate,Algorithms,Low
8296,Casual Learner,Programming,2,35,70,8,65,219,3,21,Intermediate,Object-Oriented Programming,Medium
8297,Consistent Learner,Programming,3,55,75,8,78,695,4,42,Intermediate,Data Structures,Low
8298,Casual Learner,Computer Networks,3,20,71,8,63,287,3,15,Intermediate,Web Development,Medium
8299,Casual Learner,Programming,2,16,70,7,67,264,3,8,Intermediate,Web Development,Medium
8300,Casual Learner,DSA,3,21,59,6,71,261,3,16,Intermediate,Computer Networks,Medium
8301,Consistent Learner,Web Development,4,52,79,13,85,673,5,42,Intermediate,Operating Systems,Low
8302,Casual Learner,DSA,2,26,51,4,62,278,2,5,Intermediate,Object-Oriented Programming,Medium
8303,Casual Learner,Database,3,30,64,7,73,369,2,23,Intermediate,Data Structures,Medium
8304,High Achiever,Machine Learning,5,67,93,19,95,874,7,86,Advanced,Advanced Algorithms,Low
8305,Struggling Student,Machine Learning,2,16,27,2,59,84,2,7,Beginner,Introduction to C++,High
8306,Struggling Student,Programming,2,7,45,4,46,102,1,3,Beginner,Programming Fundamentals,High
8307,Struggling Student,Operating Systems,2,7,47,6,60,70,2,4,Beginner,Web Development,High
8308,Struggling Student,Computer Networks,2,10,39,3,60,118,1,8,Beginner,Database Systems,High
8309,Inactive Student,DSA,1,0,10,2,24,9,0,1,Beginner,Programming Basics,High
8310,Inactive Student,Operating Systems,1,4,18,1,30,42,1,2,Beginner,Programming Fundamentals,High
8311,Consistent Learner,Computer Networks,3,49,83,10,82,508,5,25,Intermediate,Algorithms,Low
8312,Consistent Learner,DSA,4,44,88,13,80,678,5,23,Intermediate,Machine Learning,Low
8313,Casual Learner,Web Development,2,15,62,6,74,258,2,15,Intermediate,Database Systems,Medium
8314,Struggling Student,DSA,2,10,20,2,53,60,2,6,Beginner,Introduction to C++,High
8315,Struggling Student,Database,2,13,47,5,42,177,1,4,Beginner,Introduction to C++,High
8316,Struggling Student,DSA,2,16,27,4,55,111,2,7,Beginner,Introduction to C++,High
8317,Consistent Learner,Web Development,4,41,76,12,85,545,5,25,Intermediate,Machine Learning,Low
8318,Casual Learner,Operating Systems,3,18,63,8,73,304,3,13,Intermediate,Computer Networks,Medium
8319,Casual Learner,Web Development,2,25,53,7,60,184,4,5,Intermediate,Database Systems,Medium
8320,Consistent Learner,DSA,4,52,82,14,85,454,4,23,Intermediate,Machine Learning,Low
8321,Casual Learner,Web Development,2,29,70,7,60,243,4,13,Intermediate,Database Systems,Medium
8322,Consistent Learner,Programming,4,55,81,10,77,584,4,50,Intermediate,Database Systems,Low
8323,Struggling Student,DSA,1,7,37,2,47,85,1,5,Beginner,Programming Basics,High
8324,Struggling Student,Machine Learning,1,6,44,6,41,129,2,6,Beginner,Programming Basics,High
8325,Casual Learner,Database,2,20,73,7,60,186,2,18,Intermediate,Web Development,Medium
8326,Struggling Student,Web Development,2,10,41,6,52,69,2,3,Beginner,Programming Basics,High
8327,Consistent Learner,Operating Systems,4,52,89,12,79,415,4,55,Intermediate,Data Structures,Low
8328,Consistent Learner,DSA,4,46,85,9,79,411,5,32,Intermediate,Computer Networks,Low
8329,Consistent Learner,Machine Learning,3,42,75,9,86,452,5,49,Intermediate,Algorithms,Low
8330,Consistent Learner,Operating Systems,3,54,85,13,84,609,5,29,Intermediate,Algorithms,Low
8331,Casual Learner,Operating Systems,3,24,53,8,71,355,2,19,Intermediate,Data Structures,Medium
8332,Struggling Student,Programming,1,13,26,4,42,93,2,4,Beginner,Introduction to C++,High
8333,Consistent Learner,Web Development,4,46,83,12,85,553,6,49,Intermediate,Machine Learning,Low
8334,Consistent Learner,Web Development,3,55,84,14,87,648,4,49,Intermediate,Algorithms,Low
8335,Inactive Student,DSA,1,0,19,1,25,50,0,1,Beginner,Introduction to C++,High
8336,Consistent Learner,Operating Systems,4,44,77,11,80,494,5,43,Intermediate,Algorithms,Low
8337,Consistent Learner,Machine Learning,4,35,78,12,80,699,6,56,Intermediate,Algorithms,Low
8338,Casual Learner,Programming,2,16,55,7,67,329,4,6,Intermediate,Object-Oriented Programming,Medium
8339,Casual Learner,Operating Systems,2,34,68,4,74,364,2,23,Intermediate,Database Systems,Medium
8340,Casual Learner,Machine Learning,2,24,50,5,61,288,4,5,Intermediate,Database Systems,Medium
8341,Casual Learner,Operating Systems,2,32,64,5,75,192,2,13,Intermediate,Database Systems,Medium
8342,High Achiever,Database,4,76,90,14,92,829,7,115,Advanced,Deep Learning,Low
8343,Casual Learner,Operating Systems,2,34,70,7,69,226,2,15,Intermediate,Database Systems,Medium
8344,Casual Learner,Computer Networks,2,15,59,5,63,250,3,11,Intermediate,Web Development,Medium
8345,Consistent Learner,Operating Systems,3,42,80,8,81,418,4,57,Intermediate,Algorithms,Low
8346,Casual Learner,Web Development,2,19,62,7,65,243,3,18,Intermediate,Object-Oriented Programming,Medium
8347,High Achiever,Operating Systems,5,61,96,13,92,951,7,89,Advanced,Machine Learning,Low
8348,Casual Learner,Machine Learning,2,22,61,6,66,198,4,25,Intermediate,Web Development,Medium
8349,Casual Learner,Database,3,27,69,4,69,311,4,11,Intermediate,Database Systems,Medium
8350,Consistent Learner,Database,4,38,88,12,76,454,5,49,Intermediate,Data Structures,Low
8351,High Achiever,Machine Learning,5,74,96,17,92,720,7,86,Advanced,Machine Learning,Low
8352,High Achiever,DSA,5,67,94,13,92,1090,6,100,Advanced,Deep Learning,Low
8353,High Achiever,Database,4,57,90,17,92,825,7,50,Advanced,Machine Learning,Low
8354,Casual Learner,Machine Learning,2,23,68,7,64,381,2,24,Intermediate,Object-Oriented Programming,Medium
8355,High Achiever,Machine Learning,4,69,97,20,93,1155,7,118,Advanced,Advanced Algorithms,Low
8356,Casual Learner,Computer Networks,2,31,68,5,63,379,3,18,Intermediate,Web Development,Medium
8357,Struggling Student,Operating Systems,1,8,37,3,48,122,2,3,Beginner,Introduction to C++,High
8358,Consistent Learner,Operating Systems,3,47,78,10,76,434,6,46,Intermediate,Data Structures,Low
8359,Consistent Learner,DSA,4,36,75,13,90,673,5,24,Intermediate,Machine Learning,Low
8360,Casual Learner,Operating Systems,3,15,71,7,73,295,2,12,Intermediate,Database Systems,Medium
8361,Inactive Student,Web Development,1,0,1,2,8,25,0,1,Beginner,Introduction to C++,High
8362,Casual Learner,Operating Systems,3,27,54,5,71,191,4,19,Intermediate,Database Systems,Medium
8363,Casual Learner,DSA,2,33,67,8,67,369,4,11,Intermediate,Web Development,Medium
8364,Casual Learner,Machine Learning,2,15,52,7,68,324,3,6,Intermediate,Database Systems,Medium
8365,High Achiever,Machine Learning,4,66,97,17,89,752,7,49,Advanced,Machine Learning,Low
8366,Consistent Learner,Computer Networks,3,41,84,9,89,563,6,45,Intermediate,Machine Learning,Low
8367,Consistent Learner,Computer Networks,3,38,76,8,89,596,5,20,Intermediate,Algorithms,Low
8368,Casual Learner,Programming,2,28,52,6,68,189,4,21,Intermediate,Web Development,Medium
8369,Consistent Learner,Machine Learning,3,35,82,12,81,552,6,27,Intermediate,Algorithms,Low
8370,High Achiever,DSA,5,75,95,15,100,993,6,54,Advanced,Advanced Algorithms,Low
8371,Casual Learner,Computer Networks,2,19,52,7,71,329,4,8,Intermediate,Data Structures,Medium
8372,Consistent Learner,Computer Networks,4,53,77,9,87,627,6,53,Intermediate,Operating Systems,Low
8373,Casual Learner,DSA,3,34,54,8,61,279,2,24,Intermediate,Database Systems,Medium
8374,Casual Learner,DSA,3,31,52,7,65,336,3,8,Intermediate,Object-Oriented Programming,Medium
8375,High Achiever,Computer Networks,5,78,98,14,93,725,7,67,Advanced,Deep Learning,Low
8376,Casual Learner,Programming,2,20,53,8,65,317,4,10,Intermediate,Web Development,Medium
8377,High Achiever,Database,5,69,90,17,92,1167,6,66,Advanced,Machine Learning,Low
8378,High Achiever,Database,5,75,94,15,90,1166,7,77,Advanced,Advanced Algorithms,Low
8379,Consistent Learner,Machine Learning,3,40,76,11,78,412,5,21,Intermediate,Computer Networks,Low
8380,Casual Learner,Computer Networks,3,16,73,8,62,283,4,19,Intermediate,Object-Oriented Programming,Medium
8381,Consistent Learner,Operating Systems,3,47,82,10,78,422,5,33,Intermediate,Computer Networks,Low
8382,Consistent Learner,Database,3,44,81,10,88,644,6,38,Intermediate,Algorithms,Low
8383,Consistent Learner,Computer Networks,3,54,84,11,78,627,5,43,Intermediate,Database Systems,Low
8384,Casual Learner,Operating Systems,3,32,74,4,63,313,3,8,Intermediate,Web Development,Medium
8385,Consistent Learner,DSA,3,35,87,9,84,418,6,46,Intermediate,Algorithms,Low
8386,Consistent Learner,Computer Networks,3,47,79,13,82,598,4,54,Intermediate,Algorithms,Low
8387,Consistent Learner,Machine Learning,4,49,88,10,79,503,5,53,Intermediate,Computer Networks,Low
8388,Casual Learner,Programming,3,33,72,4,69,297,3,16,Intermediate,Object-Oriented Programming,Medium
8389,Consistent Learner,Operating Systems,3,42,81,13,85,410,4,31,Intermediate,Algorithms,Low
8390,Consistent Learner,Programming,3,38,78,13,80,536,6,35,Intermediate,Machine Learning,Low
8391,High Achiever,Database,4,59,91,14,89,1085,7,49,Advanced,Algorithms,Low
8392,High Achiever,Machine Learning,4,77,99,20,97,875,6,89,Advanced,Deep Learning,Low
8393,Struggling Student,Machine Learning,1,10,32,2,48,170,1,1,Beginner,Programming Fundamentals,High
8394,Struggling Student,Database,2,7,48,6,52,61,2,3,Beginner,Programming Basics,High
8395,Casual Learner,Database,3,30,73,4,75,244,4,15,Intermediate,Data Structures,Medium
8396,High Achiever,Machine Learning,5,76,99,20,97,926,7,69,Advanced,Advanced Algorithms,Low
8397,High Achiever,Programming,4,69,96,16,89,1054,7,81,Advanced,Operating Systems,Low
8398,Casual Learner,Programming,2,26,54,8,71,193,3,12,Intermediate,Database Systems,Medium
8399,Consistent Learner,Computer Networks,4,49,85,9,75,541,5,40,Intermediate,Database Systems,Low
8400,Casual Learner,Database,2,32,70,7,67,395,2,25,Intermediate,Database Systems,Medium
8401,Struggling Student,DSA,1,10,20,6,60,105,1,2,Beginner,Object-Oriented Programming,High
8402,Inactive Student,Database,1,4,20,2,6,24,0,1,Beginner,Programming Fundamentals,High
8403,Struggling Student,Machine Learning,2,7,49,2,50,114,2,1,Beginner,Introduction to C++,High
8404,Casual Learner,Machine Learning,2,19,70,4,74,376,3,17,Intermediate,Database Systems,Medium
8405,Inactive Student,DSA,1,5,16,0,23,26,0,0,Beginner,Programming Fundamentals,High
8406,Casual Learner,Web Development,2,34,64,7,62,236,4,23,Intermediate,Object-Oriented Programming,Medium
8407,High Achiever,Computer Networks,4,72,97,16,88,789,6,93,Advanced,Machine Learning,Low
8408,Casual Learner,Programming,2,22,52,8,60,316,3,19,Intermediate,Web Development,Medium
8409,Inactive Student,Machine Learning,1,1,10,2,17,55,0,0,Beginner,Programming Basics,High
8410,Casual Learner,Computer Networks,3,26,54,4,74,307,3,21,Intermediate,Database Systems,Medium
8411,High Achiever,Database,5,62,97,20,89,745,7,115,Advanced,Algorithms,Low
8412,Casual Learner,Web Development,2,29,57,5,71,275,3,19,Intermediate,Computer Networks,Medium
8413,Struggling Student,Database,2,16,47,2,56,106,1,3,Beginner,Programming Fundamentals,High
8414,Casual Learner,Machine Learning,2,29,54,7,60,276,3,20,Intermediate,Database Systems,Medium
8415,Casual Learner,Operating Systems,3,30,54,8,65,389,3,8,Intermediate,Web Development,Medium
8416,Casual Learner,Machine Learning,3,31,73,7,61,247,2,21,Intermediate,Web Development,Medium
8417,Casual Learner,Computer Networks,2,25,75,8,72,292,4,9,Intermediate,Computer Networks,Medium
8418,Consistent Learner,Machine Learning,4,44,78,13,86,642,4,50,Intermediate,Machine Learning,Low
8419,Consistent Learner,Machine Learning,4,49,80,14,79,584,5,47,Intermediate,Database Systems,Low
8420,Consistent Learner,Database,3,43,88,10,82,433,5,32,Intermediate,Algorithms,Low
8421,Casual Learner,Machine Learning,3,22,55,4,67,207,4,16,Intermediate,Web Development,Medium
8422,Consistent Learner,Database,4,46,83,12,81,518,6,52,Intermediate,Operating Systems,Low
8423,High Achiever,Web Development,4,74,91,19,92,788,7,50,Advanced,Advanced Algorithms,Low
8424,Struggling Student,Web Development,2,16,30,5,52,145,2,2,Beginner,Introduction to C++,High
8425,Casual Learner,Operating Systems,2,24,71,4,74,359,3,21,Intermediate,Database Systems,Medium
8426,High Achiever,Operating Systems,4,75,99,15,92,1174,7,73,Advanced,Advanced Algorithms,Low
8427,Casual Learner,Database,2,16,59,6,62,318,3,25,Intermediate,Object-Oriented Programming,Medium
8428,High Achiever,Operating Systems,5,56,93,12,95,1183,7,70,Advanced,Deep Learning,Low
8429,Consistent Learner,Database,4,37,85,13,88,563,6,52,Intermediate,Machine Learning,Low
8430,Casual Learner,Operating Systems,2,24,50,6,72,334,4,12,Intermediate,Computer Networks,Medium
8431,Struggling Student,Programming,1,12,20,5,56,120,1,4,Beginner,Programming Fundamentals,High
8432,Consistent Learner,Programming,3,43,77,8,79,598,6,23,Intermediate,Database Systems,Low
8433,Casual Learner,Operating Systems,3,31,55,4,75,338,3,18,Intermediate,Database Systems,Medium
8434,Struggling Student,Computer Networks,2,12,20,4,55,162,2,3,Beginner,Programming Basics,High
8435,Consistent Learner,Computer Networks,3,52,76,8,76,432,6,29,Intermediate,Database Systems,Low
8436,Inactive Student,Computer Networks,1,3,5,0,7,7,0,1,Beginner,Programming Fundamentals,High
8437,Casual Learner,Programming,2,33,51,6,65,242,2,18,Intermediate,Web Development,Medium
8438,Casual Learner,Web Development,2,23,61,7,69,266,2,25,Intermediate,Web Development,Medium
8439,Consistent Learner,Programming,4,53,84,14,79,579,6,29,Intermediate,Data Structures,Low
8440,High Achiever,Programming,4,74,100,17,100,766,6,100,Advanced,Deep Learning,Low
8441,Inactive Student,Computer Networks,1,1,10,2,13,9,1,1,Beginner,Programming Basics,High
8442,Inactive Student,Machine Learning,1,1,15,0,7,50,1,1,Beginner,Introduction to C++,High
8443,Consistent Learner,Programming,4,48,79,8,84,566,6,56,Intermediate,Operating Systems,Low
8444,Consistent Learner,Computer Networks,4,50,77,11,82,615,6,26,Intermediate,Machine Learning,Low
8445,Casual Learner,Web Development,2,35,62,8,62,376,3,8,Intermediate,Database Systems,Medium
8446,Consistent Learner,Programming,3,55,84,10,89,407,4,38,Intermediate,Operating Systems,Low
8447,High Achiever,Programming,5,61,100,15,95,871,6,53,Advanced,Advanced Algorithms,Low
8448,Consistent Learner,Computer Networks,4,37,82,8,81,573,5,48,Intermediate,Algorithms,Low
8449,High Achiever,Programming,4,68,91,17,97,852,6,84,Advanced,Advanced Algorithms,Low
8450,Consistent Learner,Operating Systems,3,46,82,11,75,553,4,21,Intermediate,Computer Networks,Low
8451,Consistent Learner,Machine Learning,4,55,83,10,75,681,4,57,Intermediate,Computer Networks,Low
8452,Consistent Learner,Machine Learning,3,55,79,14,78,571,5,57,Intermediate,Computer Networks,Low
8453,Casual Learner,Web Development,2,15,66,5,75,302,2,15,Intermediate,Data Structures,Medium
8454,Inactive Student,Machine Learning,1,1,6,2,40,37,1,0,Beginner,Introduction to C++,High
8455,Struggling Student,Programming,1,7,45,5,47,136,2,5,Beginner,Programming Fundamentals,High
8456,Consistent Learner,Database,4,53,90,8,89,573,5,38,Intermediate,Machine Learning,Low
8457,Consistent Learner,Machine Learning,3,39,82,13,83,415,6,27,Intermediate,Machine Learning,Low
8458,High Achiever,Machine Learning,5,70,94,15,96,773,7,103,Advanced,Advanced Algorithms,Low
8459,High Achiever,DSA,5,66,99,20,95,892,6,99,Advanced,Advanced Algorithms,Low
8460,Casual Learner,Programming,2,26,53,5,63,258,3,23,Intermediate,Object-Oriented Programming,Medium
8461,Casual Learner,Machine Learning,2,21,70,8,72,370,4,11,Intermediate,Database Systems,Medium
8462,Consistent Learner,Web Development,3,42,87,14,82,592,4,53,Intermediate,Machine Learning,Low
8463,Struggling Student,Machine Learning,2,15,45,6,57,69,1,5,Beginner,Introduction to C++,High
8464,Casual Learner,Machine Learning,3,22,67,7,60,273,2,19,Intermediate,Database Systems,Medium
8465,Consistent Learner,Programming,4,40,84,11,77,669,6,48,Intermediate,Computer Networks,Low
8466,High Achiever,Programming,4,55,93,12,88,825,7,57,Advanced,Operating Systems,Low
8467,Casual Learner,Programming,3,35,55,8,72,236,2,13,Intermediate,Computer Networks,Medium
8468,Consistent Learner,Operating Systems,4,51,82,11,76,421,4,58,Intermediate,Computer Networks,Low
8469,Consistent Learner,Computer Networks,4,55,86,13,80,658,4,38,Intermediate,Machine Learning,Low
8470,Casual Learner,Web Development,2,30,50,4,63,233,4,22,Intermediate,Database Systems,Medium
8471,Struggling Student,DSA,1,12,41,3,57,91,2,1,Beginner,Introduction to C++,High
8472,Casual Learner,Web Development,3,23,67,7,69,336,2,7,Intermediate,Database Systems,Medium
8473,Consistent Learner,DSA,3,35,88,14,80,542,6,55,Intermediate,Algorithms,Low
8474,Casual Learner,DSA,3,24,56,6,71,278,4,11,Intermediate,Data Structures,Medium
8475,Casual Learner,Web Development,3,22,74,6,64,193,3,5,Intermediate,Object-Oriented Programming,Medium
8476,Consistent Learner,Operating Systems,3,46,76,12,81,545,5,23,Intermediate,Algorithms,Low
8477,Struggling Student,Web Development,1,10,20,6,45,173,2,3,Beginner,Introduction to C++,High
8478,Casual Learner,Computer Networks,2,28,52,7,71,201,3,13,Intermediate,Data Structures,Medium
8479,Casual Learner,Machine Learning,2,20,71,8,74,188,2,9,Intermediate,Data Structures,Medium
8480,Struggling Student,Web Development,1,8,39,6,58,160,1,4,Beginner,Programming Basics,High
8481,Inactive Student,Machine Learning,1,5,16,2,28,53,1,2,Beginner,Programming Fundamentals,High
8482,Consistent Learner,Programming,3,39,89,11,75,630,6,46,Intermediate,Database Systems,Low
8483,High Achiever,Web Development,5,64,94,14,100,701,7,44,Advanced,Deep Learning,Low
8484,Casual Learner,DSA,3,33,69,5,67,243,2,10,Intermediate,Web Development,Medium
8485,Casual Learner,Machine Learning,3,18,52,8,73,368,4,5,Intermediate,Database Systems,Medium
8486,Consistent Learner,DSA,3,38,80,11,79,580,5,37,Intermediate,Computer Networks,Low
8487,Inactive Student,Database,1,3,12,2,31,19,1,2,Beginner,Introduction to C++,High
8488,Consistent Learner,Database,4,45,77,12,83,518,5,28,Intermediate,Machine Learning,Low
8489,Consistent Learner,DSA,4,35,86,13,77,440,5,39,Intermediate,Computer Networks,Low
8490,Inactive Student,Web Development,1,5,11,2,0,43,1,1,Beginner,Introduction to C++,High
8491,Consistent Learner,Operating Systems,3,45,84,13,79,477,6,55,Intermediate,Data Structures,Low
8492,Casual Learner,Computer Networks,2,28,50,5,75,345,4,14,Intermediate,Computer Networks,Medium
8493,High Achiever,Database,5,74,96,20,95,1042,6,66,Advanced,Deep Learning,Low
8494,Consistent Learner,Programming,4,47,77,8,76,628,5,32,Intermediate,Data Structures,Low
8495,Consistent Learner,Machine Learning,4,48,86,9,86,684,4,55,Intermediate,Operating Systems,Low
8496,Struggling Student,Database,2,14,48,2,54,80,1,5,Beginner,Programming Fundamentals,High
8497,Casual Learner,Machine Learning,2,35,57,8,71,268,2,16,Intermediate,Data Structures,Medium
8498,High Achiever,Computer Networks,4,63,96,18,95,820,6,104,Advanced,Advanced Algorithms,Low
8499,Inactive Student,Database,1,4,0,2,5,11,1,0,Beginner,Introduction to C++,High
8500,Casual Learner,Web Development,2,16,52,4,62,273,3,18,Intermediate,Object-Oriented Programming,Medium
8501,Inactive Student,Programming,1,5,2,0,32,17,1,1,Beginner,Introduction to C++,High
8502,Struggling Student,Computer Networks,1,18,39,3,56,72,1,5,Beginner,Programming Basics,High
8503,High Achiever,Database,5,67,96,18,92,980,7,95,Advanced,Machine Learning,Low
8504,Struggling Student,Machine Learning,1,5,23,4,50,81,2,2,Beginner,Introduction to C++,High
8505,Casual Learner,Computer Networks,2,23,56,4,62,228,4,19,Intermediate,Database Systems,Medium
8506,High Achiever,Machine Learning,4,57,100,12,99,910,6,101,Advanced,Machine Learning,Low
8507,Consistent Learner,Database,4,38,90,11,89,480,4,47,Intermediate,Machine Learning,Low
8508,Inactive Student,Programming,1,0,12,0,20,36,1,0,Beginner,Introduction to C++,High
8509,Consistent Learner,Web Development,4,39,75,12,81,653,4,40,Intermediate,Operating Systems,Low
8510,Consistent Learner,Operating Systems,4,38,87,13,81,654,6,40,Intermediate,Algorithms,Low
8511,High Achiever,Machine Learning,4,79,100,12,90,954,6,70,Advanced,Deep Learning,Low
8512,Struggling Student,Computer Networks,2,10,42,5,52,68,1,6,Beginner,Programming Basics,High
8513,Struggling Student,DSA,1,15,48,5,51,99,1,6,Beginner,Introduction to C++,High
8514,Casual Learner,Machine Learning,2,18,60,5,73,389,4,5,Intermediate,Database Systems,Medium
8515,Consistent Learner,Web Development,3,45,81,12,90,682,5,48,Intermediate,Advanced Algorithms,Low
8516,High Achiever,Computer Networks,5,67,95,13,92,854,7,85,Advanced,Machine Learning,Low
8517,Struggling Student,DSA,1,16,26,2,44,93,1,5,Beginner,Programming Basics,High
8518,Casual Learner,DSA,3,31,68,4,71,381,4,17,Intermediate,Database Systems,Medium
8519,Consistent Learner,Computer Networks,3,50,81,11,80,411,5,27,Intermediate,Machine Learning,Low
8520,Casual Learner,Machine Learning,2,34,72,6,65,248,2,21,Intermediate,Database Systems,Medium
8521,Inactive Student,Database,1,4,18,0,0,24,0,1,Beginner,Introduction to C++,High
8522,High Achiever,Machine Learning,5,67,92,16,88,960,6,111,Advanced,Algorithms,Low
8523,Inactive Student,DSA,1,5,1,0,36,11,1,0,Beginner,Programming Basics,High
8524,Casual Learner,DSA,2,25,65,4,64,362,3,20,Intermediate,Object-Oriented Programming,Medium
8525,High Achiever,DSA,5,70,91,17,95,951,6,55,Advanced,Deep Learning,Low
8526,Consistent Learner,Operating Systems,4,42,89,12,87,421,4,45,Intermediate,Algorithms,Low
8527,Struggling Student,Machine Learning,2,8,39,5,57,81,1,4,Beginner,Programming Basics,High
8528,Casual Learner,Programming,3,29,53,7,66,182,2,11,Intermediate,Object-Oriented Programming,Medium
8529,Casual Learner,Web Development,3,23,52,6,72,320,4,20,Intermediate,Database Systems,Medium
8530,Casual Learner,Computer Networks,3,25,70,8,66,355,4,11,Intermediate,Object-Oriented Programming,Medium
8531,Inactive Student,Operating Systems,1,5,7,2,39,1,0,0,Beginner,Introduction to C++,High
8532,Struggling Student,DSA,1,5,37,3,53,177,1,7,Beginner,Programming Fundamentals,High
8533,Consistent Learner,Machine Learning,4,53,84,11,82,444,4,20,Intermediate,Operating Systems,Low
8534,Casual Learner,DSA,2,24,66,4,73,204,2,11,Intermediate,Data Structures,Medium
8535,Casual Learner,DSA,3,30,75,4,63,275,4,24,Intermediate,Database Systems,Medium
8536,Casual Learner,Machine Learning,3,26,55,7,67,398,4,5,Intermediate,Object-Oriented Programming,Medium
8537,Casual Learner,Web Development,3,34,66,4,66,215,4,19,Intermediate,Web Development,Medium
8538,Struggling Student,DSA,2,11,32,3,58,62,1,4,Beginner,Introduction to C++,High
8539,Inactive Student,Programming,1,1,17,0,37,59,0,2,Beginner,Introduction to C++,High
8540,Consistent Learner,Operating Systems,4,50,81,14,85,423,6,54,Intermediate,Algorithms,Low
8541,High Achiever,Operating Systems,4,77,94,19,98,1045,6,42,Advanced,Machine Learning,Low
8542,Casual Learner,Database,2,29,58,8,65,251,2,22,Intermediate,Object-Oriented Programming,Medium
8543,Casual Learner,DSA,3,28,64,5,60,301,4,7,Intermediate,Web Development,Medium
8544,Casual Learner,Programming,3,30,57,6,64,299,2,10,Intermediate,Object-Oriented Programming,Medium
8545,Casual Learner,Operating Systems,3,32,71,4,60,348,2,16,Intermediate,Object-Oriented Programming,Medium
8546,Casual Learner,Database,3,19,54,4,73,317,3,20,Intermediate,Data Structures,Medium
8547,Casual Learner,Database,2,35,67,8,68,196,3,10,Intermediate,Object-Oriented Programming,Medium
8548,Consistent Learner,Machine Learning,3,55,76,14,79,692,6,22,Intermediate,Data Structures,Low
8549,Inactive Student,Computer Networks,1,3,11,0,23,4,1,1,Beginner,Introduction to C++,High
8550,Casual Learner,Operating Systems,2,22,71,6,66,355,3,17,Intermediate,Web Development,Medium
8551,Casual Learner,Web Development,3,35,63,6,60,235,2,16,Intermediate,Object-Oriented Programming,Medium
8552,Consistent Learner,Machine Learning,3,38,85,13,79,629,5,42,Intermediate,Data Structures,Low
8553,Casual Learner,Web Development,2,22,51,7,71,357,4,15,Intermediate,Database Systems,Medium
8554,Casual Learner,Operating Systems,2,34,70,7,67,213,2,23,Intermediate,Web Development,Medium
8555,Inactive Student,Machine Learning,1,2,20,1,31,57,1,0,Beginner,Programming Fundamentals,High
8556,Inactive Student,DSA,1,1,19,2,31,4,0,0,Beginner,Introduction to C++,High
8557,Consistent Learner,Programming,4,38,82,14,89,639,6,23,Intermediate,Machine Learning,Low
8558,High Achiever,Machine Learning,5,72,90,13,96,938,6,92,Advanced,Deep Learning,Low
8559,Casual Learner,Machine Learning,2,23,70,4,61,264,3,17,Intermediate,Database Systems,Medium
8560,Struggling Student,DSA,2,7,34,4,44,64,2,5,Beginner,Programming Basics,High
8561,Casual Learner,Programming,3,17,56,7,70,282,3,22,Intermediate,Database Systems,Medium
8562,Struggling Student,Computer Networks,1,9,46,3,53,95,1,7,Beginner,Programming Basics,High
8563,Inactive Student,Database,1,4,0,2,32,40,1,2,Beginner,Programming Basics,High
8564,High Achiever,DSA,5,58,98,20,90,985,6,90,Advanced,Machine Learning,Low
8565,Consistent Learner,Database,3,42,83,10,77,458,4,30,Intermediate,Data Structures,Low
8566,High Achiever,DSA,4,57,96,12,98,1151,6,59,Advanced,Advanced Algorithms,Low
8567,Struggling Student,Machine Learning,1,12,20,6,59,171,2,3,Beginner,Introduction to C++,High
8568,Consistent Learner,DSA,3,42,76,14,75,478,4,30,Intermediate,Computer Networks,Low
8569,Casual Learner,DSA,2,19,58,4,61,279,2,9,Intermediate,Database Systems,Medium
8570,High Achiever,Database,5,56,90,18,92,1109,6,72,Advanced,Deep Learning,Low
8571,Casual Learner,Machine Learning,2,35,55,8,60,368,2,19,Intermediate,Database Systems,Medium
8572,Casual Learner,Machine Learning,2,23,60,4,65,184,4,10,Intermediate,Database Systems,Medium
8573,Struggling Student,Machine Learning,1,12,37,3,59,122,1,6,Beginner,Programming Basics,High
8574,Casual Learner,DSA,3,24,60,5,74,248,2,7,Intermediate,Computer Networks,Medium
8575,Consistent Learner,Machine Learning,4,54,76,14,86,613,5,32,Intermediate,Algorithms,Low
8576,Casual Learner,Web Development,3,34,57,4,64,247,4,12,Intermediate,Web Development,Medium
8577,Struggling Student,DSA,2,14,21,5,60,180,2,5,Beginner,Database Systems,High
8578,Casual Learner,Database,3,23,53,5,64,239,3,17,Intermediate,Object-Oriented Programming,Medium
8579,Casual Learner,Operating Systems,3,20,57,4,62,332,4,19,Intermediate,Object-Oriented Programming,Medium
8580,Casual Learner,DSA,3,34,59,6,64,377,2,13,Intermediate,Database Systems,Medium
8581,Struggling Student,Database,1,15,21,4,45,112,2,4,Beginner,Programming Fundamentals,High
8582,Casual Learner,Machine Learning,2,35,64,7,63,243,2,25,Intermediate,Web Development,Medium
8583,Casual Learner,Web Development,3,22,71,8,70,254,4,6,Intermediate,Data Structures,Medium
8584,Struggling Student,DSA,1,5,42,3,53,158,2,7,Beginner,Programming Fundamentals,High
8585,Consistent Learner,DSA,4,35,85,11,75,481,5,32,Intermediate,Computer Networks,Low
8586,High Achiever,Computer Networks,4,71,92,12,88,704,6,67,Advanced,Operating Systems,Low
8587,High Achiever,Programming,4,56,98,12,88,990,6,111,Advanced,Algorithms,Low
8588,High Achiever,Programming,4,72,98,19,96,753,7,54,Advanced,Deep Learning,Low
8589,High Achiever,Machine Learning,4,68,95,16,88,1108,6,90,Advanced,Algorithms,Low
8590,Struggling Student,Operating Systems,1,14,31,4,51,177,1,8,Beginner,Programming Basics,High
8591,Casual Learner,Machine Learning,2,25,71,6,65,224,4,6,Intermediate,Database Systems,Medium
8592,Casual Learner,DSA,2,31,57,7,62,358,3,21,Intermediate,Database Systems,Medium
8593,Consistent Learner,Database,4,41,80,10,79,549,5,45,Intermediate,Data Structures,Low
8594,Consistent Learner,DSA,4,51,83,9,80,412,6,21,Intermediate,Algorithms,Low
8595,High Achiever,Database,4,80,91,12,89,922,6,117,Advanced,Machine Learning,Low
8596,Struggling Student,Computer Networks,2,12,40,2,48,152,1,1,Beginner,Programming Basics,High
8597,Consistent Learner,Machine Learning,3,46,76,12,75,589,5,31,Intermediate,Data Structures,Low
8598,Consistent Learner,Database,4,44,77,10,78,681,4,35,Intermediate,Database Systems,Low
8599,Inactive Student,Computer Networks,1,4,20,2,7,23,0,2,Beginner,Introduction to C++,High
8600,Casual Learner,Operating Systems,2,33,73,8,60,263,2,19,Intermediate,Web Development,Medium
8601,Inactive Student,Computer Networks,1,5,18,2,6,45,1,2,Beginner,Introduction to C++,High
8602,Struggling Student,DSA,2,11,37,4,60,166,1,2,Beginner,Database Systems,High
8603,High Achiever,Machine Learning,4,67,91,15,94,772,7,69,Advanced,Advanced Algorithms,Low
8604,Consistent Learner,Programming,3,49,81,13,85,689,4,29,Intermediate,Operating Systems,Low
8605,Consistent Learner,Database,4,35,85,13,85,537,6,44,Intermediate,Algorithms,Low
8606,Casual Learner,Programming,2,29,50,4,72,378,4,9,Intermediate,Database Systems,Medium
8607,Casual Learner,Web Development,2,16,67,6,69,300,3,6,Intermediate,Web Development,Medium
8608,Casual Learner,Web Development,3,20,66,7,75,254,2,12,Intermediate,Data Structures,Medium
8609,Struggling Student,Machine Learning,2,18,45,3,50,157,1,5,Beginner,Programming Fundamentals,High
8610,Casual Learner,Computer Networks,2,26,55,6,70,322,2,12,Intermediate,Computer Networks,Medium
8611,High Achiever,Database,4,74,95,15,89,1072,6,49,Advanced,Algorithms,Low
8612,Consistent Learner,DSA,3,44,85,13,90,573,4,48,Intermediate,Deep Learning,Low
8613,Consistent Learner,Operating Systems,3,54,80,13,88,465,4,57,Intermediate,Machine Learning,Low
8614,Struggling Student,DSA,1,9,31,5,45,114,2,5,Beginner,Programming Basics,High
8615,Consistent Learner,Machine Learning,4,47,75,14,78,691,6,36,Intermediate,Database Systems,Low
8616,Struggling Student,Programming,1,11,20,6,43,164,1,8,Beginner,Introduction to C++,High
8617,Casual Learner,DSA,3,24,70,8,72,210,4,15,Intermediate,Data Structures,Medium
8618,Inactive Student,Database,1,2,3,0,3,55,0,0,Beginner,Programming Basics,High
8619,Casual Learner,Programming,3,24,65,4,61,261,3,22,Intermediate,Database Systems,Medium
8620,Inactive Student,Programming,1,1,20,1,6,13,0,0,Beginner,Programming Fundamentals,High
8621,Consistent Learner,DSA,4,37,76,8,81,614,5,47,Intermediate,Algorithms,Low
8622,Casual Learner,DSA,3,34,66,8,62,374,3,23,Intermediate,Database Systems,Medium
8623,Struggling Student,Computer Networks,2,11,50,2,52,133,2,6,Beginner,Programming Fundamentals,High
8624,Inactive Student,Machine Learning,1,4,3,1,11,48,1,0,Beginner,Introduction to C++,High
8625,Casual Learner,Computer Networks,2,34,50,4,72,385,4,8,Intermediate,Database Systems,Medium
8626,Consistent Learner,Computer Networks,4,43,83,14,82,433,5,30,Intermediate,Algorithms,Low
8627,High Achiever,Programming,4,55,90,16,98,879,6,45,Advanced,Advanced Algorithms,Low
8628,Struggling Student,DSA,2,5,47,6,52,125,1,2,Beginner,Programming Basics,High
8629,Consistent Learner,Web Development,3,51,88,11,88,677,5,36,Intermediate,Machine Learning,Low
8630,High Achiever,Operating Systems,4,58,99,13,95,1091,6,88,Advanced,Machine Learning,Low
8631,Struggling Student,Computer Networks,1,12,37,6,49,76,2,1,Beginner,Programming Basics,High
8632,Consistent Learner,Programming,3,53,75,9,78,571,5,28,Intermediate,Database Systems,Low
8633,Casual Learner,Computer Networks,2,31,57,8,63,208,2,8,Intermediate,Object-Oriented Programming,Medium
8634,Consistent Learner,Web Development,3,37,80,13,83,543,4,32,Intermediate,Machine Learning,Low
8635,High Achiever,DSA,5,68,97,15,90,1057,6,116,Advanced,Machine Learning,Low
8636,Casual Learner,DSA,2,20,51,8,70,391,3,14,Intermediate,Data Structures,Medium
8637,Casual Learner,Database,2,27,72,8,73,326,2,13,Intermediate,Computer Networks,Medium
8638,High Achiever,Programming,5,80,96,17,100,903,6,42,Advanced,Advanced Algorithms,Low
8639,High Achiever,Computer Networks,4,62,98,19,93,1028,7,93,Advanced,Deep Learning,Low
8640,Consistent Learner,Programming,3,43,80,12,79,518,4,37,Intermediate,Database Systems,Low
8641,Consistent Learner,Programming,4,50,77,10,80,648,4,20,Intermediate,Machine Learning,Low
8642,High Achiever,Operating Systems,4,74,95,16,100,750,7,112,Advanced,Machine Learning,Low
8643,Struggling Student,Programming,1,6,24,6,48,78,2,7,Beginner,Programming Fundamentals,High
8644,High Achiever,Machine Learning,5,60,93,14,98,906,7,58,Advanced,Deep Learning,Low
8645,High Achiever,DSA,5,70,92,19,94,1042,6,85,Advanced,Deep Learning,Low
8646,Consistent Learner,Programming,4,51,81,8,75,510,5,39,Intermediate,Database Systems,Low
8647,Casual Learner,DSA,2,29,59,8,65,192,4,20,Intermediate,Web Development,Medium
8648,Casual Learner,Programming,2,29,66,8,60,372,2,25,Intermediate,Object-Oriented Programming,Medium
8649,High Achiever,Machine Learning,5,57,99,12,94,786,7,78,Advanced,Machine Learning,Low
8650,High Achiever,DSA,4,61,90,18,99,872,7,53,Advanced,Machine Learning,Low
8651,Casual Learner,Database,2,21,71,6,60,346,4,5,Intermediate,Object-Oriented Programming,Medium
8652,Consistent Learner,Web Development,3,44,84,11,83,466,4,37,Intermediate,Algorithms,Low
8653,Consistent Learner,Computer Networks,3,49,78,12,75,550,5,49,Intermediate,Database Systems,Low
8654,Casual Learner,DSA,3,20,61,8,69,374,3,25,Intermediate,Object-Oriented Programming,Medium
8655,Casual Learner,DSA,2,30,63,8,71,339,2,16,Intermediate,Data Structures,Medium
8656,High Achiever,Database,4,79,91,19,92,1132,6,90,Advanced,Machine Learning,Low
8657,Inactive Student,Operating Systems,1,5,19,1,39,3,1,0,Beginner,Programming Basics,High
8658,Casual Learner,Database,2,29,57,5,75,235,3,8,Intermediate,Data Structures,Medium
8659,Struggling Student,Programming,1,15,26,2,56,113,1,6,Beginner,Programming Fundamentals,High
8660,High Achiever,Database,5,74,93,18,94,1192,7,69,Advanced,Advanced Algorithms,Low
8661,High Achiever,Machine Learning,4,56,99,13,96,1058,6,101,Advanced,Machine Learning,Low
8662,Casual Learner,Operating Systems,2,31,68,6,63,249,4,7,Intermediate,Web Development,Medium
8663,Casual Learner,DSA,3,31,62,4,74,354,2,19,Intermediate,Computer Networks,Medium
8664,Casual Learner,Database,3,15,65,6,72,308,4,18,Intermediate,Computer Networks,Medium
8665,High Achiever,Operating Systems,5,70,99,12,100,1065,6,51,Advanced,Advanced Algorithms,Low
8666,Consistent Learner,Operating Systems,4,53,89,13,89,436,6,25,Intermediate,Algorithms,Low
8667,Casual Learner,Programming,2,30,51,6,69,279,3,23,Intermediate,Database Systems,Medium
8668,High Achiever,Operating Systems,5,76,97,19,98,989,6,105,Advanced,Advanced Algorithms,Low
8669,High Achiever,Machine Learning,5,71,91,15,98,826,7,56,Advanced,Advanced Algorithms,Low
8670,Casual Learner,Computer Networks,3,35,51,4,71,371,3,15,Intermediate,Data Structures,Medium
8671,High Achiever,DSA,4,64,93,13,99,1171,7,92,Advanced,Deep Learning,Low
8672,High Achiever,Machine Learning,5,55,93,18,98,1152,7,45,Advanced,Machine Learning,Low
8673,Casual Learner,Operating Systems,2,28,66,7,66,234,2,17,Intermediate,Object-Oriented Programming,Medium
8674,High Achiever,Programming,4,76,98,17,96,1014,7,100,Advanced,Machine Learning,Low
8675,Casual Learner,Operating Systems,3,26,53,6,65,206,4,21,Intermediate,Object-Oriented Programming,Medium
8676,Casual Learner,DSA,2,15,67,4,74,216,4,17,Intermediate,Data Structures,Medium
8677,Inactive Student,Web Development,1,3,2,0,17,8,0,1,Beginner,Introduction to C++,High
8678,High Achiever,Web Development,4,78,100,12,100,941,6,101,Advanced,Advanced Algorithms,Low
8679,Struggling Student,Machine Learning,2,14,42,6,48,169,1,2,Beginner,Programming Fundamentals,High
8680,Casual Learner,Operating Systems,2,27,63,5,67,373,4,25,Intermediate,Database Systems,Medium
8681,Casual Learner,Programming,3,26,63,4,60,383,2,10,Intermediate,Web Development,Medium
8682,Consistent Learner,Computer Networks,4,35,82,10,81,577,6,43,Intermediate,Algorithms,Low
8683,Consistent Learner,Web Development,4,36,90,12,90,601,5,58,Intermediate,Advanced Algorithms,Low
8684,Consistent Learner,Web Development,3,54,86,9,76,700,6,39,Intermediate,Database Systems,Low
8685,Casual Learner,DSA,3,30,64,7,68,206,3,14,Intermediate,Database Systems,Medium
8686,Struggling Student,Computer Networks,1,9,41,4,43,138,1,2,Beginner,Programming Basics,High
8687,Casual Learner,DSA,2,24,56,8,68,217,2,19,Intermediate,Database Systems,Medium
8688,Casual Learner,Programming,3,26,69,7,65,194,3,17,Intermediate,Database Systems,Medium
8689,High Achiever,Web Development,4,74,92,18,98,981,6,99,Advanced,Deep Learning,Low
8690,Inactive Student,Computer Networks,1,0,18,1,29,0,0,0,Beginner,Programming Fundamentals,High
8691,Casual Learner,Computer Networks,2,28,68,7,67,378,2,21,Intermediate,Object-Oriented Programming,Medium
8692,Inactive Student,Web Development,1,4,19,2,39,43,0,2,Beginner,Introduction to C++,High
8693,Consistent Learner,Database,3,52,78,10,78,497,5,58,Intermediate,Computer Networks,Low
8694,Consistent Learner,Web Development,3,35,75,9,81,696,5,48,Intermediate,Algorithms,Low
8695,Consistent Learner,Programming,3,44,86,14,86,432,5,33,Intermediate,Operating Systems,Low
8696,Casual Learner,Operating Systems,2,20,66,8,74,353,4,8,Intermediate,Data Structures,Medium
8697,Consistent Learner,Database,4,54,77,8,77,673,4,59,Intermediate,Computer Networks,Low
8698,High Achiever,Web Development,4,78,98,20,98,1193,6,55,Advanced,Machine Learning,Low
8699,Casual Learner,Database,3,18,58,5,69,188,2,7,Intermediate,Database Systems,Medium
8700,Struggling Student,Database,1,15,49,3,46,179,2,7,Beginner,Programming Fundamentals,High
8701,High Achiever,Operating Systems,5,56,95,17,91,708,7,57,Advanced,Advanced Algorithms,Low
8702,Casual Learner,Programming,3,33,66,7,66,195,2,19,Intermediate,Database Systems,Medium
8703,Casual Learner,Web Development,2,34,71,6,64,363,3,14,Intermediate,Database Systems,Medium
8704,Consistent Learner,Machine Learning,4,55,87,12,88,681,4,45,Intermediate,Operating Systems,Low
8705,High Achiever,Web Development,4,72,90,16,89,930,7,111,Advanced,Operating Systems,Low
8706,Casual Learner,DSA,2,22,57,6,61,186,2,19,Intermediate,Database Systems,Medium
8707,Consistent Learner,Programming,3,51,85,10,76,506,6,37,Intermediate,Computer Networks,Low
8708,Casual Learner,Operating Systems,2,15,63,8,75,229,2,19,Intermediate,Data Structures,Medium
8709,Casual Learner,Operating Systems,2,22,72,4,61,352,2,5,Intermediate,Web Development,Medium
8710,Consistent Learner,Database,4,46,78,9,75,455,4,20,Intermediate,Database Systems,Low
8711,Consistent Learner,Operating Systems,3,47,81,10,78,442,4,41,Intermediate,Data Structures,Low
8712,High Achiever,Web Development,4,80,95,19,100,1151,7,62,Advanced,Deep Learning,Low
8713,High Achiever,Machine Learning,5,72,94,15,94,757,6,103,Advanced,Machine Learning,Low
8714,Inactive Student,Machine Learning,1,2,17,2,9,18,0,1,Beginner,Programming Fundamentals,High
8715,Struggling Student,DSA,1,18,45,6,50,117,2,3,Beginner,Programming Fundamentals,High
8716,Struggling Student,Web Development,1,8,38,2,53,151,1,4,Beginner,Programming Fundamentals,High
8717,Consistent Learner,Programming,3,44,85,14,85,490,5,45,Intermediate,Operating Systems,Low
8718,Inactive Student,Computer Networks,1,5,1,2,34,2,1,2,Beginner,Programming Basics,High
8719,Consistent Learner,Operating Systems,4,39,79,8,86,556,4,35,Intermediate,Machine Learning,Low
8720,Inactive Student,Computer Networks,1,1,17,0,39,6,0,1,Beginner,Programming Basics,High
8721,Consistent Learner,Database,3,38,87,12,85,680,4,23,Intermediate,Machine Learning,Low
8722,Casual Learner,Programming,2,28,51,5,61,400,4,7,Intermediate,Object-Oriented Programming,Medium
8723,High Achiever,Programming,4,66,98,16,100,1108,7,59,Advanced,Machine Learning,Low
8724,Casual Learner,Operating Systems,3,31,59,8,67,375,4,18,Intermediate,Web Development,Medium
8725,Inactive Student,Programming,1,5,4,0,21,2,0,0,Beginner,Introduction to C++,High
8726,Casual Learner,Computer Networks,3,32,74,4,66,300,4,13,Intermediate,Object-Oriented Programming,Medium
8727,Struggling Student,Programming,2,17,22,4,55,62,2,3,Beginner,Programming Basics,High
8728,High Achiever,Database,5,80,90,17,97,974,6,91,Advanced,Machine Learning,Low
8729,High Achiever,Computer Networks,5,64,97,18,98,1058,6,76,Advanced,Advanced Algorithms,Low
8730,Struggling Student,DSA,2,5,31,2,42,89,2,2,Beginner,Programming Fundamentals,High
8731,Consistent Learner,Computer Networks,4,49,85,14,83,585,4,34,Intermediate,Machine Learning,Low
8732,Consistent Learner,Machine Learning,4,39,85,10,75,579,5,29,Intermediate,Database Systems,Low
8733,High Achiever,Programming,5,75,91,17,92,705,6,62,Advanced,Advanced Algorithms,Low
8734,Inactive Student,Computer Networks,1,1,9,1,25,10,1,0,Beginner,Introduction to C++,High
8735,Struggling Student,Database,1,10,28,4,59,135,2,8,Beginner,Programming Basics,High
8736,Casual Learner,Database,3,25,71,4,61,219,2,5,Intermediate,Web Development,Medium
8737,Struggling Student,Web Development,1,14,49,5,54,159,1,7,Beginner,Introduction to C++,High
8738,High Achiever,Machine Learning,4,71,95,12,92,721,7,56,Advanced,Machine Learning,Low
8739,Casual Learner,Database,2,24,53,4,64,391,2,5,Intermediate,Object-Oriented Programming,Medium
8740,Struggling Student,DSA,1,16,23,2,47,77,2,4,Beginner,Programming Basics,High
8741,Casual Learner,Machine Learning,3,31,59,8,73,289,3,21,Intermediate,Database Systems,Medium
8742,Casual Learner,Database,2,26,71,5,62,226,2,7,Intermediate,Web Development,Medium
8743,High Achiever,DSA,5,56,95,18,97,728,7,70,Advanced,Deep Learning,Low
8744,Struggling Student,Computer Networks,2,16,43,4,48,152,2,5,Beginner,Introduction to C++,High
8745,High Achiever,Programming,4,55,96,19,88,1015,6,86,Advanced,Algorithms,Low
8746,Casual Learner,Programming,2,20,63,4,70,204,4,22,Intermediate,Database Systems,Medium
8747,High Achiever,Database,4,76,94,16,94,833,7,69,Advanced,Advanced Algorithms,Low
8748,Casual Learner,Machine Learning,2,19,66,6,61,196,3,13,Intermediate,Web Development,Medium
8749,Casual Learner,Operating Systems,3,33,51,6,75,344,2,15,Intermediate,Computer Networks,Medium
8750,High Achiever,Database,4,68,93,13,96,1008,6,96,Advanced,Deep Learning,Low
8751,High Achiever,Programming,5,76,100,14,89,871,6,118,Advanced,Operating Systems,Low
8752,High Achiever,Programming,5,55,96,19,99,1062,7,104,Advanced,Advanced Algorithms,Low
8753,Inactive Student,Programming,1,3,19,2,36,3,0,2,Beginner,Programming Fundamentals,High
8754,Consistent Learner,Programming,3,53,82,11,86,661,4,33,Intermediate,Operating Systems,Low
8755,High Achiever,Programming,4,57,97,12,97,999,7,76,Advanced,Advanced Algorithms,Low
8756,Consistent Learner,Web Development,3,52,77,9,83,458,4,31,Intermediate,Operating Systems,Low
8757,High Achiever,Programming,5,73,91,20,100,1172,7,67,Advanced,Deep Learning,Low
8758,Inactive Student,Programming,1,3,15,0,29,25,1,1,Beginner,Programming Basics,High
8759,Consistent Learner,Computer Networks,3,39,90,14,78,640,5,35,Intermediate,Data Structures,Low
8760,Consistent Learner,Computer Networks,4,55,90,12,77,430,5,28,Intermediate,Computer Networks,Low
8761,Casual Learner,Programming,3,32,75,7,67,198,4,16,Intermediate,Database Systems,Medium
8762,High Achiever,Database,5,69,96,19,96,924,6,81,Advanced,Advanced Algorithms,Low
8763,Consistent Learner,Programming,3,48,87,12,77,444,5,33,Intermediate,Database Systems,Low
8764,High Achiever,Computer Networks,5,59,94,14,94,1192,7,114,Advanced,Deep Learning,Low
8765,Casual Learner,Web Development,3,31,63,8,60,193,3,22,Intermediate,Object-Oriented Programming,Medium
8766,Casual Learner,Programming,3,15,58,4,67,306,4,25,Intermediate,Database Systems,Medium
8767,Consistent Learner,Programming,4,53,90,8,81,682,4,39,Intermediate,Algorithms,Low
8768,High Achiever,Programming,4,57,95,17,95,1085,7,46,Advanced,Machine Learning,Low
8769,Casual Learner,Programming,3,31,59,8,60,309,2,13,Intermediate,Database Systems,Medium
8770,Consistent Learner,Computer Networks,4,42,79,8,78,500,4,29,Intermediate,Data Structures,Low
8771,Consistent Learner,Operating Systems,3,55,86,10,76,526,5,48,Intermediate,Data Structures,Low
8772,Consistent Learner,DSA,4,43,90,9,89,682,4,28,Intermediate,Algorithms,Low
8773,Casual Learner,Computer Networks,3,35,75,7,67,390,3,7,Intermediate,Database Systems,Medium
8774,Casual Learner,Database,3,16,71,7,73,195,3,18,Intermediate,Database Systems,Medium
8775,Consistent Learner,Programming,3,43,81,10,87,687,4,36,Intermediate,Operating Systems,Low
8776,Consistent Learner,Machine Learning,4,45,78,13,85,650,6,53,Intermediate,Algorithms,Low
8777,High Achiever,Operating Systems,4,59,96,19,98,821,7,46,Advanced,Deep Learning,Low
8778,Inactive Student,DSA,1,5,1,0,28,53,0,2,Beginner,Programming Basics,High
8779,Struggling Student,Machine Learning,2,14,25,5,57,91,1,3,Beginner,Programming Fundamentals,High
8780,Consistent Learner,Computer Networks,4,52,82,10,85,459,4,47,Intermediate,Operating Systems,Low
8781,High Achiever,Programming,5,66,91,17,98,748,6,105,Advanced,Machine Learning,Low
8782,Inactive Student,DSA,1,1,13,0,39,49,0,1,Beginner,Introduction to C++,High
8783,Casual Learner,DSA,3,34,69,7,61,264,2,6,Intermediate,Web Development,Medium
8784,Inactive Student,Machine Learning,1,4,4,1,9,24,1,2,Beginner,Programming Fundamentals,High
8785,High Achiever,DSA,5,57,95,20,94,995,7,44,Advanced,Advanced Algorithms,Low
8786,Consistent Learner,Machine Learning,4,37,79,12,77,639,6,20,Intermediate,Database Systems,Low
8787,Struggling Student,Web Development,1,10,28,4,56,154,1,7,Beginner,Programming Basics,High
8788,Inactive Student,Web Development,1,0,0,0,13,26,1,0,Beginner,Programming Basics,High
8789,Consistent Learner,Programming,4,41,86,11,87,453,4,45,Intermediate,Machine Learning,Low
8790,Casual Learner,DSA,3,33,67,6,72,319,3,10,Intermediate,Data Structures,Medium
8791,Struggling Student,DSA,2,8,44,4,48,164,1,5,Beginner,Programming Basics,High
8792,High Achiever,Computer Networks,5,60,96,19,91,904,6,59,Advanced,Deep Learning,Low
8793,Struggling Student,Operating Systems,1,10,27,2,41,180,2,4,Beginner,Programming Basics,High
8794,Casual Learner,Database,3,22,52,4,61,223,3,24,Intermediate,Object-Oriented Programming,Medium
8795,Consistent Learner,Database,4,50,88,12,77,638,4,34,Intermediate,Database Systems,Low
8796,Casual Learner,Programming,3,28,68,4,75,218,4,14,Intermediate,Database Systems,Medium
8797,Struggling Student,DSA,2,6,39,6,44,122,1,5,Beginner,Programming Basics,High
8798,Casual Learner,Machine Learning,3,32,56,5,67,234,2,18,Intermediate,Database Systems,Medium
8799,Consistent Learner,Computer Networks,4,47,77,9,86,575,4,28,Intermediate,Algorithms,Low
8800,Casual Learner,DSA,2,29,69,7,63,348,3,19,Intermediate,Web Development,Medium
8801,High Achiever,Programming,4,72,90,20,93,1098,7,48,Advanced,Deep Learning,Low
8802,Consistent Learner,Machine Learning,4,52,82,9,78,447,6,52,Intermediate,Computer Networks,Low
8803,Casual Learner,DSA,3,24,51,6,64,353,3,25,Intermediate,Database Systems,Medium
8804,Struggling Student,Programming,2,5,40,4,52,99,1,3,Beginner,Programming Fundamentals,High
8805,High Achiever,Machine Learning,5,55,99,13,93,955,6,103,Advanced,Deep Learning,Low
8806,High Achiever,Operating Systems,5,77,93,18,90,778,6,60,Advanced,Deep Learning,Low
8807,High Achiever,DSA,5,65,93,13,90,800,7,111,Advanced,Deep Learning,Low
8808,Casual Learner,Database,2,16,68,6,62,314,3,14,Intermediate,Database Systems,Medium
8809,Inactive Student,Computer Networks,1,1,1,1,11,19,1,2,Beginner,Introduction to C++,High
8810,Casual Learner,Machine Learning,3,20,64,5,62,384,2,24,Intermediate,Object-Oriented Programming,Medium
8811,Struggling Student,Programming,1,15,36,2,56,170,1,4,Beginner,Programming Fundamentals,High
8812,High Achiever,Database,4,71,95,19,90,1011,6,69,Advanced,Machine Learning,Low
8813,Inactive Student,Computer Networks,1,3,10,0,20,56,1,1,Beginner,Programming Fundamentals,High
8814,Struggling Student,Web Development,1,16,26,5,52,69,1,8,Beginner,Programming Basics,High
8815,Struggling Student,Web Development,2,16,33,4,60,154,2,4,Beginner,Object-Oriented Programming,High
8816,Consistent Learner,Programming,4,50,76,10,75,469,6,25,Intermediate,Data Structures,Low
8817,Casual Learner,Database,2,26,66,5,72,362,4,10,Intermediate,Database Systems,Medium
8818,Struggling Student,Web Development,1,15,24,4,60,178,2,6,Beginner,Web Development,High
8819,Struggling Student,DSA,2,12,49,4,53,132,1,5,Beginner,Introduction to C++,High
8820,Consistent Learner,Operating Systems,3,40,81,11,80,438,4,20,Intermediate,Algorithms,Low
8821,Casual Learner,DSA,2,19,75,4,69,257,4,14,Intermediate,Object-Oriented Programming,Medium
8822,Casual Learner,Programming,3,26,56,6,69,250,3,10,Intermediate,Object-Oriented Programming,Medium
8823,Casual Learner,Computer Networks,2,31,52,7,64,303,2,13,Intermediate,Object-Oriented Programming,Medium
8824,Consistent Learner,Web Development,4,40,75,10,83,546,4,51,Intermediate,Machine Learning,Low
8825,Inactive Student,DSA,1,5,17,0,21,43,1,2,Beginner,Programming Fundamentals,High
8826,Consistent Learner,Machine Learning,4,52,80,13,90,578,6,44,Intermediate,Deep Learning,Low
8827,Consistent Learner,Machine Learning,4,48,83,8,82,412,4,52,Intermediate,Operating Systems,Low
8828,Struggling Student,Web Development,1,5,33,3,47,102,1,7,Beginner,Programming Fundamentals,High
8829,Consistent Learner,Programming,3,43,83,14,87,547,6,40,Intermediate,Machine Learning,Low
8830,Struggling Student,Web Development,2,11,42,5,40,83,1,8,Beginner,Introduction to C++,High
8831,Casual Learner,Database,3,17,57,4,73,208,2,19,Intermediate,Computer Networks,Medium
8832,Consistent Learner,Computer Networks,4,50,84,12,84,438,6,38,Intermediate,Operating Systems,Low
8833,Consistent Learner,Web Development,4,43,85,9,89,420,5,50,Intermediate,Machine Learning,Low
8834,Consistent Learner,Database,3,45,89,10,83,462,5,20,Intermediate,Algorithms,Low
8835,High Achiever,Computer Networks,5,57,98,17,98,1199,7,88,Advanced,Advanced Algorithms,Low
8836,High Achiever,Web Development,5,66,90,20,97,757,7,116,Advanced,Machine Learning,Low
8837,Struggling Student,Web Development,2,14,38,2,51,119,2,1,Beginner,Programming Basics,High
8838,Consistent Learner,Machine Learning,4,53,76,12,75,479,5,51,Intermediate,Computer Networks,Low
8839,Casual Learner,DSA,3,33,50,8,67,259,2,20,Intermediate,Database Systems,Medium
8840,Inactive Student,Web Development,1,4,9,1,20,10,0,2,Beginner,Programming Basics,High
8841,Consistent Learner,Programming,4,47,80,14,84,519,6,51,Intermediate,Algorithms,Low
8842,Casual Learner,Database,2,16,58,5,61,204,3,6,Intermediate,Database Systems,Medium
8843,High Achiever,Web Development,4,78,97,17,97,1007,7,63,Advanced,Advanced Algorithms,Low
8844,Inactive Student,Database,1,3,20,2,23,32,1,1,Beginner,Introduction to C++,High
8845,Inactive Student,Database,1,0,10,1,23,38,1,1,Beginner,Programming Fundamentals,High
8846,Consistent Learner,Machine Learning,3,53,77,12,78,530,4,42,Intermediate,Database Systems,Low
8847,Casual Learner,Operating Systems,3,28,73,6,65,328,2,22,Intermediate,Web Development,Medium
8848,Inactive Student,Database,1,4,1,1,34,57,0,0,Beginner,Introduction to C++,High
8849,Consistent Learner,Machine Learning,3,35,85,10,79,604,4,29,Intermediate,Database Systems,Low
8850,Consistent Learner,Computer Networks,3,37,90,13,82,657,5,59,Intermediate,Machine Learning,Low
8851,Consistent Learner,Web Development,4,42,88,12,84,677,5,22,Intermediate,Machine Learning,Low
8852,High Achiever,DSA,5,59,92,15,93,1071,7,43,Advanced,Deep Learning,Low
8853,Consistent Learner,Computer Networks,3,46,90,13,78,426,6,47,Intermediate,Data Structures,Low
8854,High Achiever,Computer Networks,4,59,90,13,98,752,6,72,Advanced,Machine Learning,Low
8855,High Achiever,Database,5,77,90,16,97,1035,7,40,Advanced,Machine Learning,Low
8856,Casual Learner,Database,2,34,55,4,63,206,4,22,Intermediate,Web Development,Medium
8857,Consistent Learner,DSA,4,37,90,9,79,650,4,28,Intermediate,Computer Networks,Low
8858,Consistent Learner,Programming,3,46,79,14,89,697,5,45,Intermediate,Algorithms,Low
8859,Consistent Learner,DSA,4,38,81,14,75,459,4,23,Intermediate,Computer Networks,Low
8860,Casual Learner,Database,3,19,60,6,61,400,2,11,Intermediate,Database Systems,Medium
8861,Casual Learner,Programming,2,23,73,6,75,278,3,23,Intermediate,Database Systems,Medium
8862,Casual Learner,Computer Networks,3,34,54,7,62,201,3,25,Intermediate,Web Development,Medium
8863,Struggling Student,Web Development,2,11,32,5,60,87,1,7,Beginner,Database Systems,High
8864,Consistent Learner,Computer Networks,3,51,79,12,89,657,6,49,Intermediate,Machine Learning,Low
8865,Casual Learner,Operating Systems,2,24,61,8,69,309,3,7,Intermediate,Database Systems,Medium
8866,Casual Learner,DSA,3,22,60,7,70,255,4,21,Intermediate,Database Systems,Medium
8867,Consistent Learner,Database,3,46,83,14,78,611,6,32,Intermediate,Data Structures,Low
8868,High Achiever,Database,4,58,100,16,95,791,6,106,Advanced,Machine Learning,Low
8869,Struggling Student,DSA,2,5,49,4,50,98,2,1,Beginner,Programming Basics,High
8870,Casual Learner,Database,2,20,58,5,64,181,4,15,Intermediate,Web Development,Medium
8871,Casual Learner,DSA,2,30,69,4,68,346,2,17,Intermediate,Web Development,Medium
8872,Casual Learner,Computer Networks,2,27,70,7,73,229,3,25,Intermediate,Computer Networks,Medium
8873,Consistent Learner,Machine Learning,4,39,85,14,75,506,6,26,Intermediate,Data Structures,Low
8874,High Achiever,DSA,4,78,97,18,96,873,7,112,Advanced,Deep Learning,Low
8875,Consistent Learner,DSA,3,37,90,11,75,405,4,52,Intermediate,Data Structures,Low
8876,Struggling Student,Database,1,14,20,3,41,108,2,2,Beginner,Introduction to C++,High
8877,Casual Learner,Operating Systems,2,20,73,4,69,324,2,25,Intermediate,Web Development,Medium
8878,High Achiever,Web Development,4,63,90,13,88,936,7,57,Advanced,Machine Learning,Low
8879,Casual Learner,DSA,2,16,68,8,70,329,2,6,Intermediate,Computer Networks,Medium
8880,Casual Learner,Programming,3,21,66,5,62,242,3,11,Intermediate,Web Development,Medium
8881,Struggling Student,Database,1,15,40,2,56,167,2,3,Beginner,Introduction to C++,High
8882,Consistent Learner,Machine Learning,3,42,77,11,86,621,4,32,Intermediate,Machine Learning,Low
8883,Inactive Student,Operating Systems,1,0,3,1,37,58,1,2,Beginner,Programming Fundamentals,High
8884,Struggling Student,Computer Networks,2,9,48,6,42,154,2,1,Beginner,Programming Fundamentals,High
8885,Casual Learner,Database,3,27,57,6,63,371,4,18,Intermediate,Object-Oriented Programming,Medium
8886,Consistent Learner,Programming,4,43,75,13,80,507,5,34,Intermediate,Operating Systems,Low
8887,Consistent Learner,Programming,4,46,89,10,78,464,6,55,Intermediate,Database Systems,Low
8888,High Achiever,Computer Networks,4,70,97,12,93,832,6,80,Advanced,Machine Learning,Low
8889,Inactive Student,Web Development,1,5,0,0,31,29,1,0,Beginner,Programming Basics,High
8890,Inactive Student,Computer Networks,1,5,14,2,32,35,1,2,Beginner,Programming Basics,High
8891,Casual Learner,Web Development,2,27,60,4,61,399,4,11,Intermediate,Object-Oriented Programming,Medium
8892,Struggling Student,DSA,2,18,29,6,47,115,2,3,Beginner,Introduction to C++,High
8893,Consistent Learner,Web Development,4,38,81,9,81,568,4,20,Intermediate,Algorithms,Low
8894,High Achiever,Database,5,60,92,15,100,1003,6,53,Advanced,Deep Learning,Low
8895,Casual Learner,Computer Networks,2,16,61,4,70,190,4,20,Intermediate,Computer Networks,Medium
8896,Casual Learner,DSA,2,31,53,4,63,322,4,21,Intermediate,Database Systems,Medium
8897,High Achiever,Machine Learning,5,56,90,12,91,970,6,52,Advanced,Advanced Algorithms,Low
8898,Inactive Student,DSA,1,0,7,1,1,36,1,0,Beginner,Programming Basics,High
8899,Consistent Learner,Database,4,37,80,11,75,630,4,52,Intermediate,Data Structures,Low
8900,Inactive Student,Machine Learning,1,1,9,1,27,38,1,2,Beginner,Programming Basics,High
8901,Casual Learner,Programming,2,20,56,4,67,293,4,25,Intermediate,Web Development,Medium
8902,Struggling Student,Machine Learning,1,9,28,5,40,60,2,2,Beginner,Programming Fundamentals,High
8903,Inactive Student,Machine Learning,1,1,6,1,39,44,0,0,Beginner,Programming Basics,High
8904,Casual Learner,DSA,2,24,68,8,75,315,2,15,Intermediate,Database Systems,Medium
8905,Struggling Student,Programming,2,9,27,2,43,73,1,7,Beginner,Introduction to C++,High
8906,High Achiever,Database,4,59,100,13,88,942,7,71,Advanced,Machine Learning,Low
8907,Consistent Learner,Operating Systems,4,40,82,11,86,507,5,42,Intermediate,Machine Learning,Low
8908,Casual Learner,Machine Learning,2,19,70,8,65,278,3,10,Intermediate,Database Systems,Medium
8909,Casual Learner,Database,3,34,62,4,69,392,3,15,Intermediate,Web Development,Medium
8910,Struggling Student,Database,2,16,34,3,59,130,1,1,Beginner,Programming Basics,High
8911,Inactive Student,Programming,1,1,15,2,9,19,0,1,Beginner,Programming Basics,High
8912,Inactive Student,Operating Systems,1,0,2,1,1,28,0,1,Beginner,Programming Fundamentals,High
8913,Casual Learner,DSA,2,19,74,4,75,208,2,13,Intermediate,Database Systems,Medium
8914,Inactive Student,Database,1,1,1,0,20,49,1,0,Beginner,Introduction to C++,High
8915,Consistent Learner,Computer Networks,3,38,83,9,75,474,5,45,Intermediate,Database Systems,Low
8916,Casual Learner,Computer Networks,2,31,54,6,68,182,3,9,Intermediate,Web Development,Medium
8917,Casual Learner,DSA,3,20,50,4,70,248,2,6,Intermediate,Computer Networks,Medium
8918,Struggling Student,Database,1,17,39,5,59,148,2,8,Beginner,Introduction to C++,High
8919,Consistent Learner,Web Development,3,42,81,8,81,480,5,46,Intermediate,Algorithms,Low
8920,High Achiever,DSA,5,63,91,16,88,1063,7,87,Advanced,Algorithms,Low
8921,Casual Learner,Computer Networks,2,34,64,7,64,336,2,17,Intermediate,Object-Oriented Programming,Medium
8922,Casual Learner,Operating Systems,3,33,57,6,73,202,3,14,Intermediate,Database Systems,Medium
8923,Consistent Learner,Web Development,3,36,90,14,85,476,4,51,Intermediate,Machine Learning,Low
8924,Casual Learner,Database,3,23,67,5,74,200,3,11,Intermediate,Data Structures,Medium
8925,Consistent Learner,Web Development,3,38,90,10,78,609,5,36,Intermediate,Data Structures,Low
8926,High Achiever,Operating Systems,4,58,98,14,95,777,7,112,Advanced,Deep Learning,Low
8927,Casual Learner,Database,3,25,56,4,75,384,4,14,Intermediate,Computer Networks,Medium
8928,Struggling Student,Operating Systems,2,15,28,5,50,154,2,1,Beginner,Programming Fundamentals,High
8929,Inactive Student,Database,1,3,11,1,6,23,1,2,Beginner,Introduction to C++,High
8930,High Achiever,Database,4,72,92,15,92,770,6,47,Advanced,Advanced Algorithms,Low
8931,Casual Learner,Machine Learning,3,19,54,5,70,397,2,13,Intermediate,Computer Networks,Medium
8932,Consistent Learner,Programming,3,55,79,13,88,674,5,57,Intermediate,Operating Systems,Low
8933,Inactive Student,DSA,1,1,10,2,35,40,1,0,Beginner,Programming Fundamentals,High
8934,Casual Learner,Computer Networks,2,34,59,7,71,319,3,24,Intermediate,Computer Networks,Medium
8935,Inactive Student,DSA,1,2,8,0,9,47,0,0,Beginner,Programming Fundamentals,High
8936,Consistent Learner,Programming,4,46,77,11,89,411,6,26,Intermediate,Machine Learning,Low
8937,High Achiever,Operating Systems,5,71,99,16,97,1137,7,46,Advanced,Deep Learning,Low
8938,Consistent Learner,Operating Systems,4,39,82,11,75,626,5,55,Intermediate,Data Structures,Low
8939,Struggling Student,DSA,2,9,50,2,52,124,2,7,Beginner,Introduction to C++,High
8940,Casual Learner,Operating Systems,2,17,60,7,64,253,4,24,Intermediate,Database Systems,Medium
8941,Consistent Learner,Web Development,4,43,88,10,81,661,6,57,Intermediate,Machine Learning,Low
8942,Casual Learner,DSA,2,29,50,4,68,281,3,18,Intermediate,Object-Oriented Programming,Medium
8943,Struggling Student,Operating Systems,2,15,25,3,53,154,1,3,Beginner,Introduction to C++,High
8944,Casual Learner,DSA,2,25,55,4,72,248,4,5,Intermediate,Computer Networks,Medium
8945,Inactive Student,Programming,1,4,20,0,28,47,0,1,Beginner,Introduction to C++,High
8946,Casual Learner,Database,3,31,69,4,60,221,4,7,Intermediate,Object-Oriented Programming,Medium
8947,Consistent Learner,Programming,3,45,85,14,78,605,5,32,Intermediate,Computer Networks,Low
8948,Consistent Learner,Machine Learning,4,35,84,12,81,563,5,35,Intermediate,Algorithms,Low
8949,Casual Learner,Programming,2,27,52,8,67,218,4,21,Intermediate,Web Development,Medium
8950,Struggling Student,Database,1,10,34,5,57,164,2,6,Beginner,Programming Fundamentals,High
8951,Consistent Learner,Database,3,49,90,13,90,572,4,41,Intermediate,Deep Learning,Low
8952,High Achiever,Web Development,4,79,99,13,94,969,7,117,Advanced,Advanced Algorithms,Low
8953,Consistent Learner,Machine Learning,3,47,81,14,84,699,5,40,Intermediate,Operating Systems,Low
8954,Inactive Student,Programming,1,2,6,1,23,50,1,2,Beginner,Programming Fundamentals,High
8955,High Achiever,Machine Learning,5,77,91,13,99,830,6,41,Advanced,Machine Learning,Low
8956,High Achiever,Machine Learning,5,75,92,18,97,1049,6,84,Advanced,Advanced Algorithms,Low
8957,Struggling Student,Web Development,1,8,35,3,58,76,2,7,Beginner,Introduction to C++,High
8958,Inactive Student,Database,1,5,19,2,4,41,0,1,Beginner,Programming Fundamentals,High
8959,High Achiever,Machine Learning,5,70,93,13,100,794,7,75,Advanced,Advanced Algorithms,Low
8960,Inactive Student,Programming,1,3,11,0,18,36,1,1,Beginner,Introduction to C++,High
8961,Consistent Learner,Programming,3,52,87,11,83,448,5,21,Intermediate,Machine Learning,Low
8962,Consistent Learner,Programming,4,36,83,11,79,573,5,44,Intermediate,Computer Networks,Low
8963,Casual Learner,DSA,2,24,51,8,64,322,4,19,Intermediate,Web Development,Medium
8964,Inactive Student,DSA,1,3,20,1,2,24,1,1,Beginner,Programming Basics,High
8965,Casual Learner,Web Development,2,23,59,8,62,345,3,5,Intermediate,Database Systems,Medium
8966,Struggling Student,Programming,1,12,42,4,60,128,2,5,Beginner,Object-Oriented Programming,High
8967,Struggling Student,DSA,1,10,21,2,41,159,2,4,Beginner,Introduction to C++,High
8968,Consistent Learner,Web Development,3,50,85,10,86,534,6,31,Intermediate,Algorithms,Low
8969,Consistent Learner,Operating Systems,4,35,88,14,83,498,5,48,Intermediate,Algorithms,Low
8970,Casual Learner,Web Development,2,20,53,6,64,326,4,23,Intermediate,Database Systems,Medium
8971,Casual Learner,Web Development,2,29,70,4,71,388,3,22,Intermediate,Computer Networks,Medium
8972,Struggling Student,Machine Learning,1,11,28,6,60,163,1,5,Beginner,Object-Oriented Programming,High
8973,Struggling Student,Database,2,12,24,4,53,86,1,1,Beginner,Programming Basics,High
8974,Consistent Learner,Machine Learning,4,35,83,9,76,659,6,38,Intermediate,Data Structures,Low
8975,Casual Learner,Web Development,3,28,72,6,75,400,4,6,Intermediate,Database Systems,Medium
8976,Consistent Learner,Web Development,3,53,87,8,82,423,5,58,Intermediate,Machine Learning,Low
8977,Casual Learner,Programming,3,18,57,4,60,219,4,25,Intermediate,Web Development,Medium
8978,Casual Learner,Database,2,30,72,5,68,259,2,18,Intermediate,Web Development,Medium
8979,Consistent Learner,Database,3,50,77,11,78,461,6,52,Intermediate,Data Structures,Low
8980,High Achiever,DSA,4,69,92,15,94,1070,6,66,Advanced,Machine Learning,Low
8981,Struggling Student,Computer Networks,1,5,21,2,59,102,2,1,Beginner,Programming Fundamentals,High
8982,Casual Learner,Web Development,3,34,61,4,66,232,3,18,Intermediate,Database Systems,Medium
8983,High Achiever,Web Development,5,61,96,16,89,1194,7,47,Advanced,Algorithms,Low
8984,Consistent Learner,Machine Learning,4,48,80,13,75,539,6,38,Intermediate,Computer Networks,Low
8985,Casual Learner,Programming,2,19,66,8,64,384,2,23,Intermediate,Web Development,Medium
8986,Casual Learner,Database,2,30,65,5,63,198,4,11,Intermediate,Web Development,Medium
8987,Inactive Student,Programming,1,4,10,0,30,20,0,0,Beginner,Programming Fundamentals,High
8988,Casual Learner,DSA,2,23,66,7,63,320,2,6,Intermediate,Database Systems,Medium
8989,Inactive Student,DSA,1,4,4,1,2,26,0,0,Beginner,Programming Basics,High
8990,Inactive Student,Operating Systems,1,2,20,2,17,23,1,2,Beginner,Programming Fundamentals,High
8991,Casual Learner,Web Development,2,17,59,7,75,376,2,13,Intermediate,Computer Networks,Medium
8992,Struggling Student,Programming,1,10,23,5,53,134,2,6,Beginner,Programming Basics,High
8993,Casual Learner,Operating Systems,2,32,53,4,64,253,3,13,Intermediate,Web Development,Medium
8994,Casual Learner,Computer Networks,2,29,67,8,61,307,2,19,Intermediate,Database Systems,Medium
8995,Consistent Learner,Machine Learning,3,54,80,9,80,669,4,27,Intermediate,Operating Systems,Low
8996,Inactive Student,Programming,1,1,3,1,9,12,1,2,Beginner,Programming Fundamentals,High
8997,Consistent Learner,Programming,4,38,82,9,80,569,5,25,Intermediate,Machine Learning,Low
8998,Casual Learner,Programming,3,16,62,6,63,332,3,20,Intermediate,Object-Oriented Programming,Medium
8999,High Achiever,DSA,5,55,97,13,92,996,7,44,Advanced,Machine Learning,Low
9000,Casual Learner,Operating Systems,3,23,61,7,73,350,3,18,Intermediate,Computer Networks,Medium
9001,Consistent Learner,Computer Networks,4,38,81,13,78,488,6,58,Intermediate,Data Structures,Low
9002,Consistent Learner,Computer Networks,3,53,84,13,90,673,4,22,Intermediate,Machine Learning,Low
9003,Consistent Learner,Operating Systems,4,49,78,10,87,607,4,44,Intermediate,Operating Systems,Low
9004,Casual Learner,Web Development,2,17,51,8,75,378,2,13,Intermediate,Computer Networks,Medium
9005,Casual Learner,Machine Learning,2,23,61,4,71,306,2,9,Intermediate,Computer Networks,Medium
9006,Casual Learner,Web Development,2,16,61,7,64,355,3,23,Intermediate,Database Systems,Medium
9007,High Achiever,Operating Systems,4,70,90,13,92,859,6,108,Advanced,Advanced Algorithms,Low
9008,Consistent Learner,Database,3,37,88,8,84,598,6,22,Intermediate,Operating Systems,Low
9009,High Achiever,DSA,4,70,97,14,94,1076,6,116,Advanced,Machine Learning,Low
9010,Casual Learner,Database,2,24,61,5,64,357,4,9,Intermediate,Database Systems,Medium
9011,Inactive Student,Database,1,5,16,0,8,45,1,1,Beginner,Introduction to C++,High
9012,Casual Learner,Computer Networks,3,31,68,5,75,219,3,8,Intermediate,Data Structures,Medium
9013,Casual Learner,Web Development,3,24,52,7,65,319,4,22,Intermediate,Database Systems,Medium
9014,Casual Learner,Programming,3,35,60,5,68,268,2,13,Intermediate,Database Systems,Medium
9015,Consistent Learner,Operating Systems,4,40,78,10,88,463,4,25,Intermediate,Algorithms,Low
9016,Inactive Student,Database,1,2,19,2,29,47,1,0,Beginner,Programming Basics,High
9017,Inactive Student,Computer Networks,1,1,8,0,15,9,1,0,Beginner,Introduction to C++,High
9018,Casual Learner,DSA,2,27,60,4,71,285,3,13,Intermediate,Database Systems,Medium
9019,Casual Learner,Web Development,2,22,61,7,72,211,4,20,Intermediate,Data Structures,Medium
9020,Casual Learner,Machine Learning,3,23,52,7,72,348,4,15,Intermediate,Database Systems,Medium
9021,Inactive Student,Web Development,1,3,19,1,37,6,0,0,Beginner,Programming Basics,High
9022,Consistent Learner,Database,4,47,81,11,75,490,4,46,Intermediate,Computer Networks,Low
9023,Struggling Student,Web Development,1,14,22,3,53,113,2,2,Beginner,Introduction to C++,High
9024,Consistent Learner,DSA,3,41,90,12,90,449,4,21,Intermediate,Machine Learning,Low
9025,Casual Learner,Web Development,2,26,52,5,66,217,3,23,Intermediate,Object-Oriented Programming,Medium
9026,High Achiever,Web Development,4,80,96,15,95,892,6,101,Advanced,Deep Learning,Low
9027,Consistent Learner,Machine Learning,4,36,76,9,78,456,4,39,Intermediate,Data Structures,Low
9028,Casual Learner,Database,3,35,64,8,73,313,4,10,Intermediate,Database Systems,Medium
9029,Casual Learner,DSA,2,21,70,4,74,340,3,22,Intermediate,Computer Networks,Medium
9030,Consistent Learner,Machine Learning,4,43,78,10,79,406,4,26,Intermediate,Database Systems,Low
9031,Casual Learner,Database,2,27,52,7,69,305,2,21,Intermediate,Object-Oriented Programming,Medium
9032,Struggling Student,Operating Systems,2,14,29,5,43,125,1,5,Beginner,Introduction to C++,High
9033,Casual Learner,Machine Learning,3,27,59,7,64,270,3,12,Intermediate,Web Development,Medium
9034,Casual Learner,Computer Networks,3,25,62,4,70,330,2,11,Intermediate,Data Structures,Medium
9035,Casual Learner,Machine Learning,2,25,53,7,63,238,4,25,Intermediate,Object-Oriented Programming,Medium
9036,Casual Learner,DSA,2,35,55,8,64,314,3,6,Intermediate,Object-Oriented Programming,Medium
9037,Consistent Learner,Programming,3,45,76,11,76,600,5,25,Intermediate,Database Systems,Low
9038,High Achiever,DSA,5,80,98,18,90,757,7,44,Advanced,Machine Learning,Low
9039,Casual Learner,Operating Systems,2,21,73,5,62,204,2,8,Intermediate,Web Development,Medium
9040,Struggling Student,DSA,2,14,37,4,41,107,1,8,Beginner,Programming Basics,High
9041,Consistent Learner,Database,4,46,80,13,76,680,5,53,Intermediate,Data Structures,Low
9042,Consistent Learner,Database,4,35,81,13,78,620,4,22,Intermediate,Database Systems,Low
9043,Inactive Student,Operating Systems,1,1,6,1,38,47,1,1,Beginner,Programming Fundamentals,High
9044,Struggling Student,Programming,1,18,48,3,51,165,1,8,Beginner,Introduction to C++,High
9045,Casual Learner,Machine Learning,3,31,54,8,64,352,3,7,Intermediate,Object-Oriented Programming,Medium
9046,Casual Learner,Operating Systems,2,15,71,7,62,393,4,6,Intermediate,Object-Oriented Programming,Medium
9047,Inactive Student,Computer Networks,1,2,13,0,14,37,0,2,Beginner,Programming Fundamentals,High
9048,High Achiever,Operating Systems,5,66,100,19,94,1029,7,76,Advanced,Advanced Algorithms,Low
9049,Consistent Learner,DSA,3,53,81,9,76,655,5,30,Intermediate,Data Structures,Low
9050,High Achiever,Machine Learning,4,57,90,16,97,1090,6,93,Advanced,Advanced Algorithms,Low
9051,Consistent Learner,Programming,4,41,89,9,77,508,5,47,Intermediate,Computer Networks,Low
9052,Inactive Student,Computer Networks,1,0,11,2,11,47,0,0,Beginner,Introduction to C++,High
9053,Casual Learner,DSA,2,26,75,7,74,204,3,24,Intermediate,Computer Networks,Medium
9054,High Achiever,Database,5,76,94,13,91,810,6,105,Advanced,Machine Learning,Low
9055,Consistent Learner,Programming,3,55,82,8,76,441,4,41,Intermediate,Computer Networks,Low
9056,Casual Learner,Computer Networks,2,18,75,6,68,382,2,14,Intermediate,Web Development,Medium
9057,Struggling Student,DSA,2,14,41,4,42,180,2,7,Beginner,Programming Basics,High
9058,Consistent Learner,Database,4,47,87,9,75,625,4,52,Intermediate,Database Systems,Low
9059,Consistent Learner,Database,4,38,77,14,77,488,6,38,Intermediate,Computer Networks,Low
9060,Casual Learner,Machine Learning,2,24,73,4,62,216,3,9,Intermediate,Database Systems,Medium
9061,Casual Learner,Machine Learning,3,26,50,5,74,230,2,22,Intermediate,Data Structures,Medium
9062,Casual Learner,Database,3,34,67,6,73,226,3,16,Intermediate,Database Systems,Medium
9063,Casual Learner,Web Development,3,32,74,5,65,198,4,21,Intermediate,Web Development,Medium
9064,Consistent Learner,DSA,3,49,79,11,85,621,6,53,Intermediate,Algorithms,Low
9065,Casual Learner,Operating Systems,2,16,59,6,62,385,3,16,Intermediate,Database Systems,Medium
9066,Struggling Student,Machine Learning,1,10,22,5,57,157,1,8,Beginner,Programming Basics,High
9067,Consistent Learner,Operating Systems,4,36,80,8,84,483,4,51,Intermediate,Algorithms,Low
9068,High Achiever,Machine Learning,4,62,97,14,90,831,6,105,Advanced,Machine Learning,Low
9069,Consistent Learner,Database,4,39,76,11,78,489,4,35,Intermediate,Data Structures,Low
9070,Consistent Learner,Database,3,35,75,14,90,478,4,29,Intermediate,Deep Learning,Low
9071,Struggling Student,Computer Networks,2,9,48,4,48,67,2,2,Beginner,Programming Basics,High
9072,Casual Learner,Web Development,3,35,67,8,74,194,3,15,Intermediate,Database Systems,Medium
9073,Struggling Student,Machine Learning,1,5,31,5,45,170,2,3,Beginner,Programming Fundamentals,High
9074,Casual Learner,Database,3,34,57,4,65,383,2,11,Intermediate,Web Development,Medium
9075,High Achiever,Programming,5,61,100,14,96,1145,6,67,Advanced,Machine Learning,Low
9076,Consistent Learner,Programming,3,51,88,13,78,592,4,45,Intermediate,Computer Networks,Low
9077,Consistent Learner,Web Development,3,53,76,11,89,464,6,25,Intermediate,Algorithms,Low
9078,Consistent Learner,Operating Systems,4,50,76,10,76,493,4,51,Intermediate,Database Systems,Low
9079,Struggling Student,DSA,1,15,47,2,47,125,1,6,Beginner,Introduction to C++,High
9080,Consistent Learner,Computer Networks,3,37,86,13,89,520,5,22,Intermediate,Algorithms,Low
9081,Casual Learner,Machine Learning,3,29,64,5,73,180,2,11,Intermediate,Data Structures,Medium
9082,Struggling Student,Operating Systems,1,11,26,4,58,132,1,7,Beginner,Introduction to C++,High
9083,Casual Learner,Programming,2,22,73,4,74,376,3,6,Intermediate,Computer Networks,Medium
9084,High Achiever,Database,4,65,92,13,94,1191,6,56,Advanced,Advanced Algorithms,Low
9085,Casual Learner,DSA,2,18,75,4,73,259,4,13,Intermediate,Database Systems,Medium
9086,High Achiever,DSA,5,57,98,13,90,1007,6,88,Advanced,Advanced Algorithms,Low
9087,Inactive Student,Programming,1,3,5,1,13,26,0,0,Beginner,Programming Fundamentals,High
9088,Casual Learner,Operating Systems,3,31,64,8,72,307,3,19,Intermediate,Data Structures,Medium
9089,High Achiever,Operating Systems,4,76,99,15,91,1034,6,41,Advanced,Deep Learning,Low
9090,Casual Learner,DSA,3,30,56,4,72,334,3,18,Intermediate,Data Structures,Medium
9091,Casual Learner,Machine Learning,2,27,69,4,71,319,4,9,Intermediate,Data Structures,Medium
9092,Casual Learner,Programming,2,22,75,7,73,299,3,22,Intermediate,Data Structures,Medium
9093,Casual Learner,DSA,3,22,57,7,74,332,4,19,Intermediate,Computer Networks,Medium
9094,Inactive Student,Machine Learning,1,5,6,0,22,56,0,1,Beginner,Introduction to C++,High
9095,Casual Learner,Computer Networks,3,31,62,8,70,318,3,12,Intermediate,Computer Networks,Medium
9096,Consistent Learner,Web Development,4,44,82,9,89,479,4,36,Intermediate,Algorithms,Low
9097,Struggling Student,DSA,1,14,39,2,42,133,2,7,Beginner,Programming Basics,High
9098,Struggling Student,Programming,1,12,31,6,53,96,2,3,Beginner,Programming Basics,High
9099,Consistent Learner,Machine Learning,4,40,81,12,84,478,6,25,Intermediate,Operating Systems,Low
9100,Consistent Learner,Computer Networks,4,44,75,8,77,414,4,53,Intermediate,Data Structures,Low
9101,High Achiever,Programming,4,63,100,16,94,1083,6,65,Advanced,Machine Learning,Low
9102,Consistent Learner,Web Development,3,53,85,12,79,650,6,39,Intermediate,Data Structures,Low
9103,Inactive Student,DSA,1,4,5,0,14,9,0,2,Beginner,Programming Fundamentals,High
9104,Struggling Student,Operating Systems,1,11,42,6,48,164,1,1,Beginner,Introduction to C++,High
9105,High Achiever,Web Development,4,73,93,17,89,1118,6,40,Advanced,Algorithms,Low
9106,Casual Learner,Database,2,16,72,4,66,376,2,25,Intermediate,Object-Oriented Programming,Medium
9107,Consistent Learner,Database,3,40,85,13,78,683,6,30,Intermediate,Database Systems,Low
9108,Consistent Learner,Database,4,45,75,13,84,681,5,46,Intermediate,Operating Systems,Low
9109,Casual Learner,Operating Systems,3,26,63,8,60,234,2,17,Intermediate,Database Systems,Medium
9110,Consistent Learner,DSA,3,55,85,11,84,525,5,49,Intermediate,Operating Systems,Low
9111,Casual Learner,Web Development,3,35,57,5,75,232,2,9,Intermediate,Computer Networks,Medium
9112,Casual Learner,Web Development,2,23,57,5,61,345,3,8,Intermediate,Object-Oriented Programming,Medium
9113,Consistent Learner,Operating Systems,4,35,83,14,81,642,6,46,Intermediate,Machine Learning,Low
9114,High Achiever,Machine Learning,5,61,93,19,90,828,6,97,Advanced,Deep Learning,Low
9115,Casual Learner,Machine Learning,3,32,55,7,73,335,4,8,Intermediate,Database Systems,Medium
9116,Casual Learner,Programming,3,24,54,4,75,244,2,19,Intermediate,Database Systems,Medium
9117,Casual Learner,Computer Networks,3,30,65,8,69,213,3,8,Intermediate,Object-Oriented Programming,Medium
9118,Casual Learner,Programming,3,25,70,8,75,323,3,7,Intermediate,Data Structures,Medium
9119,Casual Learner,Operating Systems,3,23,71,7,74,267,2,7,Intermediate,Database Systems,Medium
9120,High Achiever,Operating Systems,5,74,97,12,94,1081,7,112,Advanced,Advanced Algorithms,Low
9121,Casual Learner,Database,3,17,60,6,61,243,2,22,Intermediate,Web Development,Medium
9122,High Achiever,Web Development,4,64,97,17,91,1105,7,92,Advanced,Deep Learning,Low
9123,Casual Learner,Programming,2,32,69,6,73,205,4,14,Intermediate,Database Systems,Medium
9124,Consistent Learner,Database,3,38,90,14,85,562,6,43,Intermediate,Operating Systems,Low
9125,Consistent Learner,Machine Learning,3,37,86,11,75,584,6,46,Intermediate,Database Systems,Low
9126,Consistent Learner,DSA,4,47,89,9,81,401,6,40,Intermediate,Machine Learning,Low
9127,Consistent Learner,Database,3,48,84,10,82,644,5,50,Intermediate,Operating Systems,Low
9128,High Achiever,Machine Learning,5,78,96,20,96,1099,6,105,Advanced,Advanced Algorithms,Low
9129,Inactive Student,Database,1,4,3,1,37,31,0,2,Beginner,Introduction to C++,High
9130,Casual Learner,Operating Systems,3,19,67,8,69,322,2,17,Intermediate,Object-Oriented Programming,Medium
9131,Struggling Student,Database,1,17,49,6,53,78,2,5,Beginner,Introduction to C++,High
9132,Struggling Student,Operating Systems,1,14,49,3,53,162,2,7,Beginner,Introduction to C++,High
9133,High Achiever,Web Development,4,56,100,12,90,816,6,119,Advanced,Machine Learning,Low
9134,Casual Learner,DSA,2,15,52,6,70,188,2,18,Intermediate,Data Structures,Medium
9135,Consistent Learner,Database,4,35,75,12,76,516,5,28,Intermediate,Data Structures,Low
9136,Consistent Learner,DSA,4,39,84,9,76,580,5,57,Intermediate,Database Systems,Low
9137,Inactive Student,Computer Networks,1,0,10,2,34,3,0,0,Beginner,Programming Basics,High
9138,High Achiever,Web Development,4,76,98,16,94,802,7,83,Advanced,Deep Learning,Low
9139,Consistent Learner,Operating Systems,3,39,87,8,78,629,5,58,Intermediate,Database Systems,Low
9140,Struggling Student,Programming,1,14,20,6,41,167,2,8,Beginner,Programming Fundamentals,High
9141,Struggling Student,Database,1,10,22,4,56,96,1,6,Beginner,Programming Fundamentals,High
9142,Struggling Student,Computer Networks,1,7,44,2,60,144,1,8,Beginner,Object-Oriented Programming,High
9143,Consistent Learner,Operating Systems,3,55,77,10,78,620,6,56,Intermediate,Database Systems,Low
9144,High Achiever,Web Development,5,69,93,13,91,788,7,51,Advanced,Deep Learning,Low
9145,Consistent Learner,Machine Learning,4,43,79,12,87,610,5,49,Intermediate,Algorithms,Low
9146,Casual Learner,Operating Systems,2,20,56,5,72,323,2,22,Intermediate,Computer Networks,Medium
9147,Casual Learner,Computer Networks,2,32,72,8,74,186,3,25,Intermediate,Computer Networks,Medium
9148,Consistent Learner,DSA,3,45,79,12,77,653,5,42,Intermediate,Computer Networks,Low
9149,High Achiever,Web Development,4,74,92,19,95,1066,7,115,Advanced,Advanced Algorithms,Low
9150,Casual Learner,Operating Systems,2,18,53,5,69,341,2,24,Intermediate,Web Development,Medium
9151,Struggling Student,Operating Systems,2,17,46,2,60,92,1,7,Beginner,Database Systems,High
9152,Casual Learner,Machine Learning,3,30,50,6,63,206,4,16,Intermediate,Object-Oriented Programming,Medium
9153,Consistent Learner,Database,3,42,77,14,87,531,4,27,Intermediate,Operating Systems,Low
9154,Struggling Student,DSA,2,11,41,2,40,146,2,6,Beginner,Programming Fundamentals,High
9155,Casual Learner,Web Development,2,29,67,7,67,318,2,10,Intermediate,Database Systems,Medium
9156,High Achiever,Web Development,4,67,98,14,99,1168,7,105,Advanced,Machine Learning,Low
9157,Casual Learner,Database,2,27,51,7,62,344,4,14,Intermediate,Object-Oriented Programming,Medium
9158,Struggling Student,Computer Networks,1,18,49,4,42,135,2,8,Beginner,Programming Basics,High
9159,High Achiever,Machine Learning,5,64,96,17,90,842,6,78,Advanced,Advanced Algorithms,Low
9160,Consistent Learner,Computer Networks,3,37,84,10,75,605,5,40,Intermediate,Data Structures,Low
9161,Consistent Learner,Computer Networks,4,48,79,10,75,452,4,53,Intermediate,Computer Networks,Low
9162,Consistent Learner,Operating Systems,4,43,88,12,84,666,4,52,Intermediate,Operating Systems,Low
9163,Struggling Student,Computer Networks,1,18,24,6,45,98,2,5,Beginner,Programming Fundamentals,High
9164,Struggling Student,DSA,1,8,33,3,60,139,1,6,Beginner,Web Development,High
9165,Casual Learner,Computer Networks,3,17,53,6,61,276,4,13,Intermediate,Object-Oriented Programming,Medium
9166,High Achiever,Computer Networks,4,67,97,16,95,1057,6,113,Advanced,Advanced Algorithms,Low
9167,High Achiever,DSA,4,76,91,13,100,755,7,58,Advanced,Advanced Algorithms,Low
9168,Consistent Learner,Computer Networks,3,46,86,13,87,543,4,58,Intermediate,Operating Systems,Low
9169,Casual Learner,Programming,2,33,70,7,60,369,4,24,Intermediate,Database Systems,Medium
9170,Struggling Student,Operating Systems,1,9,39,3,45,72,1,6,Beginner,Introduction to C++,High
9171,High Achiever,DSA,4,74,100,19,99,878,6,86,Advanced,Deep Learning,Low
9172,Casual Learner,Programming,3,32,67,5,71,339,4,14,Intermediate,Database Systems,Medium
9173,Casual Learner,Computer Networks,3,18,54,4,64,185,4,18,Intermediate,Web Development,Medium
9174,Struggling Student,Computer Networks,2,5,38,6,40,121,1,2,Beginner,Programming Fundamentals,High
9175,Consistent Learner,Programming,4,55,84,11,77,605,4,37,Intermediate,Database Systems,Low
9176,High Achiever,Programming,4,67,91,14,99,857,6,65,Advanced,Deep Learning,Low
9177,Inactive Student,Programming,1,0,5,1,33,11,1,0,Beginner,Programming Fundamentals,High
9178,Inactive Student,Web Development,1,3,1,0,16,0,0,2,Beginner,Introduction to C++,High
9179,Consistent Learner,Operating Systems,4,48,89,12,86,574,4,56,Intermediate,Operating Systems,Low
9180,High Achiever,Programming,5,59,99,13,94,1007,7,101,Advanced,Machine Learning,Low
9181,Casual Learner,DSA,2,32,64,8,64,395,3,5,Intermediate,Web Development,Medium
9182,Consistent Learner,Database,3,36,77,14,90,423,5,48,Intermediate,Deep Learning,Low
9183,Consistent Learner,Programming,3,55,77,11,76,592,4,32,Intermediate,Data Structures,Low
9184,Casual Learner,Operating Systems,2,23,58,5,67,295,3,23,Intermediate,Database Systems,Medium
9185,Casual Learner,Machine Learning,3,31,55,7,67,245,3,6,Intermediate,Database Systems,Medium
9186,High Achiever,Database,5,60,95,19,97,964,7,107,Advanced,Deep Learning,Low
9187,High Achiever,Programming,5,76,95,12,94,947,6,105,Advanced,Machine Learning,Low
9188,Consistent Learner,Programming,3,45,80,9,81,441,6,58,Intermediate,Operating Systems,Low
9189,Inactive Student,Web Development,1,1,20,2,30,45,1,2,Beginner,Programming Basics,High
9190,High Achiever,Web Development,5,72,99,14,96,1062,6,71,Advanced,Machine Learning,Low
9191,Struggling Student,Programming,2,14,39,2,44,90,1,7,Beginner,Programming Fundamentals,High
9192,Consistent Learner,Database,3,41,86,8,89,553,6,44,Intermediate,Operating Systems,Low
9193,Consistent Learner,Web Development,4,55,88,11,78,545,5,26,Intermediate,Database Systems,Low
9194,Inactive Student,DSA,1,5,19,1,5,42,1,0,Beginner,Programming Fundamentals,High
9195,Inactive Student,DSA,1,2,0,1,15,36,1,1,Beginner,Introduction to C++,High
9196,High Achiever,DSA,4,62,93,15,94,750,7,67,Advanced,Deep Learning,Low
9197,Casual Learner,Web Development,3,32,73,7,75,199,4,7,Intermediate,Database Systems,Medium
9198,Consistent Learner,Database,4,42,75,9,81,531,4,44,Intermediate,Algorithms,Low
9199,Consistent Learner,Operating Systems,4,40,76,13,90,417,6,41,Intermediate,Machine Learning,Low
9200,High Achiever,Database,4,70,95,17,98,1197,6,91,Advanced,Machine Learning,Low
9201,Consistent Learner,Programming,4,50,75,8,82,610,4,30,Intermediate,Machine Learning,Low
9202,Casual Learner,Machine Learning,3,25,64,4,71,329,3,18,Intermediate,Computer Networks,Medium
9203,Casual Learner,Programming,3,33,67,5,70,194,3,18,Intermediate,Data Structures,Medium
9204,Inactive Student,Programming,1,3,2,0,11,31,0,1,Beginner,Introduction to C++,High
9205,High Achiever,Machine Learning,5,67,93,12,94,988,6,92,Advanced,Advanced Algorithms,Low
9206,Struggling Student,Computer Networks,2,15,22,3,43,83,1,3,Beginner,Programming Fundamentals,High
9207,Casual Learner,Machine Learning,3,23,63,7,67,262,2,17,Intermediate,Object-Oriented Programming,Medium
9208,High Achiever,Operating Systems,4,64,96,13,89,994,6,90,Advanced,Algorithms,Low
9209,Consistent Learner,Operating Systems,3,36,76,11,86,666,6,29,Intermediate,Algorithms,Low
9210,Casual Learner,Operating Systems,2,15,68,6,72,236,3,21,Intermediate,Data Structures,Medium
9211,Casual Learner,Machine Learning,3,25,68,7,62,291,4,22,Intermediate,Web Development,Medium
9212,Casual Learner,Programming,3,33,51,8,64,196,2,5,Intermediate,Object-Oriented Programming,Medium
9213,Struggling Student,Programming,1,15,34,3,53,164,1,7,Beginner,Introduction to C++,High
9214,Casual Learner,Computer Networks,3,27,68,7,71,377,3,10,Intermediate,Data Structures,Medium
9215,Casual Learner,Database,2,20,64,6,60,344,3,14,Intermediate,Database Systems,Medium
9216,Inactive Student,Operating Systems,1,5,12,1,2,7,1,0,Beginner,Programming Fundamentals,High
9217,Casual Learner,Operating Systems,3,32,59,8,62,283,3,21,Intermediate,Database Systems,Medium
9218,Casual Learner,Database,3,18,62,8,72,184,3,10,Intermediate,Database Systems,Medium
9219,Struggling Student,DSA,2,14,38,6,50,61,1,1,Beginner,Programming Fundamentals,High
9220,Consistent Learner,Machine Learning,3,43,83,14,76,404,6,24,Intermediate,Database Systems,Low
9221,Struggling Student,Database,1,7,22,6,49,85,1,4,Beginner,Programming Fundamentals,High
9222,Inactive Student,Programming,1,3,8,2,29,18,1,0,Beginner,Introduction to C++,High
9223,Struggling Student,Operating Systems,1,6,21,5,60,97,1,3,Beginner,Web Development,High
9224,Casual Learner,Web Development,2,26,68,7,65,318,2,14,Intermediate,Database Systems,Medium
9225,Casual Learner,Database,3,24,69,5,64,271,2,17,Intermediate,Database Systems,Medium
9226,Struggling Student,Machine Learning,2,9,25,5,60,178,1,2,Beginner,Web Development,High
9227,Casual Learner,Web Development,2,22,69,8,70,312,3,23,Intermediate,Computer Networks,Medium
9228,High Achiever,Web Development,5,68,95,17,90,835,7,68,Advanced,Machine Learning,Low
9229,Consistent Learner,Web Development,4,49,81,8,83,427,6,20,Intermediate,Algorithms,Low
9230,Casual Learner,DSA,3,26,70,7,75,231,3,10,Intermediate,Computer Networks,Medium
9231,Struggling Student,Web Development,2,11,22,3,56,159,2,5,Beginner,Programming Basics,High
9232,Consistent Learner,Database,3,55,82,11,75,486,6,47,Intermediate,Computer Networks,Low
9233,High Achiever,Machine Learning,5,70,95,19,96,949,6,87,Advanced,Advanced Algorithms,Low
9234,Struggling Student,Operating Systems,2,11,46,3,48,82,2,4,Beginner,Introduction to C++,High
9235,Casual Learner,Operating Systems,3,19,51,7,73,267,2,20,Intermediate,Data Structures,Medium
9236,Consistent Learner,Machine Learning,4,45,86,9,76,426,4,51,Intermediate,Computer Networks,Low
9237,Casual Learner,Operating Systems,3,27,63,7,63,262,3,25,Intermediate,Object-Oriented Programming,Medium
9238,Struggling Student,Computer Networks,2,16,31,6,44,103,2,8,Beginner,Introduction to C++,High
9239,Casual Learner,Web Development,3,32,51,4,60,223,3,11,Intermediate,Object-Oriented Programming,Medium
9240,Consistent Learner,DSA,4,45,77,9,85,560,6,41,Intermediate,Machine Learning,Low
9241,Casual Learner,DSA,3,19,57,6,61,226,4,7,Intermediate,Object-Oriented Programming,Medium
9242,Casual Learner,Programming,3,24,56,7,74,297,4,23,Intermediate,Database Systems,Medium
9243,Consistent Learner,Web Development,4,44,80,13,76,578,4,33,Intermediate,Data Structures,Low
9244,Casual Learner,DSA,3,22,62,8,65,207,4,8,Intermediate,Web Development,Medium
9245,Casual Learner,Operating Systems,3,29,52,4,72,280,4,13,Intermediate,Database Systems,Medium
9246,Casual Learner,Machine Learning,2,19,67,5,64,298,4,8,Intermediate,Web Development,Medium
9247,Casual Learner,Machine Learning,3,20,65,8,73,327,2,25,Intermediate,Data Structures,Medium
9248,High Achiever,Programming,5,66,91,14,97,1134,7,118,Advanced,Advanced Algorithms,Low
9249,Casual Learner,Computer Networks,3,29,52,7,62,243,3,6,Intermediate,Object-Oriented Programming,Medium
9250,Casual Learner,Operating Systems,2,18,50,7,66,396,3,16,Intermediate,Object-Oriented Programming,Medium
9251,Struggling Student,Machine Learning,2,10,42,2,44,116,1,1,Beginner,Introduction to C++,High
9252,Struggling Student,Computer Networks,1,15,36,6,46,99,2,8,Beginner,Programming Fundamentals,High
9253,Casual Learner,Machine Learning,3,18,61,7,75,331,3,21,Intermediate,Data Structures,Medium
9254,Casual Learner,Machine Learning,3,29,63,5,70,358,4,23,Intermediate,Computer Networks,Medium
9255,Casual Learner,DSA,2,21,59,7,62,357,3,21,Intermediate,Web Development,Medium
9256,High Achiever,Web Development,5,57,90,14,88,805,7,108,Advanced,Machine Learning,Low
9257,Consistent Learner,Programming,4,49,83,11,77,634,6,56,Intermediate,Data Structures,Low
9258,Casual Learner,Web Development,3,32,65,8,73,373,2,22,Intermediate,Data Structures,Medium
9259,Consistent Learner,Machine Learning,4,37,88,12,86,579,4,34,Intermediate,Algorithms,Low
9260,Consistent Learner,Computer Networks,4,41,77,10,79,674,4,42,Intermediate,Computer Networks,Low
9261,Inactive Student,Database,1,1,12,2,6,47,0,2,Beginner,Programming Basics,High
9262,Struggling Student,Computer Networks,1,15,32,3,59,174,2,6,Beginner,Programming Basics,High
9263,Casual Learner,Operating Systems,3,31,68,4,66,374,2,21,Intermediate,Web Development,Medium
9264,Casual Learner,Programming,3,34,75,4,63,397,4,15,Intermediate,Web Development,Medium
9265,Casual Learner,Web Development,2,23,66,5,69,240,2,25,Intermediate,Database Systems,Medium
9266,Casual Learner,Database,2,27,65,4,64,240,4,21,Intermediate,Web Development,Medium
9267,Casual Learner,DSA,3,34,62,8,75,311,4,24,Intermediate,Database Systems,Medium
9268,Struggling Student,Operating Systems,2,8,46,5,44,99,1,7,Beginner,Programming Fundamentals,High
9269,Casual Learner,Database,2,21,73,6,73,241,3,8,Intermediate,Data Structures,Medium
9270,Casual Learner,Computer Networks,3,21,56,6,73,199,2,25,Intermediate,Computer Networks,Medium
9271,High Achiever,Database,4,64,97,13,97,891,6,84,Advanced,Machine Learning,Low
9272,High Achiever,Computer Networks,5,69,92,13,96,938,6,88,Advanced,Advanced Algorithms,Low
9273,Consistent Learner,Database,4,51,83,12,82,690,6,50,Intermediate,Machine Learning,Low
9274,High Achiever,Database,4,58,92,15,98,1166,7,92,Advanced,Advanced Algorithms,Low
9275,Casual Learner,Computer Networks,3,31,57,7,61,198,2,13,Intermediate,Database Systems,Medium
9276,Inactive Student,Programming,1,0,1,0,32,15,0,0,Beginner,Programming Basics,High
9277,High Achiever,Machine Learning,5,74,97,16,92,873,6,102,Advanced,Advanced Algorithms,Low
9278,Inactive Student,Computer Networks,1,4,13,1,11,41,1,0,Beginner,Programming Fundamentals,High
9279,Consistent Learner,Web Development,4,47,82,11,82,445,4,22,Intermediate,Machine Learning,Low
9280,Casual Learner,Programming,2,35,56,7,73,321,4,13,Intermediate,Data Structures,Medium
9281,Consistent Learner,DSA,4,43,86,13,84,678,4,48,Intermediate,Algorithms,Low
9282,Casual Learner,Database,3,32,71,4,73,281,2,13,Intermediate,Computer Networks,Medium
9283,Casual Learner,Web Development,2,15,66,5,73,309,4,9,Intermediate,Computer Networks,Medium
9284,High Achiever,Computer Networks,5,74,90,16,95,776,6,83,Advanced,Advanced Algorithms,Low
9285,Consistent Learner,DSA,3,45,79,10,86,661,4,24,Intermediate,Algorithms,Low
9286,Casual Learner,Programming,2,21,66,4,68,185,4,13,Intermediate,Web Development,Medium
9287,Struggling Student,Programming,2,8,22,3,46,73,1,6,Beginner,Introduction to C++,High
9288,Struggling Student,Computer Networks,1,14,32,3,60,160,2,4,Beginner,Database Systems,High
9289,Inactive Student,Machine Learning,1,2,11,2,22,57,1,0,Beginner,Programming Basics,High
9290,Inactive Student,Operating Systems,1,5,14,0,30,32,1,0,Beginner,Programming Fundamentals,High
9291,Struggling Student,Machine Learning,2,9,43,4,55,87,2,5,Beginner,Programming Basics,High
9292,Consistent Learner,DSA,4,44,75,8,77,408,4,30,Intermediate,Computer Networks,Low
9293,High Achiever,Programming,4,78,100,13,88,927,7,71,Advanced,Machine Learning,Low
9294,Consistent Learner,Programming,3,35,85,8,75,500,4,53,Intermediate,Data Structures,Low
9295,High Achiever,Computer Networks,5,59,98,17,93,792,6,56,Advanced,Advanced Algorithms,Low
9296,Inactive Student,Programming,1,1,10,0,35,41,0,0,Beginner,Programming Fundamentals,High
9297,Casual Learner,Machine Learning,3,25,71,7,73,302,4,17,Intermediate,Computer Networks,Medium
9298,Consistent Learner,Programming,3,42,86,12,87,400,4,23,Intermediate,Algorithms,Low
9299,High Achiever,Computer Networks,5,71,93,17,90,1063,7,52,Advanced,Advanced Algorithms,Low
9300,Consistent Learner,Web Development,4,46,80,13,81,503,5,50,Intermediate,Algorithms,Low
9301,Struggling Student,Machine Learning,1,11,30,2,58,77,1,7,Beginner,Programming Fundamentals,High
9302,Consistent Learner,Programming,4,39,89,8,78,477,6,50,Intermediate,Database Systems,Low
9303,High Achiever,Programming,4,74,96,19,94,836,6,74,Advanced,Advanced Algorithms,Low
9304,Struggling Student,Database,2,12,33,5,42,134,1,3,Beginner,Introduction to C++,High
9305,Casual Learner,Operating Systems,2,20,53,5,64,268,4,21,Intermediate,Object-Oriented Programming,Medium
9306,Struggling Student,Web Development,1,15,24,6,44,171,2,1,Beginner,Introduction to C++,High
9307,Casual Learner,Operating Systems,2,35,62,7,63,217,4,7,Intermediate,Object-Oriented Programming,Medium
9308,Struggling Student,DSA,2,14,24,6,42,93,1,3,Beginner,Programming Basics,High
9309,Struggling Student,Machine Learning,1,16,43,4,56,119,2,8,Beginner,Introduction to C++,High
9310,Struggling Student,Programming,1,18,29,2,48,91,2,3,Beginner,Programming Fundamentals,High
9311,Inactive Student,Computer Networks,1,4,7,0,22,47,0,0,Beginner,Introduction to C++,High
9312,Casual Learner,Operating Systems,2,30,73,4,65,245,4,16,Intermediate,Object-Oriented Programming,Medium
9313,Casual Learner,Machine Learning,2,22,59,6,73,385,2,11,Intermediate,Data Structures,Medium
9314,High Achiever,Programming,5,70,90,13,89,953,6,70,Advanced,Operating Systems,Low
9315,Consistent Learner,Operating Systems,3,53,75,13,78,421,5,60,Intermediate,Database Systems,Low
9316,Consistent Learner,Web Development,4,46,88,11,78,487,4,60,Intermediate,Data Structures,Low
9317,High Achiever,Web Development,5,80,93,12,90,1194,6,56,Advanced,Machine Learning,Low
9318,Struggling Student,Web Development,1,7,43,5,54,175,1,6,Beginner,Programming Fundamentals,High
9319,Casual Learner,Machine Learning,2,19,66,7,69,356,3,13,Intermediate,Object-Oriented Programming,Medium
9320,High Achiever,Web Development,4,55,95,18,96,1029,6,61,Advanced,Advanced Algorithms,Low
9321,Consistent Learner,DSA,3,50,90,11,82,621,6,38,Intermediate,Operating Systems,Low
9322,Casual Learner,Operating Systems,2,21,60,6,72,320,2,20,Intermediate,Computer Networks,Medium
9323,Struggling Student,Operating Systems,2,12,49,6,50,131,2,1,Beginner,Introduction to C++,High
9324,Consistent Learner,Computer Networks,4,47,76,12,87,683,6,42,Intermediate,Algorithms,Low
9325,Casual Learner,Web Development,3,21,67,7,65,237,2,22,Intermediate,Web Development,Medium
9326,Consistent Learner,Operating Systems,3,37,89,12,86,674,4,37,Intermediate,Operating Systems,Low
9327,Struggling Student,Database,2,15,33,2,46,100,2,3,Beginner,Programming Basics,High
9328,Casual Learner,Programming,2,25,74,6,71,303,4,7,Intermediate,Database Systems,Medium
9329,Casual Learner,Web Development,2,19,71,8,71,209,3,18,Intermediate,Database Systems,Medium
9330,Consistent Learner,Programming,3,41,89,10,87,455,6,22,Intermediate,Machine Learning,Low
9331,Consistent Learner,Database,4,39,84,13,77,618,6,51,Intermediate,Database Systems,Low
9332,Casual Learner,Database,3,32,57,8,72,191,3,21,Intermediate,Data Structures,Medium
9333,Struggling Student,Computer Networks,1,13,24,2,43,129,1,5,Beginner,Programming Fundamentals,High
9334,Inactive Student,Programming,1,3,3,2,28,37,1,0,Beginner,Introduction to C++,High
9335,Casual Learner,Operating Systems,3,15,63,4,65,259,3,23,Intermediate,Object-Oriented Programming,Medium
9336,Casual Learner,DSA,3,32,75,5,60,340,4,23,Intermediate,Web Development,Medium
9337,High Achiever,Machine Learning,4,76,92,15,99,1087,6,105,Advanced,Deep Learning,Low
9338,Struggling Student,Database,1,7,35,5,54,120,1,6,Beginner,Introduction to C++,High
9339,Casual Learner,Programming,2,29,52,8,62,378,4,25,Intermediate,Web Development,Medium
9340,Consistent Learner,Database,4,48,88,13,85,403,5,32,Intermediate,Machine Learning,Low
9341,Struggling Student,Computer Networks,2,10,49,5,48,97,2,2,Beginner,Programming Basics,High
9342,High Achiever,Computer Networks,5,73,98,16,93,884,7,72,Advanced,Deep Learning,Low
9343,Inactive Student,Web Development,1,1,6,0,4,29,0,1,Beginner,Programming Fundamentals,High
9344,Inactive Student,Programming,1,0,16,2,24,16,0,2,Beginner,Introduction to C++,High
9345,Struggling Student,Programming,2,6,35,2,44,136,2,3,Beginner,Introduction to C++,High
9346,Inactive Student,Programming,1,1,18,1,22,57,1,2,Beginner,Introduction to C++,High
9347,Casual Learner,Computer Networks,3,20,63,4,68,216,3,14,Intermediate,Web Development,Medium
9348,Consistent Learner,Machine Learning,4,38,89,10,90,482,4,23,Intermediate,Advanced Algorithms,Low
9349,Casual Learner,Programming,2,35,63,8,69,250,3,16,Intermediate,Database Systems,Medium
9350,High Achiever,Computer Networks,4,70,92,15,92,768,6,104,Advanced,Machine Learning,Low
9351,Consistent Learner,Machine Learning,3,45,88,10,83,621,5,32,Intermediate,Machine Learning,Low
9352,Struggling Student,Computer Networks,1,13,35,4,60,79,2,5,Beginner,Object-Oriented Programming,High
9353,Casual Learner,DSA,3,33,70,4,62,269,4,5,Intermediate,Web Development,Medium
9354,Struggling Student,Machine Learning,2,12,33,5,60,80,2,4,Beginner,Web Development,High
9355,Casual Learner,Database,3,21,60,8,64,226,2,18,Intermediate,Web Development,Medium
9356,Inactive Student,DSA,1,1,15,1,40,51,0,1,Beginner,Programming Basics,High
9357,Consistent Learner,DSA,4,54,86,9,90,616,6,54,Intermediate,Advanced Algorithms,Low
9358,Consistent Learner,Programming,3,54,83,13,78,486,4,57,Intermediate,Database Systems,Low
9359,Struggling Student,Web Development,1,8,28,6,59,137,1,2,Beginner,Programming Fundamentals,High
9360,Struggling Student,Web Development,2,14,46,6,45,130,1,2,Beginner,Introduction to C++,High
9361,Consistent Learner,Database,4,46,87,11,81,693,4,26,Intermediate,Algorithms,Low
9362,High Achiever,Machine Learning,5,57,98,19,90,1080,6,47,Advanced,Machine Learning,Low
9363,High Achiever,Machine Learning,4,69,91,20,90,768,6,114,Advanced,Deep Learning,Low
9364,Consistent Learner,Computer Networks,4,46,75,11,86,414,5,45,Intermediate,Algorithms,Low
9365,Struggling Student,Computer Networks,1,9,35,2,48,70,1,7,Beginner,Introduction to C++,High
9366,Consistent Learner,Machine Learning,4,44,85,8,87,655,5,25,Intermediate,Machine Learning,Low
9367,Inactive Student,Operating Systems,1,5,3,0,29,49,1,1,Beginner,Programming Fundamentals,High
9368,Casual Learner,Machine Learning,2,34,52,4,60,336,4,25,Intermediate,Web Development,Medium
9369,Casual Learner,Machine Learning,2,35,69,7,66,325,3,9,Intermediate,Database Systems,Medium
9370,Consistent Learner,Web Development,4,44,78,9,76,538,5,20,Intermediate,Database Systems,Low
9371,Casual Learner,Computer Networks,3,19,58,5,67,293,2,23,Intermediate,Object-Oriented Programming,Medium
9372,Struggling Student,Computer Networks,1,12,23,3,53,148,2,2,Beginner,Programming Fundamentals,High
9373,Inactive Student,Programming,1,3,3,2,13,21,1,1,Beginner,Programming Fundamentals,High
9374,Inactive Student,Operating Systems,1,4,8,1,29,59,0,0,Beginner,Introduction to C++,High
9375,Struggling Student,Machine Learning,1,18,27,4,59,102,2,2,Beginner,Programming Basics,High
9376,Casual Learner,Database,3,35,72,6,74,396,2,10,Intermediate,Database Systems,Medium
9377,Casual Learner,Machine Learning,2,33,54,4,69,296,3,9,Intermediate,Object-Oriented Programming,Medium
9378,Casual Learner,Computer Networks,2,23,55,8,60,230,2,25,Intermediate,Object-Oriented Programming,Medium
9379,Inactive Student,Computer Networks,1,4,9,1,7,28,1,2,Beginner,Programming Basics,High
9380,Casual Learner,Database,2,31,70,7,70,323,4,25,Intermediate,Computer Networks,Medium
9381,Struggling Student,Machine Learning,1,13,37,6,52,109,2,3,Beginner,Introduction to C++,High
9382,High Achiever,Database,4,76,98,13,92,916,6,84,Advanced,Advanced Algorithms,Low
9383,High Achiever,Operating Systems,4,66,100,19,97,739,7,66,Advanced,Machine Learning,Low
9384,Casual Learner,DSA,2,34,66,4,62,315,3,10,Intermediate,Database Systems,Medium
9385,Struggling Student,Machine Learning,1,16,48,2,42,151,1,4,Beginner,Programming Fundamentals,High
9386,Casual Learner,Web Development,3,16,56,4,72,342,3,17,Intermediate,Computer Networks,Medium
9387,Consistent Learner,Database,4,45,78,12,83,467,4,53,Intermediate,Operating Systems,Low
9388,Struggling Student,Database,1,5,32,5,53,90,1,3,Beginner,Introduction to C++,High
9389,Casual Learner,Operating Systems,3,15,74,5,64,233,3,20,Intermediate,Web Development,Medium
9390,Casual Learner,Database,3,16,61,6,71,222,4,9,Intermediate,Data Structures,Medium
9391,Consistent Learner,Computer Networks,4,49,84,9,79,405,5,52,Intermediate,Database Systems,Low
9392,Inactive Student,DSA,1,3,15,1,7,14,0,2,Beginner,Programming Fundamentals,High
9393,Casual Learner,Computer Networks,3,22,54,8,75,382,2,23,Intermediate,Data Structures,Medium
9394,Struggling Student,Database,1,17,25,3,53,167,1,2,Beginner,Introduction to C++,High
9395,Struggling Student,Computer Networks,1,10,30,2,52,143,2,7,Beginner,Programming Fundamentals,High
9396,Struggling Student,Database,2,5,45,5,58,74,1,8,Beginner,Programming Basics,High
9397,Consistent Learner,Computer Networks,3,38,82,14,80,627,6,30,Intermediate,Algorithms,Low
9398,Consistent Learner,Web Development,4,40,85,11,81,494,6,24,Intermediate,Operating Systems,Low
9399,Consistent Learner,Database,4,46,87,10,85,479,4,26,Intermediate,Algorithms,Low
9400,Consistent Learner,Programming,4,50,81,11,78,695,5,22,Intermediate,Data Structures,Low
9401,Struggling Student,Web Development,1,7,35,5,55,74,1,1,Beginner,Programming Basics,High
9402,Casual Learner,Computer Networks,3,16,66,5,64,391,2,24,Intermediate,Object-Oriented Programming,Medium
9403,Casual Learner,Web Development,3,29,60,6,65,336,2,25,Intermediate,Web Development,Medium
9404,Struggling Student,Web Development,2,12,27,3,60,65,1,3,Beginner,Web Development,High
9405,Consistent Learner,Programming,4,52,85,14,77,445,4,45,Intermediate,Data Structures,Low
9406,Inactive Student,Computer Networks,1,4,12,2,8,49,0,1,Beginner,Introduction to C++,High
9407,Casual Learner,Operating Systems,2,15,54,7,62,310,4,12,Intermediate,Object-Oriented Programming,Medium
9408,Consistent Learner,Database,4,52,86,9,78,655,4,47,Intermediate,Computer Networks,Low
9409,High Achiever,Operating Systems,4,66,100,17,94,949,6,114,Advanced,Machine Learning,Low
9410,Inactive Student,Programming,1,1,8,2,19,54,1,0,Beginner,Introduction to C++,High
9411,High Achiever,Computer Networks,5,64,94,15,97,893,6,108,Advanced,Advanced Algorithms,Low
9412,High Achiever,Computer Networks,4,57,95,14,91,829,6,102,Advanced,Advanced Algorithms,Low
9413,High Achiever,Machine Learning,5,58,99,13,91,795,6,82,Advanced,Advanced Algorithms,Low
9414,Consistent Learner,Operating Systems,4,43,86,12,76,534,6,31,Intermediate,Computer Networks,Low
9415,Casual Learner,Computer Networks,3,19,56,5,73,328,2,23,Intermediate,Data Structures,Medium
9416,Struggling Student,Programming,2,16,34,3,40,61,1,2,Beginner,Programming Basics,High
9417,Consistent Learner,DSA,4,55,80,8,76,568,5,49,Intermediate,Computer Networks,Low
9418,Inactive Student,Computer Networks,1,1,6,2,2,26,1,1,Beginner,Programming Basics,High
9419,Consistent Learner,Computer Networks,4,35,85,13,86,503,5,32,Intermediate,Machine Learning,Low
9420,Consistent Learner,Web Development,4,36,79,14,88,647,4,40,Intermediate,Algorithms,Low
9421,Struggling Student,Computer Networks,2,10,35,4,40,97,2,3,Beginner,Introduction to C++,High
9422,High Achiever,Programming,4,70,99,12,96,931,6,73,Advanced,Machine Learning,Low
9423,Casual Learner,Machine Learning,3,26,63,7,66,320,3,18,Intermediate,Web Development,Medium
9424,Consistent Learner,Computer Networks,3,35,78,13,79,566,6,35,Intermediate,Computer Networks,Low
9425,Inactive Student,Programming,1,2,6,0,7,56,1,2,Beginner,Programming Fundamentals,High
9426,Struggling Student,DSA,2,5,45,4,40,148,1,5,Beginner,Introduction to C++,High
9427,Struggling Student,Programming,2,6,38,4,58,95,2,3,Beginner,Programming Fundamentals,High
9428,Struggling Student,Computer Networks,1,10,27,3,56,136,2,1,Beginner,Programming Basics,High
9429,Inactive Student,Programming,1,2,5,2,8,11,1,2,Beginner,Introduction to C++,High
9430,Consistent Learner,Operating Systems,4,51,90,10,88,638,5,39,Intermediate,Operating Systems,Low
9431,Consistent Learner,DSA,3,40,85,13,75,514,4,38,Intermediate,Database Systems,Low
9432,Casual Learner,Machine Learning,2,30,70,5,64,212,3,16,Intermediate,Database Systems,Medium
9433,High Achiever,Programming,5,57,98,19,91,1121,7,103,Advanced,Deep Learning,Low
9434,Casual Learner,Database,2,27,60,8,74,334,4,14,Intermediate,Data Structures,Medium
9435,Consistent Learner,DSA,3,37,90,14,78,457,4,36,Intermediate,Data Structures,Low
9436,Consistent Learner,Computer Networks,3,52,82,13,89,474,5,23,Intermediate,Operating Systems,Low
9437,Casual Learner,DSA,3,27,75,5,63,295,4,24,Intermediate,Object-Oriented Programming,Medium
9438,Consistent Learner,Web Development,4,42,88,14,82,622,6,57,Intermediate,Machine Learning,Low
9439,Casual Learner,Computer Networks,3,32,64,4,60,206,3,13,Intermediate,Database Systems,Medium
9440,Consistent Learner,Computer Networks,3,39,79,8,90,558,4,29,Intermediate,Advanced Algorithms,Low
9441,Inactive Student,DSA,1,0,12,1,15,1,0,1,Beginner,Programming Fundamentals,High
9442,Casual Learner,Programming,2,31,52,4,65,211,4,6,Intermediate,Database Systems,Medium
9443,High Achiever,DSA,5,62,98,13,90,1049,6,79,Advanced,Deep Learning,Low
9444,Casual Learner,Machine Learning,3,34,61,6,67,357,3,17,Intermediate,Database Systems,Medium
9445,Consistent Learner,Database,4,40,77,14,75,680,6,40,Intermediate,Computer Networks,Low
9446,Consistent Learner,Operating Systems,4,51,88,9,84,677,5,24,Intermediate,Operating Systems,Low
9447,Consistent Learner,Machine Learning,4,36,87,13,75,672,6,26,Intermediate,Data Structures,Low
9448,Inactive Student,Machine Learning,1,4,9,1,11,57,1,1,Beginner,Programming Basics,High
9449,Casual Learner,Computer Networks,2,20,58,5,75,248,2,13,Intermediate,Data Structures,Medium
9450,Struggling Student,Operating Systems,2,7,48,4,46,179,2,1,Beginner,Introduction to C++,High
9451,Casual Learner,Operating Systems,3,32,61,5,72,310,2,7,Intermediate,Computer Networks,Medium
9452,Consistent Learner,DSA,4,54,82,10,89,514,5,28,Intermediate,Machine Learning,Low
9453,Struggling Student,Web Development,2,8,20,5,47,130,2,6,Beginner,Programming Fundamentals,High
9454,Struggling Student,Programming,1,13,21,5,47,140,2,3,Beginner,Programming Fundamentals,High
9455,Consistent Learner,Web Development,4,49,80,11,80,575,6,51,Intermediate,Machine Learning,Low
9456,Consistent Learner,Machine Learning,4,51,80,10,77,681,4,39,Intermediate,Database Systems,Low
9457,Inactive Student,Database,1,1,14,0,17,49,0,0,Beginner,Programming Basics,High
9458,Casual Learner,Computer Networks,3,35,70,8,71,219,4,5,Intermediate,Database Systems,Medium
9459,Inactive Student,Web Development,1,5,14,0,33,33,0,1,Beginner,Programming Fundamentals,High
9460,Consistent Learner,Computer Networks,3,39,89,12,81,585,5,29,Intermediate,Machine Learning,Low
9461,Consistent Learner,Programming,4,45,84,9,83,608,5,23,Intermediate,Operating Systems,Low
9462,Struggling Student,Web Development,1,13,39,3,60,133,1,2,Beginner,Object-Oriented Programming,High
9463,Struggling Student,Programming,1,5,23,6,41,163,1,4,Beginner,Programming Fundamentals,High
9464,Casual Learner,Computer Networks,2,26,70,5,60,286,2,15,Intermediate,Database Systems,Medium
9465,High Achiever,Database,4,64,94,12,92,1138,6,62,Advanced,Machine Learning,Low
9466,Casual Learner,Operating Systems,3,20,51,7,69,399,3,20,Intermediate,Object-Oriented Programming,Medium
9467,Struggling Student,Computer Networks,1,12,33,4,47,133,1,2,Beginner,Introduction to C++,High
9468,Consistent Learner,Machine Learning,3,49,85,8,79,661,5,20,Intermediate,Database Systems,Low
9469,Casual Learner,Machine Learning,3,34,56,8,75,321,3,9,Intermediate,Database Systems,Medium
9470,High Achiever,Operating Systems,5,73,97,13,99,904,7,103,Advanced,Deep Learning,Low
9471,Consistent Learner,Operating Systems,3,37,84,13,90,602,4,57,Intermediate,Deep Learning,Low
9472,Casual Learner,Machine Learning,3,34,64,8,62,283,4,8,Intermediate,Database Systems,Medium
9473,Struggling Student,Operating Systems,1,7,42,5,53,163,1,1,Beginner,Programming Fundamentals,High
9474,Struggling Student,Programming,2,12,27,2,49,105,1,4,Beginner,Programming Basics,High
9475,Casual Learner,DSA,3,21,73,7,70,389,3,14,Intermediate,Database Systems,Medium
9476,Struggling Student,Operating Systems,2,11,30,4,44,67,2,7,Beginner,Introduction to C++,High
9477,Struggling Student,Database,1,12,21,5,46,74,1,5,Beginner,Introduction to C++,High
9478,Struggling Student,DSA,1,5,25,2,58,154,1,2,Beginner,Introduction to C++,High
9479,Casual Learner,Operating Systems,3,21,62,4,67,263,2,21,Intermediate,Database Systems,Medium
9480,Casual Learner,DSA,3,15,63,8,70,322,4,23,Intermediate,Computer Networks,Medium
9481,Consistent Learner,Operating Systems,3,41,85,14,79,529,5,31,Intermediate,Computer Networks,Low
9482,Consistent Learner,Programming,3,37,90,14,89,429,4,41,Intermediate,Algorithms,Low
9483,Casual Learner,Operating Systems,2,28,73,8,75,378,3,23,Intermediate,Data Structures,Medium
9484,Struggling Student,Programming,1,15,50,3,40,131,2,6,Beginner,Programming Fundamentals,High
9485,Struggling Student,DSA,2,6,35,4,59,73,2,6,Beginner,Introduction to C++,High
9486,Inactive Student,Operating Systems,1,1,11,0,19,26,0,1,Beginner,Programming Fundamentals,High
9487,Struggling Student,Computer Networks,1,6,48,6,50,77,1,7,Beginner,Programming Basics,High
9488,Consistent Learner,Operating Systems,4,45,82,10,80,531,5,59,Intermediate,Algorithms,Low
9489,High Achiever,Database,4,77,96,20,93,980,7,74,Advanced,Machine Learning,Low
9490,Consistent Learner,Programming,4,46,81,12,79,429,6,51,Intermediate,Database Systems,Low
9491,High Achiever,Operating Systems,4,74,95,16,88,921,6,81,Advanced,Algorithms,Low
9492,Consistent Learner,Machine Learning,4,37,83,10,83,685,4,23,Intermediate,Operating Systems,Low
9493,Consistent Learner,Web Development,3,48,85,13,86,444,4,54,Intermediate,Algorithms,Low
9494,High Achiever,Machine Learning,5,56,97,18,94,953,6,112,Advanced,Machine Learning,Low
9495,Consistent Learner,Programming,4,52,80,10,82,499,5,27,Intermediate,Machine Learning,Low
9496,High Achiever,Web Development,4,56,92,17,96,1116,6,89,Advanced,Advanced Algorithms,Low
9497,Struggling Student,Web Development,1,15,29,2,52,180,1,4,Beginner,Introduction to C++,High
9498,Struggling Student,Web Development,1,6,35,4,59,167,2,4,Beginner,Programming Fundamentals,High
9499,Inactive Student,Web Development,1,3,18,2,38,28,1,1,Beginner,Introduction to C++,High
9500,Consistent Learner,Programming,3,45,83,11,86,594,4,55,Intermediate,Algorithms,Low
9501,High Achiever,Machine Learning,4,76,97,18,90,792,7,55,Advanced,Deep Learning,Low
9502,Inactive Student,Programming,1,4,17,2,6,46,0,0,Beginner,Introduction to C++,High
9503,High Achiever,Operating Systems,5,61,97,15,99,1097,6,81,Advanced,Machine Learning,Low
9504,Inactive Student,DSA,1,0,13,1,9,53,0,2,Beginner,Programming Fundamentals,High
9505,Struggling Student,Web Development,1,9,33,6,52,159,2,7,Beginner,Introduction to C++,High
9506,High Achiever,Machine Learning,4,72,96,16,96,979,7,106,Advanced,Advanced Algorithms,Low
9507,Struggling Student,Machine Learning,2,16,44,3,56,68,1,5,Beginner,Introduction to C++,High
9508,Consistent Learner,Web Development,4,36,79,10,78,465,5,46,Intermediate,Computer Networks,Low
9509,Inactive Student,DSA,1,2,19,2,24,49,0,1,Beginner,Introduction to C++,High
9510,Consistent Learner,Programming,3,50,83,12,76,421,4,34,Intermediate,Data Structures,Low
9511,Casual Learner,Machine Learning,3,31,57,5,65,345,2,18,Intermediate,Web Development,Medium
9512,Inactive Student,Web Development,1,5,2,1,27,55,1,2,Beginner,Programming Basics,High
9513,Inactive Student,Operating Systems,1,0,4,2,26,49,0,2,Beginner,Programming Basics,High
9514,Struggling Student,Programming,2,12,43,4,45,104,1,5,Beginner,Programming Basics,High
9515,Struggling Student,Web Development,1,18,46,3,44,176,1,2,Beginner,Introduction to C++,High
9516,Inactive Student,Computer Networks,1,2,1,1,21,29,0,1,Beginner,Introduction to C++,High
9517,Struggling Student,Computer Networks,2,6,25,5,48,76,2,8,Beginner,Programming Basics,High
9518,Consistent Learner,DSA,3,48,87,11,89,431,4,46,Intermediate,Operating Systems,Low
9519,Inactive Student,Web Development,1,5,3,2,6,45,1,1,Beginner,Introduction to C++,High
9520,Struggling Student,DSA,1,6,28,5,42,73,2,3,Beginner,Introduction to C++,High
9521,Struggling Student,Database,1,8,20,5,54,170,2,4,Beginner,Programming Fundamentals,High
9522,Struggling Student,Database,2,9,35,4,51,114,1,6,Beginner,Introduction to C++,High
9523,Consistent Learner,Computer Networks,4,38,85,13,85,439,5,54,Intermediate,Operating Systems,Low
9524,Casual Learner,Web Development,2,15,52,8,68,319,3,16,Intermediate,Database Systems,Medium
9525,Consistent Learner,Computer Networks,3,42,86,11,89,617,4,24,Intermediate,Machine Learning,Low
9526,Casual Learner,Programming,3,32,65,5,69,225,2,10,Intermediate,Database Systems,Medium
9527,Inactive Student,Machine Learning,1,3,3,2,33,7,1,0,Beginner,Programming Basics,High
9528,Consistent Learner,DSA,3,54,76,13,80,425,5,52,Intermediate,Algorithms,Low
9529,Casual Learner,Web Development,2,19,58,8,74,383,2,12,Intermediate,Database Systems,Medium
9530,Consistent Learner,Machine Learning,4,39,83,13,76,416,4,39,Intermediate,Data Structures,Low
9531,Consistent Learner,Programming,4,36,83,12,77,450,4,54,Intermediate,Data Structures,Low
9532,Struggling Student,Machine Learning,1,15,37,2,47,120,2,3,Beginner,Introduction to C++,High
9533,Inactive Student,Computer Networks,1,0,14,1,11,60,0,2,Beginner,Introduction to C++,High
9534,Inactive Student,Database,1,2,17,2,21,7,0,0,Beginner,Programming Basics,High
9535,Struggling Student,Programming,1,17,27,3,48,65,2,2,Beginner,Introduction to C++,High
9536,Inactive Student,Web Development,1,5,12,0,11,59,1,1,Beginner,Programming Fundamentals,High
9537,Consistent Learner,Database,4,45,86,13,82,566,6,41,Intermediate,Operating Systems,Low
9538,Struggling Student,Machine Learning,2,15,42,6,58,115,1,3,Beginner,Programming Basics,High
9539,Casual Learner,Web Development,3,24,55,8,74,349,3,25,Intermediate,Data Structures,Medium
9540,Inactive Student,Database,1,2,2,2,28,22,0,2,Beginner,Programming Fundamentals,High
9541,Casual Learner,Operating Systems,3,30,64,6,67,285,2,8,Intermediate,Object-Oriented Programming,Medium
9542,High Achiever,Web Development,4,78,95,20,99,732,6,96,Advanced,Advanced Algorithms,Low
9543,Casual Learner,DSA,3,30,61,7,75,396,4,5,Intermediate,Computer Networks,Medium
9544,Casual Learner,Computer Networks,3,16,55,4,68,303,3,16,Intermediate,Database Systems,Medium
9545,Struggling Student,Programming,2,16,37,3,46,162,2,8,Beginner,Programming Fundamentals,High
9546,Casual Learner,Programming,3,25,71,7,70,252,2,7,Intermediate,Database Systems,Medium
9547,High Achiever,Web Development,5,80,98,15,94,948,7,42,Advanced,Advanced Algorithms,Low
9548,Consistent Learner,Web Development,4,53,79,14,87,523,6,23,Intermediate,Operating Systems,Low
9549,Consistent Learner,Operating Systems,3,55,76,8,86,536,4,24,Intermediate,Machine Learning,Low
9550,Struggling Student,Computer Networks,2,16,49,2,48,66,2,3,Beginner,Programming Basics,High
9551,Struggling Student,Database,1,18,49,5,53,151,2,1,Beginner,Introduction to C++,High
9552,Consistent Learner,Web Development,4,47,80,11,88,608,4,53,Intermediate,Algorithms,Low
9553,High Achiever,DSA,4,61,97,17,96,1052,7,104,Advanced,Machine Learning,Low
9554,Casual Learner,Web Development,3,29,71,6,67,208,2,25,Intermediate,Object-Oriented Programming,Medium
9555,High Achiever,Web Development,5,65,92,18,92,968,6,115,Advanced,Advanced Algorithms,Low
9556,Casual Learner,Computer Networks,3,18,72,4,66,330,3,15,Intermediate,Database Systems,Medium
9557,Consistent Learner,Programming,4,43,77,11,80,566,5,55,Intermediate,Algorithms,Low
9558,Struggling Student,Machine Learning,1,17,35,6,52,136,2,8,Beginner,Programming Fundamentals,High
9559,High Achiever,Machine Learning,5,79,93,18,88,886,6,49,Advanced,Algorithms,Low
9560,Casual Learner,Database,2,26,67,5,70,214,3,21,Intermediate,Data Structures,Medium
9561,High Achiever,Operating Systems,5,61,91,20,88,1099,6,113,Advanced,Operating Systems,Low
9562,Struggling Student,Web Development,1,8,43,2,52,109,2,4,Beginner,Introduction to C++,High
9563,Consistent Learner,Database,3,37,76,9,76,405,5,26,Intermediate,Computer Networks,Low
9564,Casual Learner,Machine Learning,3,21,50,4,65,391,3,13,Intermediate,Object-Oriented Programming,Medium
9565,Inactive Student,Machine Learning,1,4,5,0,17,34,0,0,Beginner,Programming Basics,High
9566,Inactive Student,Web Development,1,0,11,2,20,44,0,1,Beginner,Programming Basics,High
9567,Consistent Learner,Computer Networks,3,51,86,10,86,667,5,25,Intermediate,Algorithms,Low
9568,Casual Learner,Web Development,2,19,53,5,73,318,3,7,Intermediate,Computer Networks,Medium
9569,Struggling Student,Programming,1,14,29,6,55,159,2,3,Beginner,Programming Fundamentals,High
9570,Casual Learner,Computer Networks,2,19,68,4,68,220,3,5,Intermediate,Web Development,Medium
9571,Struggling Student,Web Development,2,11,23,6,56,75,2,5,Beginner,Introduction to C++,High
9572,Consistent Learner,Computer Networks,4,41,75,12,76,417,6,22,Intermediate,Database Systems,Low
9573,Consistent Learner,Machine Learning,3,42,76,10,78,406,6,37,Intermediate,Data Structures,Low
9574,Consistent Learner,DSA,3,43,89,14,87,654,4,21,Intermediate,Algorithms,Low
9575,Struggling Student,Programming,2,9,49,5,42,170,1,6,Beginner,Programming Fundamentals,High
9576,Casual Learner,DSA,2,31,69,7,74,244,3,12,Intermediate,Data Structures,Medium
9577,Struggling Student,Computer Networks,2,10,44,3,60,148,1,7,Beginner,Object-Oriented Programming,High
9578,Inactive Student,Machine Learning,1,0,6,1,4,45,1,1,Beginner,Introduction to C++,High
9579,Consistent Learner,Database,4,38,79,11,82,483,6,46,Intermediate,Algorithms,Low
9580,Consistent Learner,Computer Networks,4,41,83,10,87,483,5,33,Intermediate,Machine Learning,Low
9581,Struggling Student,Computer Networks,1,10,45,3,45,118,2,5,Beginner,Programming Fundamentals,High
9582,Struggling Student,Web Development,2,11,33,2,58,156,2,6,Beginner,Introduction to C++,High
9583,Consistent Learner,Computer Networks,3,55,85,10,84,694,5,24,Intermediate,Machine Learning,Low
9584,Inactive Student,Database,1,1,9,2,15,11,1,0,Beginner,Programming Fundamentals,High
9585,Consistent Learner,Machine Learning,4,48,77,8,76,561,6,36,Intermediate,Computer Networks,Low
9586,Struggling Student,Web Development,1,17,33,6,41,172,2,2,Beginner,Programming Basics,High
9587,High Achiever,Machine Learning,5,59,98,17,96,1174,6,59,Advanced,Machine Learning,Low
9588,Casual Learner,Programming,3,24,62,4,64,314,4,25,Intermediate,Object-Oriented Programming,Medium
9589,Casual Learner,Database,3,32,63,4,62,268,4,5,Intermediate,Database Systems,Medium
9590,Consistent Learner,DSA,3,55,88,12,88,640,5,20,Intermediate,Machine Learning,Low
9591,Consistent Learner,Database,3,36,90,11,80,424,5,52,Intermediate,Algorithms,Low
9592,Inactive Student,DSA,1,4,5,2,29,47,0,2,Beginner,Programming Fundamentals,High
9593,High Achiever,Operating Systems,5,62,97,19,92,928,7,119,Advanced,Machine Learning,Low
9594,High Achiever,Operating Systems,5,57,90,17,96,1151,6,102,Advanced,Advanced Algorithms,Low
9595,Struggling Student,Machine Learning,2,5,21,4,49,77,2,2,Beginner,Programming Fundamentals,High
9596,Casual Learner,Computer Networks,2,26,61,4,75,300,4,22,Intermediate,Database Systems,Medium
9597,Consistent Learner,Machine Learning,4,55,75,13,78,672,4,38,Intermediate,Computer Networks,Low
9598,Struggling Student,Operating Systems,1,10,21,3,53,158,2,3,Beginner,Programming Fundamentals,High
9599,Struggling Student,Machine Learning,1,10,39,5,47,60,2,8,Beginner,Introduction to C++,High
9600,Inactive Student,Programming,1,0,17,2,35,6,0,0,Beginner,Introduction to C++,High
9601,Casual Learner,Database,2,15,50,5,63,285,4,24,Intermediate,Database Systems,Medium
9602,Inactive Student,Programming,1,5,6,2,11,12,0,1,Beginner,Introduction to C++,High
9603,High Achiever,DSA,5,61,92,16,90,1026,6,106,Advanced,Advanced Algorithms,Low
9604,Struggling Student,Programming,2,9,30,3,47,129,2,6,Beginner,Programming Basics,High
9605,Inactive Student,Web Development,1,5,19,2,40,48,1,0,Beginner,Programming Fundamentals,High
9606,Casual Learner,Database,3,18,67,8,65,312,3,11,Intermediate,Object-Oriented Programming,Medium
9607,Struggling Student,DSA,1,14,31,2,45,72,2,5,Beginner,Programming Fundamentals,High
9608,Casual Learner,Web Development,3,16,66,7,69,379,3,20,Intermediate,Database Systems,Medium
9609,High Achiever,Machine Learning,4,76,96,13,92,810,7,88,Advanced,Advanced Algorithms,Low
9610,Casual Learner,Operating Systems,2,15,67,5,67,226,4,7,Intermediate,Object-Oriented Programming,Medium
9611,High Achiever,Database,4,71,92,16,98,1031,7,51,Advanced,Advanced Algorithms,Low
9612,High Achiever,Programming,5,61,95,17,100,1121,7,101,Advanced,Advanced Algorithms,Low
9613,Casual Learner,Programming,3,26,75,7,69,302,2,16,Intermediate,Database Systems,Medium
9614,Casual Learner,Web Development,3,30,62,7,62,278,2,14,Intermediate,Database Systems,Medium
9615,Casual Learner,Machine Learning,3,22,56,4,62,326,3,16,Intermediate,Database Systems,Medium
9616,Struggling Student,Database,1,5,50,4,50,85,2,1,Beginner,Introduction to C++,High
9617,Consistent Learner,Operating Systems,4,38,81,8,83,511,6,46,Intermediate,Operating Systems,Low
9618,Consistent Learner,Web Development,3,53,79,12,80,638,6,58,Intermediate,Operating Systems,Low
9619,Inactive Student,Programming,1,3,11,0,16,28,1,1,Beginner,Programming Fundamentals,High
9620,High Achiever,Machine Learning,5,64,100,13,92,1136,6,103,Advanced,Deep Learning,Low
9621,Struggling Student,Programming,1,15,46,2,50,136,2,4,Beginner,Programming Basics,High
9622,Struggling Student,Database,2,17,42,2,59,152,2,6,Beginner,Programming Basics,High
9623,Casual Learner,Database,3,32,60,8,69,366,3,11,Intermediate,Web Development,Medium
9624,Casual Learner,Operating Systems,3,20,52,4,75,246,4,16,Intermediate,Computer Networks,Medium
9625,Inactive Student,Database,1,1,1,2,19,46,0,0,Beginner,Programming Fundamentals,High
9626,Struggling Student,Computer Networks,2,6,48,6,40,95,2,8,Beginner,Programming Basics,High
9627,Casual Learner,Computer Networks,3,22,50,8,71,370,4,17,Intermediate,Data Structures,Medium
9628,Consistent Learner,DSA,3,43,77,10,77,523,5,22,Intermediate,Data Structures,Low
9629,Casual Learner,Machine Learning,3,18,56,7,68,199,2,15,Intermediate,Web Development,Medium
9630,Struggling Student,Operating Systems,2,6,36,6,50,62,1,7,Beginner,Introduction to C++,High
9631,Casual Learner,Computer Networks,3,21,69,7,72,260,2,19,Intermediate,Computer Networks,Medium
9632,Consistent Learner,Machine Learning,4,39,86,9,89,550,6,48,Intermediate,Algorithms,Low
9633,Inactive Student,Database,1,3,10,1,5,40,1,0,Beginner,Programming Fundamentals,High
9634,Casual Learner,Web Development,2,26,75,7,74,225,4,12,Intermediate,Data Structures,Medium
9635,Consistent Learner,Operating Systems,3,54,80,8,81,658,4,57,Intermediate,Machine Learning,Low
9636,Consistent Learner,Database,4,42,80,14,85,657,5,55,Intermediate,Operating Systems,Low
9637,Inactive Student,Programming,1,5,4,0,4,9,1,1,Beginner,Introduction to C++,High
9638,Struggling Student,Operating Systems,2,6,43,5,43,144,2,7,Beginner,Programming Fundamentals,High
9639,Casual Learner,Database,3,33,59,8,66,373,4,5,Intermediate,Database Systems,Medium
9640,Consistent Learner,DSA,3,44,86,10,79,474,6,57,Intermediate,Database Systems,Low
9641,Consistent Learner,Computer Networks,4,50,87,9,88,449,4,48,Intermediate,Algorithms,Low
9642,Struggling Student,DSA,2,5,49,6,46,171,1,2,Beginner,Introduction to C++,High
9643,Casual Learner,DSA,2,23,52,7,71,283,3,11,Intermediate,Computer Networks,Medium
9644,Inactive Student,Computer Networks,1,3,17,2,0,20,1,0,Beginner,Programming Basics,High
9645,Inactive Student,DSA,1,0,14,2,21,26,0,1,Beginner,Programming Fundamentals,High
9646,Inactive Student,DSA,1,1,17,0,15,4,0,1,Beginner,Introduction to C++,High
9647,Struggling Student,Web Development,2,12,43,3,54,133,1,1,Beginner,Programming Fundamentals,High
9648,Struggling Student,Database,1,13,49,4,57,107,1,6,Beginner,Programming Fundamentals,High
9649,Casual Learner,Machine Learning,2,21,54,5,62,223,3,23,Intermediate,Database Systems,Medium
9650,Consistent Learner,Computer Networks,3,53,75,9,79,571,4,46,Intermediate,Data Structures,Low
9651,Consistent Learner,DSA,3,46,77,10,85,493,5,50,Intermediate,Operating Systems,Low
9652,Struggling Student,DSA,2,5,46,4,53,113,2,1,Beginner,Introduction to C++,High
9653,Struggling Student,Operating Systems,1,13,25,6,45,89,1,7,Beginner,Introduction to C++,High
9654,Casual Learner,Machine Learning,3,27,56,4,71,220,4,20,Intermediate,Data Structures,Medium
9655,Struggling Student,Web Development,2,12,29,5,52,81,1,4,Beginner,Introduction to C++,High
9656,Casual Learner,Web Development,2,33,58,6,72,336,3,22,Intermediate,Computer Networks,Medium
9657,Consistent Learner,Database,3,36,83,14,90,611,4,46,Intermediate,Machine Learning,Low
9658,Consistent Learner,Machine Learning,4,48,78,13,87,684,4,56,Intermediate,Machine Learning,Low
9659,Casual Learner,Operating Systems,2,33,54,8,62,180,4,19,Intermediate,Object-Oriented Programming,Medium
9660,Casual Learner,Web Development,2,18,61,7,70,310,4,17,Intermediate,Computer Networks,Medium
9661,High Achiever,DSA,5,62,94,19,89,1172,7,54,Advanced,Operating Systems,Low
9662,High Achiever,DSA,5,62,91,19,95,921,6,89,Advanced,Machine Learning,Low
9663,High Achiever,Machine Learning,4,66,97,20,92,1191,6,98,Advanced,Machine Learning,Low
9664,Struggling Student,Machine Learning,2,5,22,4,51,61,2,6,Beginner,Programming Fundamentals,High
9665,Inactive Student,Database,1,3,18,1,30,60,1,1,Beginner,Introduction to C++,High
9666,Inactive Student,Web Development,1,5,13,1,25,16,0,1,Beginner,Introduction to C++,High
9667,Casual Learner,Operating Systems,2,34,51,7,68,268,4,7,Intermediate,Database Systems,Medium
9668,Consistent Learner,Computer Networks,3,51,77,14,75,529,6,22,Intermediate,Data Structures,Low
9669,Casual Learner,Web Development,2,35,68,6,68,362,3,12,Intermediate,Object-Oriented Programming,Medium
9670,Casual Learner,Operating Systems,2,30,71,8,68,397,2,15,Intermediate,Object-Oriented Programming,Medium
9671,Casual Learner,Web Development,3,18,74,7,71,325,3,11,Intermediate,Data Structures,Medium
9672,Casual Learner,Web Development,3,21,72,8,72,364,2,8,Intermediate,Computer Networks,Medium
9673,Casual Learner,Web Development,3,23,51,5,67,217,3,9,Intermediate,Database Systems,Medium
9674,Casual Learner,Database,2,24,73,5,63,396,3,15,Intermediate,Database Systems,Medium
9675,Casual Learner,Programming,3,31,68,7,71,269,2,6,Intermediate,Computer Networks,Medium
9676,Consistent Learner,Programming,4,47,88,12,83,468,4,48,Intermediate,Algorithms,Low
9677,High Achiever,Programming,4,80,98,20,97,1165,7,99,Advanced,Advanced Algorithms,Low
9678,Struggling Student,Database,2,13,32,3,42,124,1,2,Beginner,Programming Fundamentals,High
9679,Casual Learner,Operating Systems,3,16,55,4,73,212,4,18,Intermediate,Computer Networks,Medium
9680,Casual Learner,Web Development,2,23,58,4,75,269,3,6,Intermediate,Database Systems,Medium
9681,High Achiever,Machine Learning,5,58,96,20,96,1020,7,62,Advanced,Machine Learning,Low
9682,Consistent Learner,Computer Networks,4,51,77,14,85,671,4,38,Intermediate,Algorithms,Low
9683,Inactive Student,Machine Learning,1,5,17,0,24,48,1,0,Beginner,Programming Fundamentals,High
9684,Inactive Student,Web Development,1,2,13,2,2,28,0,0,Beginner,Programming Fundamentals,High
9685,Struggling Student,Database,1,15,50,4,56,121,1,5,Beginner,Programming Basics,High
9686,Consistent Learner,Operating Systems,4,37,89,12,85,632,5,33,Intermediate,Operating Systems,Low
9687,Struggling Student,Web Development,1,9,26,2,51,82,1,3,Beginner,Introduction to C++,High
9688,Struggling Student,Machine Learning,1,15,50,3,58,130,1,6,Beginner,Programming Basics,High
9689,Struggling Student,Computer Networks,1,13,22,5,54,153,1,8,Beginner,Programming Fundamentals,High
9690,Inactive Student,Operating Systems,1,3,8,0,0,53,0,0,Beginner,Programming Basics,High
9691,Casual Learner,Computer Networks,3,23,69,5,61,349,3,25,Intermediate,Object-Oriented Programming,Medium
9692,Struggling Student,Programming,1,16,35,2,57,138,1,6,Beginner,Programming Basics,High
9693,Casual Learner,Machine Learning,3,17,69,7,71,219,4,14,Intermediate,Database Systems,Medium
9694,Consistent Learner,Programming,4,43,90,11,88,677,6,50,Intermediate,Operating Systems,Low
9695,Struggling Student,Machine Learning,1,8,24,3,56,98,1,6,Beginner,Programming Basics,High
9696,High Achiever,Programming,5,77,100,18,97,1113,6,85,Advanced,Deep Learning,Low
9697,High Achiever,Machine Learning,4,60,90,20,97,1004,6,94,Advanced,Deep Learning,Low
9698,Casual Learner,Database,2,22,62,7,65,284,4,13,Intermediate,Object-Oriented Programming,Medium
9699,Casual Learner,Computer Networks,3,17,60,7,67,307,4,6,Intermediate,Object-Oriented Programming,Medium
9700,Struggling Student,Web Development,1,18,32,3,43,119,1,4,Beginner,Programming Fundamentals,High
9701,Inactive Student,Programming,1,2,9,2,28,55,1,1,Beginner,Introduction to C++,High
9702,Casual Learner,DSA,2,25,73,7,65,276,2,14,Intermediate,Database Systems,Medium
9703,Struggling Student,Operating Systems,1,14,24,4,44,159,1,1,Beginner,Programming Basics,High
9704,Casual Learner,Operating Systems,2,33,67,8,60,219,3,25,Intermediate,Object-Oriented Programming,Medium
9705,Inactive Student,DSA,1,1,9,2,18,28,0,0,Beginner,Introduction to C++,High
9706,Consistent Learner,Web Development,4,52,90,13,80,621,6,42,Intermediate,Machine Learning,Low
9707,Consistent Learner,Operating Systems,4,35,86,13,79,665,5,35,Intermediate,Data Structures,Low
9708,Consistent Learner,Database,3,55,84,9,83,614,5,43,Intermediate,Algorithms,Low
9709,Consistent Learner,DSA,4,52,76,10,82,526,4,54,Intermediate,Machine Learning,Low
9710,Consistent Learner,DSA,4,52,80,14,88,487,5,56,Intermediate,Machine Learning,Low
9711,Struggling Student,Machine Learning,1,13,44,4,45,71,2,6,Beginner,Introduction to C++,High
9712,Casual Learner,Operating Systems,3,30,62,7,72,186,2,14,Intermediate,Database Systems,Medium
9713,High Achiever,Programming,4,79,94,15,90,1088,6,80,Advanced,Advanced Algorithms,Low
9714,Inactive Student,Machine Learning,1,4,0,0,30,10,0,1,Beginner,Programming Fundamentals,High
9715,Casual Learner,Web Development,3,24,52,6,61,273,3,22,Intermediate,Web Development,Medium
9716,Struggling Student,Machine Learning,2,16,50,2,55,92,2,3,Beginner,Programming Fundamentals,High
9717,Casual Learner,Web Development,3,25,59,5,65,356,4,12,Intermediate,Web Development,Medium
9718,Consistent Learner,Web Development,3,55,75,13,77,639,4,51,Intermediate,Database Systems,Low
9719,Casual Learner,Operating Systems,2,26,66,8,67,331,3,10,Intermediate,Database Systems,Medium
9720,Casual Learner,DSA,2,29,59,4,62,352,2,10,Intermediate,Object-Oriented Programming,Medium
9721,Consistent Learner,Database,3,38,87,11,81,626,5,58,Intermediate,Machine Learning,Low
9722,Casual Learner,DSA,2,16,55,4,70,248,3,9,Intermediate,Data Structures,Medium
9723,Casual Learner,Machine Learning,2,35,58,7,70,318,3,11,Intermediate,Database Systems,Medium
9724,Consistent Learner,DSA,4,55,75,11,79,410,6,29,Intermediate,Data Structures,Low
9725,Casual Learner,Programming,3,32,69,6,71,218,2,6,Intermediate,Database Systems,Medium
9726,Consistent Learner,Computer Networks,3,43,80,10,87,692,5,33,Intermediate,Machine Learning,Low
9727,High Achiever,Machine Learning,5,63,91,14,92,1000,7,89,Advanced,Advanced Algorithms,Low
9728,Casual Learner,Operating Systems,2,34,52,4,63,379,2,23,Intermediate,Object-Oriented Programming,Medium
9729,Casual Learner,Operating Systems,3,19,63,8,68,209,2,7,Intermediate,Database Systems,Medium
9730,Casual Learner,DSA,3,35,63,7,60,239,4,5,Intermediate,Web Development,Medium
9731,High Achiever,DSA,4,70,91,20,95,746,6,69,Advanced,Deep Learning,Low
9732,Struggling Student,Operating Systems,1,8,42,4,54,137,1,2,Beginner,Programming Fundamentals,High
9733,High Achiever,Computer Networks,4,78,98,19,100,1023,6,101,Advanced,Machine Learning,Low
9734,Casual Learner,Web Development,2,27,72,7,63,250,4,25,Intermediate,Web Development,Medium
9735,Struggling Student,Programming,2,16,27,3,41,149,1,1,Beginner,Programming Fundamentals,High
9736,Casual Learner,DSA,3,26,66,5,62,388,2,18,Intermediate,Object-Oriented Programming,Medium
9737,Struggling Student,DSA,1,11,44,6,49,64,2,7,Beginner,Programming Basics,High
9738,Struggling Student,Database,1,13,42,6,45,139,1,4,Beginner,Programming Basics,High
9739,Inactive Student,Machine Learning,1,3,0,2,3,37,0,1,Beginner,Introduction to C++,High
9740,Inactive Student,Web Development,1,2,20,0,35,23,1,0,Beginner,Introduction to C++,High
9741,Consistent Learner,Database,4,41,77,13,76,418,5,29,Intermediate,Computer Networks,Low
9742,Inactive Student,Database,1,3,10,2,23,6,0,1,Beginner,Programming Fundamentals,High
9743,Casual Learner,DSA,3,25,58,6,62,252,2,5,Intermediate,Object-Oriented Programming,Medium
9744,Consistent Learner,Computer Networks,4,46,79,11,83,605,6,47,Intermediate,Algorithms,Low
9745,Casual Learner,Web Development,3,32,60,6,70,374,3,18,Intermediate,Data Structures,Medium
9746,Consistent Learner,Web Development,3,49,87,9,75,478,6,44,Intermediate,Database Systems,Low
9747,High Achiever,Machine Learning,4,58,98,16,97,889,6,91,Advanced,Deep Learning,Low
9748,Struggling Student,Operating Systems,2,14,46,6,53,89,1,8,Beginner,Programming Fundamentals,High
9749,High Achiever,Machine Learning,5,74,98,20,98,791,6,84,Advanced,Machine Learning,Low
9750,Casual Learner,Computer Networks,2,33,61,8,72,195,3,5,Intermediate,Database Systems,Medium
9751,Inactive Student,Machine Learning,1,0,9,2,29,37,0,0,Beginner,Programming Basics,High
9752,Consistent Learner,Database,4,45,81,12,76,699,4,43,Intermediate,Computer Networks,Low
9753,Casual Learner,Database,2,19,66,8,63,371,2,13,Intermediate,Object-Oriented Programming,Medium
9754,Struggling Student,Programming,1,14,34,6,45,135,1,7,Beginner,Programming Basics,High
9755,Consistent Learner,Database,3,44,75,13,81,527,5,33,Intermediate,Algorithms,Low
9756,Consistent Learner,Machine Learning,3,51,80,12,89,492,4,54,Intermediate,Operating Systems,Low
9757,Consistent Learner,Operating Systems,4,47,88,10,84,671,5,28,Intermediate,Algorithms,Low
9758,High Achiever,Computer Networks,5,61,96,17,96,720,6,41,Advanced,Advanced Algorithms,Low
9759,Struggling Student,Machine Learning,1,11,37,4,57,145,2,2,Beginner,Introduction to C++,High
9760,Consistent Learner,Computer Networks,3,37,88,14,81,503,4,56,Intermediate,Machine Learning,Low
9761,Consistent Learner,Computer Networks,3,36,87,12,82,647,5,48,Intermediate,Operating Systems,Low
9762,High Achiever,Operating Systems,4,66,100,13,97,1001,7,62,Advanced,Advanced Algorithms,Low
9763,High Achiever,Programming,5,74,95,18,97,851,7,116,Advanced,Deep Learning,Low
9764,Consistent Learner,Computer Networks,3,44,85,8,90,511,5,43,Intermediate,Machine Learning,Low
9765,Struggling Student,Operating Systems,2,17,29,3,49,103,1,1,Beginner,Programming Basics,High
9766,Inactive Student,Operating Systems,1,0,7,1,35,9,0,0,Beginner,Introduction to C++,High
9767,Casual Learner,DSA,2,20,66,4,65,321,4,19,Intermediate,Web Development,Medium
9768,Consistent Learner,DSA,4,38,78,11,82,625,4,49,Intermediate,Operating Systems,Low
9769,Consistent Learner,Machine Learning,4,45,87,13,80,684,5,50,Intermediate,Machine Learning,Low
9770,Consistent Learner,Programming,3,48,83,11,87,434,4,41,Intermediate,Algorithms,Low
9771,Struggling Student,Operating Systems,1,18,43,5,49,150,1,4,Beginner,Programming Fundamentals,High
9772,Casual Learner,Computer Networks,2,34,50,7,71,192,3,12,Intermediate,Computer Networks,Medium
9773,Consistent Learner,Database,4,35,83,11,79,673,4,41,Intermediate,Computer Networks,Low
9774,Consistent Learner,DSA,4,51,82,8,78,455,6,46,Intermediate,Computer Networks,Low
9775,High Achiever,Web Development,5,57,96,18,96,1105,6,71,Advanced,Deep Learning,Low
9776,Struggling Student,Web Development,2,8,45,2,43,132,2,3,Beginner,Programming Fundamentals,High
9777,Inactive Student,Programming,1,4,7,0,26,2,1,1,Beginner,Introduction to C++,High
9778,Struggling Student,Database,1,13,43,5,57,114,1,6,Beginner,Programming Fundamentals,High
9779,Consistent Learner,Web Development,4,39,87,11,86,422,4,40,Intermediate,Machine Learning,Low
9780,Inactive Student,Machine Learning,1,4,1,2,21,13,0,0,Beginner,Introduction to C++,High
9781,Consistent Learner,Database,4,44,90,14,87,627,4,39,Intermediate,Algorithms,Low
9782,Consistent Learner,Programming,3,44,83,14,85,667,6,23,Intermediate,Algorithms,Low
9783,Struggling Student,Computer Networks,2,17,21,3,48,63,1,5,Beginner,Programming Fundamentals,High
9784,Inactive Student,Operating Systems,1,4,15,2,34,30,1,2,Beginner,Programming Basics,High
9785,Inactive Student,Machine Learning,1,5,12,2,27,31,0,1,Beginner,Programming Fundamentals,High
9786,High Achiever,Web Development,5,72,90,13,93,1035,7,52,Advanced,Machine Learning,Low
9787,Inactive Student,Computer Networks,1,0,17,1,9,23,0,1,Beginner,Introduction to C++,High
9788,High Achiever,Operating Systems,4,70,99,17,96,988,6,48,Advanced,Advanced Algorithms,Low
9789,High Achiever,Web Development,5,73,95,14,89,844,7,59,Advanced,Algorithms,Low
9790,Casual Learner,Operating Systems,3,35,74,8,63,381,3,20,Intermediate,Database Systems,Medium
9791,Struggling Student,Web Development,2,16,21,2,54,76,1,4,Beginner,Programming Basics,High
9792,Struggling Student,DSA,2,17,44,6,51,162,2,3,Beginner,Programming Fundamentals,High
9793,Casual Learner,Machine Learning,3,35,69,7,63,216,2,15,Intermediate,Database Systems,Medium
9794,Casual Learner,Database,2,35,59,8,72,320,2,14,Intermediate,Computer Networks,Medium
9795,Casual Learner,Operating Systems,3,15,69,6,64,358,2,17,Intermediate,Web Development,Medium
9796,Casual Learner,DSA,2,29,65,7,74,390,4,19,Intermediate,Database Systems,Medium
9797,High Achiever,Web Development,5,74,93,12,98,714,7,55,Advanced,Advanced Algorithms,Low
9798,Casual Learner,Machine Learning,3,24,58,6,62,349,4,20,Intermediate,Object-Oriented Programming,Medium
9799,Consistent Learner,DSA,4,51,90,9,82,438,4,41,Intermediate,Operating Systems,Low
9800,Struggling Student,DSA,1,6,27,2,47,95,2,5,Beginner,Programming Basics,High
9801,Inactive Student,Web Development,1,2,18,2,13,20,0,1,Beginner,Programming Fundamentals,High
9802,High Achiever,DSA,5,55,91,12,92,1173,6,97,Advanced,Deep Learning,Low
9803,Consistent Learner,Machine Learning,3,38,80,11,88,518,5,60,Intermediate,Operating Systems,Low
9804,Consistent Learner,Machine Learning,3,45,75,13,84,470,5,24,Intermediate,Machine Learning,Low
9805,Consistent Learner,Operating Systems,3,43,81,8,76,537,6,21,Intermediate,Database Systems,Low
9806,Consistent Learner,Machine Learning,4,55,84,11,85,694,5,25,Intermediate,Operating Systems,Low
9807,Consistent Learner,Operating Systems,4,38,83,8,81,567,5,36,Intermediate,Algorithms,Low
9808,Struggling Student,Web Development,1,5,30,3,45,105,2,5,Beginner,Programming Fundamentals,High
9809,Struggling Student,Machine Learning,2,6,25,2,40,113,1,6,Beginner,Introduction to C++,High
9810,Casual Learner,Machine Learning,3,32,56,6,62,227,4,19,Intermediate,Object-Oriented Programming,Medium
9811,Casual Learner,DSA,3,26,65,5,60,294,2,8,Intermediate,Object-Oriented Programming,Medium
9812,Inactive Student,Database,1,5,4,2,38,24,1,1,Beginner,Programming Fundamentals,High
9813,Consistent Learner,Web Development,3,41,84,8,89,479,6,20,Intermediate,Machine Learning,Low
9814,High Achiever,Computer Networks,5,66,97,20,92,897,7,88,Advanced,Machine Learning,Low
9815,Struggling Student,Programming,1,6,24,4,41,73,1,3,Beginner,Introduction to C++,High
9816,Consistent Learner,Web Development,3,42,89,12,86,426,4,48,Intermediate,Machine Learning,Low
9817,Consistent Learner,DSA,4,46,83,12,80,421,6,44,Intermediate,Machine Learning,Low
9818,Struggling Student,Programming,1,14,27,3,60,158,2,5,Beginner,Object-Oriented Programming,High
9819,Casual Learner,Database,2,25,57,5,75,287,2,25,Intermediate,Computer Networks,Medium
9820,Consistent Learner,Computer Networks,4,37,83,13,79,509,5,23,Intermediate,Database Systems,Low
9821,Struggling Student,Database,2,6,26,2,47,172,2,4,Beginner,Programming Fundamentals,High
9822,Inactive Student,Web Development,1,0,2,0,23,44,1,1,Beginner,Introduction to C++,High
9823,Inactive Student,Computer Networks,1,5,10,0,10,40,1,1,Beginner,Programming Fundamentals,High
9824,Struggling Student,Machine Learning,1,17,49,2,42,74,1,2,Beginner,Programming Fundamentals,High
9825,Consistent Learner,Programming,4,40,85,12,82,422,6,29,Intermediate,Algorithms,Low
9826,High Achiever,Machine Learning,4,76,90,20,95,1156,7,115,Advanced,Advanced Algorithms,Low
9827,Inactive Student,Machine Learning,1,3,9,1,26,15,1,1,Beginner,Programming Fundamentals,High
9828,Casual Learner,DSA,3,20,73,8,67,195,2,23,Intermediate,Object-Oriented Programming,Medium
9829,Struggling Student,Web Development,1,8,37,5,60,73,2,1,Beginner,Object-Oriented Programming,High
9830,Consistent Learner,Web Development,4,39,77,11,80,639,5,24,Intermediate,Algorithms,Low
9831,Struggling Student,Computer Networks,1,18,41,2,57,159,1,3,Beginner,Introduction to C++,High
9832,Struggling Student,Programming,1,6,26,6,46,66,1,4,Beginner,Programming Fundamentals,High
9833,Struggling Student,DSA,2,11,24,3,53,171,2,3,Beginner,Introduction to C++,High
9834,High Achiever,Programming,4,70,94,14,93,1015,6,76,Advanced,Advanced Algorithms,Low
9835,Consistent Learner,Web Development,3,52,81,14,82,508,5,50,Intermediate,Algorithms,Low
9836,Casual Learner,DSA,2,34,71,8,71,383,3,5,Intermediate,Database Systems,Medium
9837,High Achiever,Operating Systems,5,75,94,12,96,1023,7,103,Advanced,Deep Learning,Low
9838,Inactive Student,Computer Networks,1,0,0,0,9,28,1,2,Beginner,Introduction to C++,High
9839,Casual Learner,Machine Learning,3,32,65,7,63,210,3,13,Intermediate,Web Development,Medium
9840,High Achiever,Database,4,78,98,18,94,870,6,90,Advanced,Advanced Algorithms,Low
9841,Casual Learner,Web Development,2,16,64,5,74,213,3,16,Intermediate,Database Systems,Medium
9842,Casual Learner,Programming,2,34,53,5,62,382,2,12,Intermediate,Web Development,Medium
9843,Consistent Learner,Programming,4,53,80,14,90,545,5,28,Intermediate,Machine Learning,Low
9844,Inactive Student,DSA,1,1,10,1,19,24,0,2,Beginner,Introduction to C++,High
9845,Struggling Student,DSA,1,11,33,6,43,136,2,7,Beginner,Programming Fundamentals,High
9846,Consistent Learner,DSA,3,40,84,8,85,687,5,37,Intermediate,Operating Systems,Low
9847,Casual Learner,Computer Networks,3,32,71,6,74,207,4,17,Intermediate,Database Systems,Medium
9848,Consistent Learner,Web Development,4,51,86,13,88,556,6,55,Intermediate,Algorithms,Low
9849,Struggling Student,Computer Networks,1,14,45,6,56,136,1,2,Beginner,Introduction to C++,High
9850,Consistent Learner,Computer Networks,4,44,76,14,81,510,6,42,Intermediate,Operating Systems,Low
9851,Consistent Learner,DSA,4,44,76,12,86,691,5,40,Intermediate,Algorithms,Low
9852,Consistent Learner,Operating Systems,4,49,79,13,80,687,4,44,Intermediate,Algorithms,Low
9853,Struggling Student,Database,2,5,30,3,52,117,1,7,Beginner,Programming Fundamentals,High
9854,Casual Learner,Machine Learning,2,34,65,7,74,366,4,12,Intermediate,Data Structures,Medium
9855,Consistent Learner,Programming,3,43,90,14,86,618,4,40,Intermediate,Operating Systems,Low
9856,Struggling Student,Computer Networks,1,18,21,5,50,68,2,8,Beginner,Programming Basics,High
9857,Struggling Student,DSA,2,15,41,2,59,158,1,6,Beginner,Programming Basics,High
9858,Consistent Learner,Web Development,3,53,87,9,85,620,6,22,Intermediate,Machine Learning,Low
9859,Casual Learner,Web Development,2,26,63,7,71,252,4,8,Intermediate,Computer Networks,Medium
9860,Struggling Student,Programming,1,17,40,2,55,66,2,3,Beginner,Programming Fundamentals,High
9861,High Achiever,Programming,5,68,94,15,98,1083,7,44,Advanced,Deep Learning,Low
9862,Casual Learner,DSA,3,29,72,6,60,303,4,7,Intermediate,Object-Oriented Programming,Medium
9863,Casual Learner,Computer Networks,2,26,67,8,75,207,2,9,Intermediate,Computer Networks,Medium
9864,Struggling Student,Operating Systems,2,10,28,3,60,126,1,1,Beginner,Database Systems,High
9865,Consistent Learner,Database,3,51,79,13,84,505,4,40,Intermediate,Algorithms,Low
9866,Consistent Learner,Machine Learning,3,53,77,11,81,422,4,55,Intermediate,Machine Learning,Low
9867,Struggling Student,Computer Networks,2,13,34,6,55,160,1,5,Beginner,Programming Basics,High
9868,Struggling Student,Web Development,2,7,39,6,48,86,1,2,Beginner,Introduction to C++,High
9869,Inactive Student,Operating Systems,1,4,13,1,40,34,0,2,Beginner,Programming Basics,High
9870,Struggling Student,DSA,1,15,48,5,47,154,1,8,Beginner,Programming Basics,High
9871,Inactive Student,DSA,1,2,17,1,26,30,1,2,Beginner,Introduction to C++,High
9872,Inactive Student,Computer Networks,1,4,19,0,40,3,1,1,Beginner,Programming Fundamentals,High
9873,Casual Learner,Web Development,3,29,75,8,64,305,2,21,Intermediate,Database Systems,Medium
9874,Consistent Learner,Computer Networks,3,47,87,14,86,428,5,34,Intermediate,Machine Learning,Low
9875,Struggling Student,Machine Learning,2,11,33,2,60,73,2,8,Beginner,Object-Oriented Programming,High
9876,Casual Learner,DSA,2,20,75,6,64,326,4,7,Intermediate,Object-Oriented Programming,Medium
9877,Casual Learner,DSA,2,19,72,7,64,365,4,16,Intermediate,Database Systems,Medium
9878,Consistent Learner,DSA,4,40,85,10,84,671,4,27,Intermediate,Machine Learning,Low
9879,Struggling Student,DSA,1,14,26,2,43,72,2,7,Beginner,Programming Fundamentals,High
9880,Struggling Student,Programming,2,10,46,2,57,105,2,2,Beginner,Programming Basics,High
9881,Inactive Student,Database,1,5,17,1,27,35,0,2,Beginner,Programming Basics,High
9882,High Achiever,Web Development,4,58,94,15,95,936,6,53,Advanced,Deep Learning,Low
9883,Consistent Learner,Machine Learning,3,35,84,14,84,606,4,40,Intermediate,Operating Systems,Low
9884,Consistent Learner,Programming,3,36,78,11,80,428,5,50,Intermediate,Algorithms,Low
9885,Consistent Learner,Web Development,4,39,90,10,81,512,4,41,Intermediate,Machine Learning,Low
9886,Consistent Learner,DSA,3,53,84,11,75,462,4,52,Intermediate,Computer Networks,Low
9887,Casual Learner,Database,3,20,74,8,72,359,4,25,Intermediate,Data Structures,Medium
9888,Consistent Learner,Machine Learning,4,50,80,11,90,425,5,31,Intermediate,Deep Learning,Low
9889,Casual Learner,Machine Learning,3,22,56,5,62,362,3,24,Intermediate,Database Systems,Medium
9890,Casual Learner,Programming,3,32,57,8,73,398,4,16,Intermediate,Database Systems,Medium
9891,Casual Learner,Machine Learning,2,35,56,6,69,281,4,17,Intermediate,Web Development,Medium
9892,Consistent Learner,DSA,3,51,89,10,82,526,6,45,Intermediate,Operating Systems,Low
9893,Casual Learner,Programming,2,16,55,6,72,352,4,23,Intermediate,Computer Networks,Medium
9894,Consistent Learner,Machine Learning,4,48,89,14,77,545,5,53,Intermediate,Computer Networks,Low
9895,Casual Learner,Web Development,2,19,64,7,70,249,2,15,Intermediate,Database Systems,Medium
9896,Consistent Learner,Programming,3,43,83,8,81,602,4,55,Intermediate,Operating Systems,Low
9897,Casual Learner,Database,3,24,58,7,64,316,4,24,Intermediate,Database Systems,Medium
9898,High Achiever,DSA,5,71,99,20,89,773,6,52,Advanced,Operating Systems,Low
9899,Casual Learner,Machine Learning,3,22,56,8,65,395,4,16,Intermediate,Database Systems,Medium
9900,Casual Learner,Computer Networks,3,26,50,8,71,349,4,9,Intermediate,Database Systems,Medium
9901,Struggling Student,DSA,1,18,36,2,41,176,1,1,Beginner,Programming Basics,High
9902,Casual Learner,Programming,2,29,58,4,65,290,4,6,Intermediate,Object-Oriented Programming,Medium
9903,Struggling Student,Programming,1,8,22,3,56,65,2,3,Beginner,Programming Fundamentals,High
9904,Struggling Student,Machine Learning,2,17,40,4,54,92,2,3,Beginner,Programming Basics,High
9905,Casual Learner,Operating Systems,3,24,51,7,72,242,4,17,Intermediate,Data Structures,Medium
9906,Casual Learner,Machine Learning,3,22,58,6,71,260,3,20,Intermediate,Data Structures,Medium
9907,Casual Learner,Programming,3,31,51,6,69,181,3,8,Intermediate,Object-Oriented Programming,Medium
9908,Casual Learner,Machine Learning,3,33,50,4,62,305,4,18,Intermediate,Object-Oriented Programming,Medium
9909,High Achiever,Database,5,62,91,16,93,1044,6,69,Advanced,Advanced Algorithms,Low
9910,Consistent Learner,Database,3,41,86,9,85,500,4,29,Intermediate,Algorithms,Low
9911,Casual Learner,Computer Networks,2,20,71,7,69,335,4,12,Intermediate,Web Development,Medium
9912,High Achiever,Machine Learning,4,55,91,13,90,962,7,46,Advanced,Machine Learning,Low
9913,Struggling Student,Web Development,1,18,27,4,48,110,2,8,Beginner,Programming Fundamentals,High
9914,Inactive Student,Computer Networks,1,4,20,1,10,48,1,2,Beginner,Programming Fundamentals,High
9915,Inactive Student,Programming,1,4,5,1,32,5,1,1,Beginner,Programming Basics,High
9916,Consistent Learner,DSA,3,53,88,12,76,543,6,24,Intermediate,Computer Networks,Low
9917,Casual Learner,Programming,3,15,70,4,63,275,4,8,Intermediate,Web Development,Medium
9918,Struggling Student,Web Development,1,17,34,4,48,88,2,8,Beginner,Programming Fundamentals,High
9919,Struggling Student,Operating Systems,1,6,46,5,46,131,1,5,Beginner,Introduction to C++,High
9920,Consistent Learner,Database,4,55,84,13,80,408,4,37,Intermediate,Machine Learning,Low
9921,Casual Learner,Operating Systems,2,31,73,6,71,216,4,15,Intermediate,Data Structures,Medium
9922,Inactive Student,Computer Networks,1,4,5,1,8,44,0,2,Beginner,Programming Fundamentals,High
9923,High Achiever,DSA,5,72,94,15,90,1026,6,64,Advanced,Advanced Algorithms,Low
9924,Inactive Student,Web Development,1,4,1,1,31,8,0,1,Beginner,Introduction to C++,High
9925,High Achiever,Database,5,62,93,14,95,965,7,81,Advanced,Advanced Algorithms,Low
9926,Consistent Learner,Database,3,48,90,10,85,477,5,51,Intermediate,Algorithms,Low
9927,Consistent Learner,Machine Learning,3,46,90,11,83,410,4,45,Intermediate,Operating Systems,Low
9928,Casual Learner,Web Development,2,18,75,7,69,250,4,9,Intermediate,Web Development,Medium
9929,Consistent Learner,Computer Networks,4,35,77,14,84,435,5,43,Intermediate,Algorithms,Low
9930,Struggling Student,Operating Systems,2,17,50,2,54,122,2,8,Beginner,Programming Fundamentals,High
9931,Struggling Student,Programming,1,8,46,4,60,147,2,7,Beginner,Database Systems,High
9932,Consistent Learner,Machine Learning,3,53,77,8,88,523,4,34,Intermediate,Machine Learning,Low
9933,Struggling Student,DSA,2,8,34,6,53,87,1,8,Beginner,Programming Basics,High
9934,High Achiever,Computer Networks,4,79,100,13,98,1086,7,111,Advanced,Advanced Algorithms,Low
9935,Inactive Student,Web Development,1,4,1,0,15,42,0,0,Beginner,Programming Basics,High
9936,Casual Learner,Machine Learning,3,32,62,6,62,389,3,6,Intermediate,Database Systems,Medium
9937,Casual Learner,Programming,2,16,65,4,69,287,2,8,Intermediate,Object-Oriented Programming,Medium
9938,Casual Learner,Database,3,20,58,6,62,376,2,25,Intermediate,Object-Oriented Programming,Medium
9939,Struggling Student,Machine Learning,2,16,27,2,46,164,1,1,Beginner,Introduction to C++,High
9940,Struggling Student,Operating Systems,2,17,37,2,49,154,2,2,Beginner,Programming Basics,High
9941,Casual Learner,Computer Networks,3,23,57,5,72,395,2,8,Intermediate,Database Systems,Medium
9942,Consistent Learner,DSA,3,55,79,10,83,495,6,41,Intermediate,Algorithms,Low
9943,Inactive Student,Database,1,1,17,1,6,2,0,1,Beginner,Programming Basics,High
9944,Casual Learner,Database,2,27,50,7,73,274,4,13,Intermediate,Computer Networks,Medium
9945,Inactive Student,Programming,1,0,7,2,0,39,1,0,Beginner,Introduction to C++,High
9946,Casual Learner,Programming,2,34,74,6,65,221,4,16,Intermediate,Object-Oriented Programming,Medium
9947,Consistent Learner,Database,3,42,75,13,75,598,4,34,Intermediate,Data Structures,Low
9948,Inactive Student,Programming,1,2,14,2,8,60,1,1,Beginner,Programming Basics,High
9949,Consistent Learner,Database,4,41,84,11,85,474,6,47,Intermediate,Machine Learning,Low
9950,Struggling Student,Computer Networks,2,14,39,6,56,91,2,2,Beginner,Programming Fundamentals,High
9951,Casual Learner,Web Development,3,22,64,7,72,183,3,10,Intermediate,Database Systems,Medium
9952,Casual Learner,Operating Systems,3,30,55,6,70,295,3,13,Intermediate,Data Structures,Medium
9953,Struggling Student,Database,1,14,32,5,41,127,2,1,Beginner,Introduction to C++,High
9954,Casual Learner,Machine Learning,3,15,70,4,71,202,3,23,Intermediate,Database Systems,Medium
9955,Inactive Student,Web Development,1,1,12,2,38,18,1,1,Beginner,Programming Basics,High
9956,Casual Learner,Computer Networks,2,22,59,8,66,362,2,17,Intermediate,Database Systems,Medium
9957,Consistent Learner,Computer Networks,3,55,81,14,78,400,6,32,Intermediate,Computer Networks,Low
9958,Struggling Student,Machine Learning,1,14,31,5,46,118,2,4,Beginner,Programming Fundamentals,High
9959,Struggling Student,Operating Systems,2,13,38,6,57,158,1,2,Beginner,Programming Fundamentals,High
9960,Inactive Student,DSA,1,1,6,0,16,8,0,0,Beginner,Programming Fundamentals,High
9961,Struggling Student,DSA,2,8,28,2,48,172,2,5,Beginner,Programming Fundamentals,High
9962,Consistent Learner,Operating Systems,4,39,77,14,77,463,4,40,Intermediate,Computer Networks,Low
9963,Consistent Learner,Operating Systems,4,49,86,11,78,463,4,59,Intermediate,Data Structures,Low
9964,Struggling Student,DSA,1,6,38,3,52,177,1,4,Beginner,Programming Fundamentals,High
9965,Consistent Learner,Web Development,4,50,90,12,90,652,6,44,Intermediate,Machine Learning,Low
9966,Consistent Learner,Operating Systems,4,46,78,14,83,481,5,26,Intermediate,Algorithms,Low
9967,High Achiever,Machine Learning,5,74,90,12,92,743,6,120,Advanced,Machine Learning,Low
9968,Casual Learner,Operating Systems,2,16,63,7,73,202,2,10,Intermediate,Data Structures,Medium
9969,High Achiever,Computer Networks,5,63,95,13,98,1104,6,73,Advanced,Deep Learning,Low
9970,Casual Learner,Programming,2,18,52,4,72,193,2,12,Intermediate,Data Structures,Medium
9971,Struggling Student,Machine Learning,2,14,35,3,55,65,2,2,Beginner,Programming Basics,High
9972,Struggling Student,Database,2,10,23,6,51,176,1,4,Beginner,Programming Fundamentals,High
9973,High Achiever,Computer Networks,4,68,96,17,88,1008,6,55,Advanced,Machine Learning,Low
9974,Casual Learner,Computer Networks,2,35,72,6,73,325,4,14,Intermediate,Computer Networks,Medium
9975,Struggling Student,Programming,2,10,34,6,57,95,2,2,Beginner,Introduction to C++,High
9976,Casual Learner,Database,2,20,50,4,68,400,4,16,Intermediate,Web Development,Medium
9977,Struggling Student,Database,1,16,37,4,47,164,2,6,Beginner,Introduction to C++,High
9978,Inactive Student,Computer Networks,1,2,17,1,39,30,1,1,Beginner,Programming Basics,High
9979,High Achiever,Web Development,4,57,97,16,93,1143,7,53,Advanced,Advanced Algorithms,Low
9980,Casual Learner,Programming,2,15,61,6,61,248,4,11,Intermediate,Database Systems,Medium
9981,Consistent Learner,Computer Networks,4,48,79,10,84,434,4,30,Intermediate,Algorithms,Low
9982,Consistent Learner,Web Development,3,50,90,12,77,687,6,38,Intermediate,Data Structures,Low
9983,Inactive Student,Computer Networks,1,1,19,1,28,46,1,1,Beginner,Introduction to C++,High
9984,Struggling Student,Programming,2,9,35,5,55,93,2,6,Beginner,Programming Basics,High
9985,High Achiever,Operating Systems,5,70,98,14,91,918,6,103,Advanced,Advanced Algorithms,Low
9986,Casual Learner,Database,2,35,56,7,69,190,3,25,Intermediate,Object-Oriented Programming,Medium
9987,Casual Learner,Programming,3,26,65,5,65,217,4,11,Intermediate,Database Systems,Medium
9988,High Achiever,Machine Learning,4,64,92,12,98,1099,6,56,Advanced,Advanced Algorithms,Low
9989,Casual Learner,DSA,3,15,56,7,65,303,4,15,Intermediate,Database Systems,Medium
9990,Consistent Learner,Database,3,39,84,9,82,474,5,49,Intermediate,Machine Learning,Low
9991,Struggling Student,Operating Systems,1,18,42,2,56,77,2,1,Beginner,Introduction to C++,High
9992,Consistent Learner,Operating Systems,3,49,81,8,78,623,4,25,Intermediate,Computer Networks,Low
9993,Struggling Student,Database,1,17,26,5,41,85,2,1,Beginner,Programming Fundamentals,High
9994,High Achiever,Machine Learning,4,66,97,17,99,968,7,114,Advanced,Advanced Algorithms,Low
9995,Casual Learner,Computer Networks,3,35,55,8,62,384,2,23,Intermediate,Object-Oriented Programming,Medium
9996,High Achiever,Machine Learning,4,71,99,18,91,886,7,63,Advanced,Machine Learning,Low
9997,High Achiever,DSA,5,71,96,14,94,959,7,42,Advanced,Machine Learning,Low
9998,Struggling Student,Database,1,9,28,6,52,143,1,2,Beginner,Programming Basics,High
9999,High Achiever,Computer Networks,4,59,99,12,88,724,7,61,Advanced,Algorithms,Low
10000,Casual Learner,Computer Networks,2,34,62,4,75,229,2,8,Intermediate,Data Structures,Medium
